id,verifiable,label,claim,evidence,claim_clean,claim_norm
214861,VERIFIABLE,SUPPORTS,"History of art includes architecture, dance, sculpture, music, painting, poetry literature, theatre, narrative, film, photography and graphic arts.","[[[255136, 254645, 'History_of_art', 2]]]","History of art includes architecture, dance, sculpture, music, painting, poetry literature, theatre, narrative, film, photography and graphic arts.","history of art includes architecture, dance, sculpture, music, painting, poetry literature, theatre, narrative, film, photography and graphic arts."
199009,VERIFIABLE,REFUTES,International Relations only includes the entertainment industry.,"[[[233987, 236887, 'International_relations', 0]], [[233987, 236888, 'International_relations', 1]], [[233987, 236889, 'International_relations', 2]], [[233987, 236890, 'International_relations', 9]], [[233987, 236891, 'International_relations', 10]]]",International Relations only includes the entertainment industry.,international relations only includes the entertainment industry.
108999,NOT VERIFIABLE,NOT ENOUGH INFO,"Today, elephants are rewarded for entertainment in circuses.","[[[127870, None, None, None]]]","Today, elephants are rewarded for entertainment in circuses.","today, elephants are rewarded for entertainment in circuses."
188166,VERIFIABLE,SUPPORTS,Escape from Planet Earth is an American film.,"[[[219580, 225560, 'Escape_from_Planet_Earth', 0]], [[219581, 225561, 'Escape_from_Planet_Earth', 0]]]",Escape from Planet Earth is an American film.,escape from planet earth is an american film.
226368,VERIFIABLE,REFUTES,Gift of the Night Fury only stars the voices of actors and actresses born in October.,"[[[269885, 266059, 'Gift_of_the_Night_Fury', 6], [269885, 266059, 'Jay_Baruchel', 0]]]",Gift of the Night Fury only stars the voices of actors and actresses born in October.,gift of the night fury only stars the voices of actors and actresses born in october.
81758,VERIFIABLE,REFUTES,Doctor Who was written by the Ancient Greeks.,"[[[98830, 111915, 'Doctor_Who_-LRB-series_10-RRB-', 1], [98830, 111915, 'Steven_Moffat', 0]], [[98830, 111916, 'Doctor_Who_-LRB-series_10-RRB-', 2]]]",Doctor Who was written by the Ancient Greeks.,doctor who was written by the ancient greeks.
46354,VERIFIABLE,REFUTES,Rogue appears in Canadian comic books.,"[[[62708, 73365, 'Rogue_-LRB-comics-RRB-', 0]]]",Rogue appears in Canadian comic books.,rogue appears in canadian comic books.
186135,NOT VERIFIABLE,NOT ENOUGH INFO,There are zero bodies of water in Ontario.,"[[[217057, None, None, None]]]",There are zero bodies of water in Ontario.,there are zero bodies of water in ontario.
7068,VERIFIABLE,SUPPORTS,In the Heart of the Sea was released in cinemas.,"[[[23983, 29689, 'In_the_Heart_of_the_Sea_-LRB-film-RRB-', 5]]]",In the Heart of the Sea was released in cinemas.,in the heart of the sea was released in cinemas.
83754,NOT VERIFIABLE,NOT ENOUGH INFO,Water only occurs artificially.,"[[[100783, None, None, None]]]",Water only occurs artificially.,water only occurs artificially.
179647,NOT VERIFIABLE,NOT ENOUGH INFO,Michael Giacchino composed the score for Dunkirk.,"[[[208493, None, None, None]]]",Michael Giacchino composed the score for Dunkirk.,michael giacchino composed the score for dunkirk.
65292,VERIFIABLE,SUPPORTS,The Catalyst is a rock song.,"[[[81833, 93599, 'The_Catalyst', 0]], [[81833, 93600, 'The_Catalyst', 1], [81833, 93600, 'A_Thousand_Suns', 14], [81833, 93600, 'A_Thousand_Suns', 15], [81833, 93600, 'A_Thousand_Suns', 0]], [[81833, 93601, 'The_Catalyst', 11]]]",The Catalyst is a rock song.,the catalyst is a rock song.
199127,NOT VERIFIABLE,NOT ENOUGH INFO,International Relations includes the U.N.,"[[[234122, None, None, None]]]",International Relations includes the U.N.,international relations includes the u.n.
228874,NOT VERIFIABLE,NOT ENOUGH INFO,Drama school offers a Ph.D.,"[[[273079, None, None, None]]]",Drama school offers a Ph.D.,drama school offers a ph.d.
209517,VERIFIABLE,SUPPORTS,Sleep can be disrupted by medical conditions.,"[[[248057, 248318, 'Sleep', 13]]]",Sleep can be disrupted by medical conditions.,sleep can be disrupted by medical conditions.
54144,VERIFIABLE,SUPPORTS,Peter Cetera was an artist.,"[[[70455, 81323, 'Peter_Cetera', 0]], [[70455, 81324, 'Peter_Cetera', 1]]]",Peter Cetera was an artist.,peter cetera was an artist.
77263,VERIFIABLE,REFUTES,Ethiopia is a state.,"[[[94302, 107299, 'Ethiopia', 0]]]",Ethiopia is a state.,ethiopia is a state.
125616,NOT VERIFIABLE,NOT ENOUGH INFO,Sriti Jha retired from acting in 2010.,"[[[147368, None, None, None]]]",Sriti Jha retired from acting in 2010.,sriti jha retired from acting in 2010.
129594,NOT VERIFIABLE,NOT ENOUGH INFO,The Boys from Brazil features a corpse.,"[[[151800, None, None, None]]]",The Boys from Brazil features a corpse.,the boys from brazil features a corpse.
224842,NOT VERIFIABLE,NOT ENOUGH INFO,Snoop Dogg is from Maine.,"[[[267913, None, None, None]]]",Snoop Dogg is from Maine.,snoop dogg is from maine.
136567,VERIFIABLE,REFUTES,Janet Varney is a German.,"[[[159225, 173816, 'Janet_Varney', 0]]]",Janet Varney is a German.,janet varney is a german.
228653,VERIFIABLE,SUPPORTS,"How to Lose Friends & Alienate People stars Simon Pegg, Kirsten Dunst, Danny Huston, Gillian Anderson, Megan Fox and Jeff Bridges, alongside Max Minghella and Margo Stilley.","[[[272829, 268507, 'How_to_Lose_Friends_&_Alienate_People_-LRB-film-RRB-', 6]], [[272830, 268508, 'How_to_Lose_Friends_&_Alienate_People_-LRB-film-RRB-', 6]]]","How to Lose Friends & Alienate People stars Simon Pegg, Kirsten Dunst, Danny Huston, Gillian Anderson, Megan Fox and Jeff Bridges, alongside Max Minghella and Margo Stilley.","how to lose friends & alienate people stars simon pegg, kirsten dunst, danny huston, gillian anderson, megan fox and jeff bridges, alongside max minghella and margo stilley."
3190,VERIFIABLE,SUPPORTS,Stagira is the birthplace of Plato.,"[[[19132, 23463, 'Stagira_-LRB-ancient_city-RRB-', 0]]]",Stagira is the birthplace of Plato.,stagira is the birthplace of plato.
220819,NOT VERIFIABLE,NOT ENOUGH INFO,The Royal Tenenbaum stars Dolly Parton.,"[[[262829, None, None, None]]]",The Royal Tenenbaum stars Dolly Parton.,the royal tenenbaum stars dolly parton.
83259,VERIFIABLE,REFUTES,Taylor Kitsch only worked on the 2012 film Savages.,"[[[100312, 113571, 'Taylor_Kitsch', 1]], [[100312, 113572, 'Taylor_Kitsch', 4]]]",Taylor Kitsch only worked on the 2012 film Savages.,taylor kitsch only worked on the 2012 film savages.
73729,NOT VERIFIABLE,NOT ENOUGH INFO,Yeh Dillagi had a cast.,"[[[90515, None, None, None]]]",Yeh Dillagi had a cast.,yeh dillagi had a cast.
30979,VERIFIABLE,SUPPORTS,Elephants have been featured in places.,"[[[47133, 56231, 'Elephant', 33]]]",Elephants have been featured in places.,elephants have been featured in places.
38784,NOT VERIFIABLE,NOT ENOUGH INFO,Minos fathered Persephone.,"[[[55003, None, None, None], [55034, None, None, None]]]",Minos fathered Persephone.,minos fathered persephone.
81684,NOT VERIFIABLE,NOT ENOUGH INFO,Mark Millar has worked on cars.,"[[[98728, None, None, None]]]",Mark Millar has worked on cars.,mark millar has worked on cars.
200786,VERIFIABLE,SUPPORTS,A Song of Ice and Fire is a work.,"[[[236237, 238752, 'A_Song_of_Ice_and_Fire', 0]]]",A Song of Ice and Fire is a work.,a song of ice and fire is a work.
146222,NOT VERIFIABLE,NOT ENOUGH INFO,Tony Blair was leader of the Conservative Party.,"[[[169716, None, None, None]]]",Tony Blair was leader of the Conservative Party.,tony blair was leader of the conservative party.
182775,VERIFIABLE,REFUTES,"Pitch Perfect 3 stars Anna Kendrick, Anna Camp, Rebel Wilson, Brittany Snow, Hailee Steinfeld, Alexis Knapp, Ester Dean, Hana Mae Lee, Chrissie Fit, Kelley Jakle.","[[[212685, 220163, 'Pitch_Perfect_3', 1]]]","Pitch Perfect 3 stars Anna Kendrick, Anna Camp, Rebel Wilson, Brittany Snow, Hailee Steinfeld, Alexis Knapp, Ester Dean, Hana Mae Lee, Chrissie Fit, Kelley Jakle.","pitch perfect 3 stars anna kendrick, anna camp, rebel wilson, brittany snow, hailee steinfeld, alexis knapp, ester dean, hana mae lee, chrissie fit, kelley jakle."
162716,NOT VERIFIABLE,NOT ENOUGH INFO,Patrick Cutrone is a basketball player.,"[[[187265, None, None, None]]]",Patrick Cutrone is a basketball player.,patrick cutrone is a basketball player.
71892,VERIFIABLE,REFUTES,Veronika Decides to Die is written by James Cameron.,"[[[231324, 234834, 'Veronika_Decides_to_Die_-LRB-film-RRB-', 1]], [[232698, 235845, 'Veronika_Decides_to_Die_-LRB-film-RRB-', 1]], [[318396, 307338, 'Veronika_Decides_to_Die_-LRB-film-RRB-', 1]], [[318397, 307339, 'Veronika_Decides_to_Die_-LRB-film-RRB-', 1]]]",Veronika Decides to Die is written by James Cameron.,veronika decides to die is written by james cameron.
5779,VERIFIABLE,REFUTES,Gennady Golovkin is a fencer.,"[[[22478, 27692, 'Gennady_Golovkin', 0]], [[22478, 27693, 'Gennady_Golovkin', 1]], [[22478, 27694, 'Gennady_Golovkin', 18]], [[22478, 27695, 'Gennady_Golovkin', 14]]]",Gennady Golovkin is a fencer.,gennady golovkin is a fencer.
47203,VERIFIABLE,REFUTES,Miss Selfridge began in a corpse.,"[[[64027, 74729, 'Miss_Selfridge', 0]]]",Miss Selfridge began in a corpse.,miss selfridge began in a corpse.
101875,VERIFIABLE,REFUTES,Thor: The Dark World is a movie about a DC comics character.,"[[[119615, 133692, 'Thor-COLON-_The_Dark_World', 0]], [[119615, 133693, 'Thor-COLON-_The_Dark_World', 4], [119615, 133693, 'Thor_-LRB-film-RRB-', 0]]]",Thor: The Dark World is a movie about a DC comics character.,thor: the dark world is a movie about a dc comics character.
7864,NOT VERIFIABLE,NOT ENOUGH INFO,The wendigo is native to dead bodies.,"[[[12864, None, None, None], [12873, None, None, None], [301216, None, None, None]]]",The wendigo is native to dead bodies.,the wendigo is native to dead bodies.
163401,NOT VERIFIABLE,NOT ENOUGH INFO,Ilkhanate contained Poland.,"[[[188107, None, None, None]]]",Ilkhanate contained Poland.,ilkhanate contained poland.
146756,NOT VERIFIABLE,NOT ENOUGH INFO,Veronika Decides to Die is a book.,"[[[170301, None, None, None]]]",Veronika Decides to Die is a book.,veronika decides to die is a book.
110561,VERIFIABLE,SUPPORTS,Reuters only sends out news in English.,"[[[129741, 144465, 'Reuters', 6]]]",Reuters only sends out news in English.,reuters only sends out news in english.
203945,NOT VERIFIABLE,NOT ENOUGH INFO,Laura Linney was on the Titanic.,"[[[240728, None, None, None]]]",Laura Linney was on the Titanic.,laura linney was on the titanic.
148919,VERIFIABLE,REFUTES,Galaxy Quest is a horror movie.,"[[[172586, 185873, 'Galaxy_Quest', 0]]]",Galaxy Quest is a horror movie.,galaxy quest is a horror movie.
91895,VERIFIABLE,REFUTES,Ethiopia is on a cape.,"[[[109354, 123018, 'Ethiopia', 2]]]",Ethiopia is on a cape.,ethiopia is on a cape.
214228,VERIFIABLE,REFUTES,Syria includes only one ethnic group which is Italian.,"[[[254320, 254024, 'Syria', 4]]]",Syria includes only one ethnic group which is Italian.,syria includes only one ethnic group which is italian.
200477,VERIFIABLE,REFUTES,Twilight's first novel has a released companion novel called Midnight Sun.,"[[[235823, 238426, 'Twilight_-LRB-novel_series-RRB-', 3]]]",Twilight's first novel has a released companion novel called Midnight Sun.,twilight's first novel has a released companion novel called midnight sun.
218910,VERIFIABLE,SUPPORTS,Renaissance art involved an artist.,"[[[260284, 258708, 'Renaissance_art', 30], [260284, 258708, 'Masaccio', 0]]]",Renaissance art involved an artist.,renaissance art involved an artist.
226246,NOT VERIFIABLE,NOT ENOUGH INFO,Gift of the Night Fury stars the voice of an actor whose middle name is Brandon.,"[[[269730, None, None, None]]]",Gift of the Night Fury stars the voice of an actor whose middle name is Brandon.,gift of the night fury stars the voice of an actor whose middle name is brandon.
182736,VERIFIABLE,SUPPORTS,"Pitch Perfect 3 stars Anna Kendrick, Anna Camp, Rebel Wilson, Brittany Snow, Hailee Steinfeld, Alexis Knapp, Ester Dean, Hana Mae Lee, Chrissie Fit, Kelley Jakle.","[[[212626, 220108, 'Pitch_Perfect_3', 1]]]","Pitch Perfect 3 stars Anna Kendrick, Anna Camp, Rebel Wilson, Brittany Snow, Hailee Steinfeld, Alexis Knapp, Ester Dean, Hana Mae Lee, Chrissie Fit, Kelley Jakle.","pitch perfect 3 stars anna kendrick, anna camp, rebel wilson, brittany snow, hailee steinfeld, alexis knapp, ester dean, hana mae lee, chrissie fit, kelley jakle."
26564,VERIFIABLE,REFUTES,Missing is a French film.,"[[[42722, 51364, 'Missing_-LRB-film-RRB-', 1]]]",Missing is a French film.,missing is a french film.
74342,VERIFIABLE,REFUTES,"Beverly Hills, 90210 was a non-political or social commentary show.","[[[91122, 103815, 'Beverly_Hills,_90210', 10]]]","Beverly Hills, 90210 was a non-political or social commentary show.","beverly hills, 90210 was a non-political or social commentary show."
200453,VERIFIABLE,REFUTES,Meryl Streep is an award losing actress.,"[[[235818, 238407, 'Meryl_Streep', 1]], [[235818, 238408, 'Meryl_Streep', 2]], [[235818, 238409, 'Meryl_Streep', 3]], [[235818, 238410, 'Meryl_Streep', 13]], [[235818, 238411, 'Meryl_Streep', 16]], [[235818, 238412, 'Meryl_Streep', 17]], [[235818, 238413, 'Meryl_Streep', 19]]]",Meryl Streep is an award losing actress.,meryl streep is an award losing actress.
49453,NOT VERIFIABLE,NOT ENOUGH INFO,Nanotechnology is manipulation of energy.,"[[[65772, None, None, None]]]",Nanotechnology is manipulation of energy.,nanotechnology is manipulation of energy.
160413,VERIFIABLE,SUPPORTS,"Beverly Hills, 90210 addressed numerous topical issues such as date rape, gay rights, animal rights, alcoholism, drug abuse, domestic violence, sex, antisemitism, racism, teenage suicide, teenage pregnancy, and AIDS.","[[[184901, 196771, 'Beverly_Hills,_90210', 10]]]","Beverly Hills, 90210 addressed numerous topical issues such as date rape, gay rights, animal rights, alcoholism, drug abuse, domestic violence, sex, antisemitism, racism, teenage suicide, teenage pregnancy, and AIDS.","beverly hills, 90210 addressed numerous topical issues such as date rape, gay rights, animal rights, alcoholism, drug abuse, domestic violence, sex, antisemitism, racism, teenage suicide, teenage pregnancy, and aids."
17112,VERIFIABLE,SUPPORTS,Pregnancy symptoms include various ailments.,"[[[32562, 39580, 'Pregnancy', 7]]]",Pregnancy symptoms include various ailments.,pregnancy symptoms include various ailments.
179527,VERIFIABLE,SUPPORTS,The Singing Detective has episodes.,"[[[210186, 217966, 'The_Singing_Detective', 1]]]",The Singing Detective has episodes.,the singing detective has episodes.
196248,NOT VERIFIABLE,NOT ENOUGH INFO,The Prince of Egypt takes place in Egypt.,"[[[230585, None, None, None]]]",The Prince of Egypt takes place in Egypt.,the prince of egypt takes place in egypt.
134005,VERIFIABLE,SUPPORTS,Henry V is an American film.,"[[[156541, 171143, 'Henry_V_-LRB-2012_film-RRB-', 0]]]",Henry V is an American film.,henry v is an american film.
93471,VERIFIABLE,REFUTES,The Proposal stars Jim Gaffigan.,"[[[110830, 124482, 'The_Proposal_-LRB-film-RRB-', 1]]]",The Proposal stars Jim Gaffigan.,the proposal stars jim gaffigan.
196253,VERIFIABLE,SUPPORTS,Emily Browning starred in The Echo of Thunder.,"[[[230594, 234253, 'Emily_Browning', 3]]]",Emily Browning starred in The Echo of Thunder.,emily browning starred in the echo of thunder.
148462,VERIFIABLE,SUPPORTS,Amaze Entertainment was a company.,"[[[172106, 185493, 'Amaze_Entertainment', 0]]]",Amaze Entertainment was a company.,amaze entertainment was a company.
161688,VERIFIABLE,SUPPORTS,Streptococcus belongs to an order.,"[[[186224, 198099, 'Streptococcus', 0]]]",Streptococcus belongs to an order.,streptococcus belongs to an order.
226250,NOT VERIFIABLE,NOT ENOUGH INFO,Gift of the Night Fury stars the voice of an American filmmaker.,"[[[269738, None, None, None]]]",Gift of the Night Fury stars the voice of an American filmmaker.,gift of the night fury stars the voice of an american filmmaker.
228642,VERIFIABLE,SUPPORTS,"How to Lose Friends & Alienate People stars Simon Pegg, Kirsten Dunst, Danny Huston, Gillian Anderson, Megan Fox and Jeff Bridges, alongside Max Minghella and Margo Stilley.","[[[272797, 268486, 'How_to_Lose_Friends_&_Alienate_People_-LRB-film-RRB-', 6]]]","How to Lose Friends & Alienate People stars Simon Pegg, Kirsten Dunst, Danny Huston, Gillian Anderson, Megan Fox and Jeff Bridges, alongside Max Minghella and Margo Stilley.","how to lose friends & alienate people stars simon pegg, kirsten dunst, danny huston, gillian anderson, megan fox and jeff bridges, alongside max minghella and margo stilley."
182572,VERIFIABLE,SUPPORTS,Movies are a popular culture category.,"[[[212356, 219917, 'Popular_culture', 2]]]",Movies are a popular culture category.,movies are a popular culture category.
219094,VERIFIABLE,SUPPORTS,"Deadpool 2 featured Ryan Reynolds, Morena Baccarin, Ed Skrein, T. J. Miller, Gina Carano, Leslie Uggams, Brianna Hildebrand, and Stefan Kapičić.","[[[260605, 258963, 'Deadpool_-LRB-film-RRB-', 1]], [[260626, 258972, 'Deadpool_-LRB-film-RRB-', 1]]]","Deadpool 2 featured Ryan Reynolds, Morena Baccarin, Ed Skrein, T. J. Miller, Gina Carano, Leslie Uggams, Brianna Hildebrand, and Stefan Kapičić.","deadpool 2 featured ryan reynolds, morena baccarin, ed skrein, t. j. miller, gina carano, leslie uggams, brianna hildebrand, and stefan kapičić."
106595,VERIFIABLE,REFUTES,Machete appears in the four Avengers films.,"[[[125120, 139454, 'Machete_-LRB-character-RRB-', 0]]]",Machete appears in the four Avengers films.,machete appears in the four avengers films.
132038,NOT VERIFIABLE,NOT ENOUGH INFO,Beauty Shop stars a human.,"[[[154431, None, None, None]]]",Beauty Shop stars a human.,beauty shop stars a human.
123070,NOT VERIFIABLE,NOT ENOUGH INFO,Bonnie Hunt was in Shawshank Redemption.,"[[[144526, None, None, None]]]",Bonnie Hunt was in Shawshank Redemption.,bonnie hunt was in shawshank redemption.
190990,NOT VERIFIABLE,NOT ENOUGH INFO,What a Girl Wants earned a gold certification in Sweden.,"[[[223237, None, None, None]]]",What a Girl Wants earned a gold certification in Sweden.,what a girl wants earned a gold certification in sweden.
199023,NOT VERIFIABLE,NOT ENOUGH INFO,International Relations includes animals.,"[[[234003, None, None, None]]]",International Relations includes animals.,international relations includes animals.
28426,VERIFIABLE,SUPPORTS,Taipei is the center of Taiwan.,"[[[44545, 53206, 'Taipei', 11]]]",Taipei is the center of Taiwan.,taipei is the center of taiwan.
199042,VERIFIABLE,REFUTES,International Relations only includes the entertainment industry.,"[[[234024, 236922, 'International_relations', 0]]]",International Relations only includes the entertainment industry.,international relations only includes the entertainment industry.
203963,NOT VERIFIABLE,NOT ENOUGH INFO,Laura Linney was on the Titanic.,"[[[240759, None, None, None]]]",Laura Linney was on the Titanic.,laura linney was on the titanic.
187685,VERIFIABLE,REFUTES,The United Kingdom is a member of no organizations.,"[[[220797, 226596, 'United_Kingdom', 39]]]",The United Kingdom is a member of no organizations.,the united kingdom is a member of no organizations.
200999,NOT VERIFIABLE,NOT ENOUGH INFO,The Midwestern United States includes South Korea.,"[[[236504, None, None, None]]]",The Midwestern United States includes South Korea.,the midwestern united states includes south korea.
177694,VERIFIABLE,SUPPORTS,Tubelight is produced by a man.,"[[[205951, 214415, 'Tubelight_-LRB-film-RRB-', 1]]]",Tubelight is produced by a man.,tubelight is produced by a man.
101186,VERIFIABLE,REFUTES,Asia is landlocked.,"[[[118947, 132816, 'Asia', 6]], [[118947, 132817, 'Asia', 8]], [[118947, 132818, 'Asia', 14]]]",Asia is landlocked.,asia is landlocked.
197104,VERIFIABLE,SUPPORTS,Paul Wesley appeared in Guiding Light.,"[[[231627, 235062, 'Paul_Wesley', 2]], [[231628, 235063, 'Paul_Wesley', 2]]]",Paul Wesley appeared in Guiding Light.,paul wesley appeared in guiding light.
226370,NOT VERIFIABLE,NOT ENOUGH INFO,Gift of the Night Fury exclusively stars the voices of people from Kenya.,"[[[269886, None, None, None]]]",Gift of the Night Fury exclusively stars the voices of people from Kenya.,gift of the night fury exclusively stars the voices of people from kenya.
214133,NOT VERIFIABLE,NOT ENOUGH INFO,Celeste and Jesse Forever was co-written by Rashida Jones.,"[[[254231, None, None, None]]]",Celeste and Jesse Forever was co-written by Rashida Jones.,celeste and jesse forever was co-written by rashida jones.
177704,NOT VERIFIABLE,NOT ENOUGH INFO,Tubelight is produced by an American actor.,"[[[205966, None, None, None]]]",Tubelight is produced by an American actor.,tubelight is produced by an american actor.
191795,NOT VERIFIABLE,NOT ENOUGH INFO,German is a Western Romance Language.,"[[[224319, None, None, None]]]",German is a Western Romance Language.,german is a western romance language.
205937,NOT VERIFIABLE,NOT ENOUGH INFO,Cosmopolitan as of 2011 contains content which includes articles on political dialogue.,"[[[243374, None, None, None]]]",Cosmopolitan as of 2011 contains content which includes articles on political dialogue.,cosmopolitan as of 2011 contains content which includes articles on political dialogue.
155225,VERIFIABLE,SUPPORTS,Jack Black starred in Gulliver's Travels.,"[[[179282, 191834, 'Jack_Black', 2]]]",Jack Black starred in Gulliver's Travels.,jack black starred in gulliver's travels.
149061,NOT VERIFIABLE,NOT ENOUGH INFO,Lee Min-ho is a South Korean writer.,"[[[172743, None, None, None]]]",Lee Min-ho is a South Korean writer.,lee min-ho is a south korean writer.
27171,VERIFIABLE,REFUTES,Everton F.C. is not a football club.,"[[[43310, 51953, 'Everton_F.C.', 0]]]",Everton F.C. is not a football club.,everton f.c. is not a football club.
225481,VERIFIABLE,SUPPORTS,Ice Hockey is popular in Russia.,"[[[268694, 265187, 'Ice_hockey', 7]]]",Ice Hockey is popular in Russia.,ice hockey is popular in russia.
130331,VERIFIABLE,REFUTES,Rio de Janeiro is in hell.,"[[[152584, 167371, 'Rio_de_Janeiro', 0]]]",Rio de Janeiro is in hell.,rio de janeiro is in hell.
162568,NOT VERIFIABLE,NOT ENOUGH INFO,Ed Sheeran is an English muffin.,"[[[187121, None, None, None]]]",Ed Sheeran is an English muffin.,ed sheeran is an english muffin.
116911,VERIFIABLE,REFUTES,"Beverly Hills, 90210 was a non-political or social commentary show.","[[[137270, 152085, 'Beverly_Hills,_90210', 10]]]","Beverly Hills, 90210 was a non-political or social commentary show.","beverly hills, 90210 was a non-political or social commentary show."
228674,VERIFIABLE,SUPPORTS,"How to Lose Friends & Alienate People stars Simon Pegg, Kirsten Dunst, Danny Huston, Gillian Anderson, Megan Fox and Jeff Bridges, alongside Max Minghella and Margo Stilley.","[[[273831, 269178, 'How_to_Lose_Friends_&_Alienate_People_-LRB-film-RRB-', 6]]]","How to Lose Friends & Alienate People stars Simon Pegg, Kirsten Dunst, Danny Huston, Gillian Anderson, Megan Fox and Jeff Bridges, alongside Max Minghella and Margo Stilley.","how to lose friends & alienate people stars simon pegg, kirsten dunst, danny huston, gillian anderson, megan fox and jeff bridges, alongside max minghella and margo stilley."
228910,NOT VERIFIABLE,NOT ENOUGH INFO,Drama school offers a degree.,"[[[273127, None, None, None]]]",Drama school offers a degree.,drama school offers a degree.
153747,NOT VERIFIABLE,NOT ENOUGH INFO,There are Christian states in the world.,"[[[177740, None, None, None]]]",There are Christian states in the world.,there are christian states in the world.
176514,VERIFIABLE,SUPPORTS,Sunrise created anime.,"[[[204463, 213243, 'Sunrise_-LRB-company-RRB-', 0], [204463, 213243, 'Anime', 2]], [[204463, 213244, 'Sunrise_-LRB-company-RRB-', 6]], [[204463, 213245, 'Sunrise_-LRB-company-RRB-', 19]]]",Sunrise created anime.,sunrise created anime.
127839,NOT VERIFIABLE,NOT ENOUGH INFO,Minos fathered a dog.,"[[[149812, None, None, None]]]",Minos fathered a dog.,minos fathered a dog.
126930,NOT VERIFIABLE,NOT ENOUGH INFO,The Boys from Brazil features a corpse.,"[[[148780, None, None, None]]]",The Boys from Brazil features a corpse.,the boys from brazil features a corpse.
116071,NOT VERIFIABLE,NOT ENOUGH INFO,Ethiopia is on a cape.,"[[[136346, None, None, None]]]",Ethiopia is on a cape.,ethiopia is on a cape.
200437,VERIFIABLE,SUPPORTS,Meryl Streep is an award losing actress.,"[[[235772, 238346, 'Meryl_Streep', 3]]]",Meryl Streep is an award losing actress.,meryl streep is an award losing actress.
114219,VERIFIABLE,SUPPORTS,Keith Urban is married.,"[[[134134, 149022, 'Keith_Urban', 24]], [[134135, 149023, 'Keith_Urban', 24]]]",Keith Urban is married.,keith urban is married.
93456,VERIFIABLE,REFUTES,The Hunger Games is a television show.,"[[[110815, 124470, 'The_Hunger_Games_-LRB-film-RRB-', 0]]]",The Hunger Games is a television show.,the hunger games is a television show.
108651,NOT VERIFIABLE,NOT ENOUGH INFO,Justified won ten Primetime Emmy Awards.,"[[[127472, None, None, None]]]",Justified won ten Primetime Emmy Awards.,justified won ten primetime emmy awards.
87103,NOT VERIFIABLE,NOT ENOUGH INFO,The Dark Knight Rises' filming took place in a city.,"[[[104296, None, None, None]]]",The Dark Knight Rises' filming took place in a city.,the dark knight rises' filming took place in a city.
186144,NOT VERIFIABLE,NOT ENOUGH INFO,There are bodies of water in Ontario.,"[[[217068, None, None, None]]]",There are bodies of water in Ontario.,there are bodies of water in ontario.
186124,VERIFIABLE,SUPPORTS,There are people in Ontario.,"[[[217072, 223706, 'Ontario', 1]], [[217072, 223707, 'Ontario', 3]], [[217072, 223708, 'Ontario', 13]], [[217072, 223709, 'Ontario', 14]]]",There are people in Ontario.,there are people in ontario.
74714,NOT VERIFIABLE,NOT ENOUGH INFO,Transformers: Age of Extinction was released in The Galactic Empire.,"[[[91501, None, None, None]]]",Transformers: Age of Extinction was released in The Galactic Empire.,transformers: age of extinction was released in the galactic empire.
214215,VERIFIABLE,REFUTES,Syria includes only one ethnic group which is Italian.,"[[[254306, 254019, 'Syria', 4]]]",Syria includes only one ethnic group which is Italian.,syria includes only one ethnic group which is italian.
17525,NOT VERIFIABLE,NOT ENOUGH INFO,Taipei is the center of Taiwan.,"[[[33009, None, None, None]]]",Taipei is the center of Taiwan.,taipei is the center of taiwan.
57796,NOT VERIFIABLE,NOT ENOUGH INFO,In & Out is a film.,"[[[74134, None, None, None]]]",In & Out is a film.,in & out is a film.
14646,VERIFIABLE,SUPPORTS,Hugo Weaving is a voice actor.,"[[[29940, 36491, 'Hugo_Weaving', 7]]]",Hugo Weaving is a voice actor.,hugo weaving is a voice actor.
153512,NOT VERIFIABLE,NOT ENOUGH INFO,The Proposal stars Kittens.,"[[[297333, None, None, None], [341469, None, None, None], [341482, None, None, None]]]",The Proposal stars Kittens.,the proposal stars kittens.
143166,NOT VERIFIABLE,NOT ENOUGH INFO,Anil Kapoor has a profession.,"[[[166235, None, None, None]]]",Anil Kapoor has a profession.,anil kapoor has a profession.
186147,VERIFIABLE,SUPPORTS,There are people in Ontario.,"[[[217078, 223714, 'Ontario', 1]], [[217078, 223715, 'Ontario', 3]], [[217078, 223716, 'Ontario', 13]], [[217078, 223717, 'Ontario', 14]]]",There are people in Ontario.,there are people in ontario.
196825,NOT VERIFIABLE,NOT ENOUGH INFO,Sean Connery is a businessman.,"[[[231273, None, None, None]]]",Sean Connery is a businessman.,sean connery is a businessman.
68230,VERIFIABLE,REFUTES,Helena Bonham Carter is unable to act in movies.,"[[[84857, 97088, 'Helena_Bonham_Carter', 2], [84857, 97088, 'The_Wings_of_the_Dove_-LRB-1997_film-RRB-', 0]], [[84857, 97089, 'Helena_Bonham_Carter', 3]], [[84857, 97090, 'Helena_Bonham_Carter', 7], [84857, 97090, 'A_Room_with_a_View_-LRB-1985_film-RRB-', 0], [84857, 97090, 'Lady_Jane_-LRB-1986_film-RRB-', 0]], [[84857, 97091, 'Helena_Bonham_Carter', 8], [84857, 97091, 'Howards_End_-LRB-film-RRB-', 0], [84857, 97091, 'Hamlet_-LRB-1990_film-RRB-', 0], [84857, 97091, 'Terminator_Salvation', 0], [84857, 97091, 'Mighty_Aphrodite', 0], [84857, 97091, 'Where_Angels_Fear_to_Tread_-LRB-film-RRB-', 0], [84857, 97091, 'Les_Misérables_-LRB-2012_film-RRB-', 0], [84857, 97091, 'Fight_Club', 0], [84857, 97091, 'Cinderella_-LRB-2015_Disney_film-RRB-', 0], [84857, 97091, 'Great_Expectations_-LRB-2012_film-RRB-', 0]], [[84857, 97092, 'Helena_Bonham_Carter', 9], [84857, 97092, 'Alice_in_Wonderland_-LRB-2010_film-RRB-', 0], [84857, 97092, 'Planet_of_the_Apes_-LRB-2001_film-RRB-', 0], [84857, 97092, 'Dark_Shadows_-LRB-film-RRB-', 0], [84857, 97092, 'Big_Fish', 0], [84857, 97092, 'Alice_Through_the_Looking_Glass_-LRB-2016_film-RRB-', 0], [84857, 97092, 'Corpse_Bride', 0], [84857, 97092, 'Charlie_and_the_Chocolate_Factory_-LRB-film-RRB-', 0]], [[84857, 97093, 'Helena_Bonham_Carter', 10], [84857, 97093, 'Live_from_Baghdad_-LRB-film-RRB-', 0], [84857, 97093, 'Burton_&_Taylor', 0]]]",Helena Bonham Carter is unable to act in movies.,helena bonham carter is unable to act in movies.
202629,VERIFIABLE,SUPPORTS,Music Bank (TV series) has been hosted by Song Hye-kyo.,"[[[238765, 240738, 'Music_Bank_-LRB-TV_series-RRB-', 7]]]",Music Bank (TV series) has been hosted by Song Hye-kyo.,music bank (tv series) has been hosted by song hye-kyo.
118540,NOT VERIFIABLE,NOT ENOUGH INFO,Live Your Life was released in Britain.,"[[[139051, None, None, None]]]",Live Your Life was released in Britain.,live your life was released in britain.
75711,VERIFIABLE,REFUTES,Helena Bonham Carter is unable to act in movies.,"[[[92533, 105293, 'Helena_Bonham_Carter', 1]], [[92533, 105294, 'Helena_Bonham_Carter', 2]], [[92533, 105295, 'Helena_Bonham_Carter', 3]], [[92533, 105296, 'Helena_Bonham_Carter', 7]], [[92533, 105297, 'Helena_Bonham_Carter', 8]]]",Helena Bonham Carter is unable to act in movies.,helena bonham carter is unable to act in movies.
85907,VERIFIABLE,SUPPORTS,Jim Rash is a man.,"[[[103063, 116379, 'Jim_Rash', 1]], [[103063, 116380, 'Jim_Rash', 3]]]",Jim Rash is a man.,jim rash is a man.
227403,VERIFIABLE,SUPPORTS,Jun Ji-hyun is in a film.,"[[[271209, 267142, 'Jun_Ji-hyun', 1]], [[271209, 267143, 'Jun_Ji-hyun', 2]]]",Jun Ji-hyun is in a film.,jun ji-hyun is in a film.
147613,VERIFIABLE,REFUTES,Olivia Wilde is a dancer.,"[[[171200, 184706, 'Olivia_Wilde', 0]]]",Olivia Wilde is a dancer.,olivia wilde is a dancer.
142287,VERIFIABLE,SUPPORTS,Joe Manganiello has worked with an actor.,"[[[165365, 179443, 'Joe_Manganiello', 5], [165365, 179443, 'Magic_Mike', 0], [165365, 179443, 'Channing_Tatum', 0]], [[165365, 179444, 'Joe_Manganiello', 1], [165365, 179444, 'How_I_Met_Your_Mother', 14], [165365, 179444, 'Sam_Raimi', 0]]]",Joe Manganiello has worked with an actor.,joe manganiello has worked with an actor.
69533,VERIFIABLE,SUPPORTS,Athletics at the Summer Olympics includes field events.,"[[[224720, 229517, 'Athletics_at_the_Summer_Olympics', 2]], [[225796, 230378, 'Athletics_at_the_Summer_Olympics', 2]], [[317868, 306872, 'Athletics_at_the_Summer_Olympics', 2]]]",Athletics at the Summer Olympics includes field events.,athletics at the summer olympics includes field events.
87365,NOT VERIFIABLE,NOT ENOUGH INFO,Land Rover makes Lamborghini.,"[[[104579, None, None, None]]]",Land Rover makes Lamborghini.,land rover makes lamborghini.
122626,VERIFIABLE,REFUTES,Patty Hearst was kidnapped.,"[[[143985, 159066, 'Patty_Hearst', 1]]]",Patty Hearst was kidnapped.,patty hearst was kidnapped.
157406,VERIFIABLE,SUPPORTS,Tony Blair is a leader of the Labour Party.,"[[[181592, 193839, 'Tony_Blair', 5]]]",Tony Blair is a leader of the Labour Party.,tony blair is a leader of the labour party.
213264,NOT VERIFIABLE,NOT ENOUGH INFO,The Nile drains through a forest.,"[[[252999, None, None, None]]]",The Nile drains through a forest.,the nile drains through a forest.
209556,VERIFIABLE,SUPPORTS,Sleep can be disrupted by sleep paralysis.,"[[[248116, 248358, 'Sleep', 13]]]",Sleep can be disrupted by sleep paralysis.,sleep can be disrupted by sleep paralysis.
57231,VERIFIABLE,SUPPORTS,Snooki is a television host.,"[[[73567, 84802, 'Snooki', 4]]]",Snooki is a television host.,snooki is a television host.
199045,VERIFIABLE,SUPPORTS,International Relations includes many subject matters.,"[[[234027, 236923, 'International_relations', 10]], [[234027, 236924, 'International_relations', 9]], [[234027, 236925, 'International_relations', 0]]]",International Relations includes many subject matters.,international relations includes many subject matters.
171378,NOT VERIFIABLE,NOT ENOUGH INFO,Blue Velvet stars a cat.,"[[[197768, None, None, None]]]",Blue Velvet stars a cat.,blue velvet stars a cat.
209834,NOT VERIFIABLE,NOT ENOUGH INFO,Patch Adams (film) is the name of a film University.,"[[[248504, None, None, None], [248508, None, None, None]]]",Patch Adams (film) is the name of a film University.,patch adams (film) is the name of a film university.
213004,VERIFIABLE,SUPPORTS,Marlon Brando was in a film.,"[[[252658, 252401, 'Marlon_Brando', 3], [252658, 252401, 'On_the_Waterfront', 0]]]",Marlon Brando was in a film.,marlon brando was in a film.
203246,VERIFIABLE,SUPPORTS,Extreme environments can be caused by factors.,"[[[239731, 241484, 'Extreme_environment', 1]]]",Extreme environments can be caused by factors.,extreme environments can be caused by factors.
203317,NOT VERIFIABLE,NOT ENOUGH INFO,Extreme environments can be caused by carbon monoxide.,"[[[239822, None, None, None]]]",Extreme environments can be caused by carbon monoxide.,extreme environments can be caused by carbon monoxide.
176975,NOT VERIFIABLE,NOT ENOUGH INFO,Underworld's supporting character hunts Lycans.,"[[[206623, None, None, None]]]",Underworld's supporting character hunts Lycans.,underworld's supporting character hunts lycans.
132481,NOT VERIFIABLE,NOT ENOUGH INFO,Cancer can be prevented by taking certain measures.,"[[[154901, None, None, None]]]",Cancer can be prevented by taking certain measures.,cancer can be prevented by taking certain measures.
194083,NOT VERIFIABLE,NOT ENOUGH INFO,Duane Hopwood includes a screenwriter.,"[[[227319, None, None, None]]]",Duane Hopwood includes a screenwriter.,duane hopwood includes a screenwriter.
93671,NOT VERIFIABLE,NOT ENOUGH INFO,21 Jump Street was released in the United States.,"[[[111045, None, None, None]]]",21 Jump Street was released in the United States.,21 jump street was released in the united states.
199074,NOT VERIFIABLE,NOT ENOUGH INFO,International Relations includes the U.N.,"[[[234058, None, None, None]]]",International Relations includes the U.N.,international relations includes the u.n.
186128,NOT VERIFIABLE,NOT ENOUGH INFO,There are zero bodies of water in Ontario.,"[[[217050, None, None, None]]]",There are zero bodies of water in Ontario.,there are zero bodies of water in ontario.
127904,NOT VERIFIABLE,NOT ENOUGH INFO,Pablo Picasso was a novelist.,"[[[149873, None, None, None]]]",Pablo Picasso was a novelist.,pablo picasso was a novelist.
49127,NOT VERIFIABLE,NOT ENOUGH INFO,There is a character in Star Wars sequel trilogy.,"[[[24586, None, None, None]]]",There is a character in Star Wars sequel trilogy.,there is a character in star wars sequel trilogy.
8381,VERIFIABLE,REFUTES,One America News Network is a science fiction television channel.,"[[[13607, 17004, 'One_America_News_Network', 0]], [[13607, 17005, 'One_America_News_Network', 4]], [[13609, 17025, 'One_America_News_Network', 0]], [[13609, 17026, 'One_America_News_Network', 5]], [[13609, 17027, 'One_America_News_Network', 6]]]",One America News Network is a science fiction television channel.,one america news network is a science fiction television channel.
203281,NOT VERIFIABLE,NOT ENOUGH INFO,Extreme environments can be caused by a variety of factors that push equilibrium off.,"[[[239791, None, None, None]]]",Extreme environments can be caused by a variety of factors that push equilibrium off.,extreme environments can be caused by a variety of factors that push equilibrium off.
124473,VERIFIABLE,REFUTES,A crown colony is a type of colonial anarchy.,"[[[147381, 162385, 'Crown_colony', 0]], [[147382, 162386, 'Crown_colony', 0]]]",A crown colony is a type of colonial anarchy.,a crown colony is a type of colonial anarchy.
139919,NOT VERIFIABLE,NOT ENOUGH INFO,The Walt Disney Company owns Nickelodeon.,"[[[162841, None, None, None]]]",The Walt Disney Company owns Nickelodeon.,the walt disney company owns nickelodeon.
182746,VERIFIABLE,REFUTES,Pitch Perfect 3 stars Keanu Reeves.,"[[[212636, 220118, 'Pitch_Perfect_3', 1], [212636, 220118, 'Pitch_Perfect_3', 0]]]",Pitch Perfect 3 stars Keanu Reeves.,pitch perfect 3 stars keanu reeves.
171210,NOT VERIFIABLE,NOT ENOUGH INFO,Mr. Nobody is a comedic film.,"[[[197589, None, None, None]]]",Mr. Nobody is a comedic film.,mr. nobody is a comedic film.
199035,VERIFIABLE,SUPPORTS,International Relations includes many subject matters.,"[[[234020, 236915, 'International_relations', 10]], [[234020, 236916, 'International_relations', 9]], [[234020, 236917, 'International_relations', 0]]]",International Relations includes many subject matters.,international relations includes many subject matters.
192872,VERIFIABLE,REFUTES,Lindsay Lohan has no clothing lines.,"[[[225690, 230299, 'Lindsay_Lohan', 17]], [[225691, 230300, 'Lindsay_Lohan', 17]]]",Lindsay Lohan has no clothing lines.,lindsay lohan has no clothing lines.
151000,VERIFIABLE,REFUTES,Empress Matilda moved to England as a child.,"[[[174804, 187927, 'Empress_Matilda', 1]]]",Empress Matilda moved to England as a child.,empress matilda moved to england as a child.
213593,NOT VERIFIABLE,NOT ENOUGH INFO,Kate & Leopold is a horror film.,"[[[253484, None, None, None], [253486, None, None, None]]]",Kate & Leopold is a horror film.,kate & leopold is a horror film.
143087,NOT VERIFIABLE,NOT ENOUGH INFO,Bonnie Hunt was in Shawshank Redemption.,"[[[166157, None, None, None]]]",Bonnie Hunt was in Shawshank Redemption.,bonnie hunt was in shawshank redemption.
171989,VERIFIABLE,SUPPORTS,Warm Leatherette is by a woman.,"[[[198473, 208320, 'Warm_Leatherette_-LRB-album-RRB-', 0], [198473, 208320, 'Grace_Jones', 1]]]",Warm Leatherette is by a woman.,warm leatherette is by a woman.
219090,VERIFIABLE,SUPPORTS,"Deadpool 2 featured Ryan Reynolds, Morena Baccarin, Ed Skrein, T. J. Miller, Gina Carano, Leslie Uggams, Brianna Hildebrand, and Stefan Kapičić.","[[[260593, 258958, 'Deadpool_-LRB-film-RRB-', 1]]]","Deadpool 2 featured Ryan Reynolds, Morena Baccarin, Ed Skrein, T. J. Miller, Gina Carano, Leslie Uggams, Brianna Hildebrand, and Stefan Kapičić.","deadpool 2 featured ryan reynolds, morena baccarin, ed skrein, t. j. miller, gina carano, leslie uggams, brianna hildebrand, and stefan kapičić."
24297,NOT VERIFIABLE,NOT ENOUGH INFO,Slovenia is a monarchy.,"[[[40245, None, None, None]]]",Slovenia is a monarchy.,slovenia is a monarchy.
186256,NOT VERIFIABLE,NOT ENOUGH INFO,Cochrane is a political organization.,"[[[217206, None, None, None]]]",Cochrane is a political organization.,cochrane is a political organization.
186151,VERIFIABLE,SUPPORTS,There are bodies of water in Ontario.,"[[[217080, 223719, 'Ontario', 7]], [[217080, 223720, 'Ontario', 8]]]",There are bodies of water in Ontario.,there are bodies of water in ontario.
154651,NOT VERIFIABLE,NOT ENOUGH INFO,Michelle Williams starred in a film.,"[[[178654, None, None, None]]]",Michelle Williams starred in a film.,michelle williams starred in a film.
186126,NOT VERIFIABLE,NOT ENOUGH INFO,There are people in Ontario.,"[[[217044, None, None, None]]]",There are people in Ontario.,there are people in ontario.
186168,NOT VERIFIABLE,NOT ENOUGH INFO,There are bodies of water in Ontario.,"[[[220898, None, None, None]]]",There are bodies of water in Ontario.,there are bodies of water in ontario.
220798,VERIFIABLE,REFUTES,The Royal Tenenbaums only stars Emma Stone.,"[[[262802, 260677, 'The_Royal_Tenenbaums', 1]]]",The Royal Tenenbaums only stars Emma Stone.,the royal tenenbaums only stars emma stone.
228669,VERIFIABLE,SUPPORTS,"How to Lose Friends & Alienate People stars Simon Pegg, Kirsten Dunst, Danny Huston, Gillian Anderson, Megan Fox and Jeff Bridges, alongside Max Minghella and Margo Stilley.","[[[272836, 268512, 'How_to_Lose_Friends_&_Alienate_People_-LRB-film-RRB-', 6]], [[272837, 268513, 'How_to_Lose_Friends_&_Alienate_People_-LRB-film-RRB-', 6]], [[272875, 268532, 'How_to_Lose_Friends_&_Alienate_People_-LRB-film-RRB-', 6]], [[272876, 268533, 'How_to_Lose_Friends_&_Alienate_People_-LRB-film-RRB-', 6]]]","How to Lose Friends & Alienate People stars Simon Pegg, Kirsten Dunst, Danny Huston, Gillian Anderson, Megan Fox and Jeff Bridges, alongside Max Minghella and Margo Stilley.","how to lose friends & alienate people stars simon pegg, kirsten dunst, danny huston, gillian anderson, megan fox and jeff bridges, alongside max minghella and margo stilley."
129827,VERIFIABLE,SUPPORTS,LGBT is an acronym.,"[[[152040, 166788, 'LGBT', 0]], [[152040, 166789, 'LGBT', 9]], [[152049, 166793, 'LGBT', 0], [152049, 166793, 'Acronym', 0]], [[152049, 166794, 'LGBT', 12], [152049, 166794, 'Acronym', 0]], [[152049, 166795, 'LGBT', 13]]]",LGBT is an acronym.,lgbt is an acronym.
225146,VERIFIABLE,REFUTES,Chet Atkins only produced records for Michael Jackson.,"[[[268294, 264899, 'Chet_Atkins', 8]]]",Chet Atkins only produced records for Michael Jackson.,chet atkins only produced records for michael jackson.
205935,NOT VERIFIABLE,NOT ENOUGH INFO,Cosmopolitan as of 2011 contains content which includes articles on political dialogue.,"[[[243375, None, None, None]]]",Cosmopolitan as of 2011 contains content which includes articles on political dialogue.,cosmopolitan as of 2011 contains content which includes articles on political dialogue.
209552,NOT VERIFIABLE,NOT ENOUGH INFO,Sleep can be disrupted by sleep paralysis.,"[[[248109, None, None, None]]]",Sleep can be disrupted by sleep paralysis.,sleep can be disrupted by sleep paralysis.
88061,NOT VERIFIABLE,NOT ENOUGH INFO,The Who is a record producer.,"[[[105264, None, None, None]]]",The Who is a record producer.,the who is a record producer.
177880,VERIFIABLE,SUPPORTS,Sophie Turner starred in a film.,"[[[206176, 214606, 'Sophie_Turner', 5]]]",Sophie Turner starred in a film.,sophie turner starred in a film.
58957,VERIFIABLE,REFUTES,The Ten Commandments is an action film.,"[[[75339, 86585, 'The_Ten_Commandments_-LRB-1956_film-RRB-', 0]]]",The Ten Commandments is an action film.,the ten commandments is an action film.
228864,NOT VERIFIABLE,NOT ENOUGH INFO,Drama school offers a Ph.D.,"[[[273071, None, None, None]]]",Drama school offers a Ph.D.,drama school offers a ph.d.
124281,NOT VERIFIABLE,NOT ENOUGH INFO,Seven Days in May stars Robert Pattinson.,"[[[286224, None, None, None], [288526, None, None, None], [288531, None, None, None], [333029, None, None, None]]]",Seven Days in May stars Robert Pattinson.,seven days in may stars robert pattinson.
37567,NOT VERIFIABLE,NOT ENOUGH INFO,Helike was a Roman city.,"[[[114413, None, None, None], [308280, None, None, None], [308282, None, None, None]]]",Helike was a Roman city.,helike was a roman city.
147000,NOT VERIFIABLE,NOT ENOUGH INFO,Richard Ramirez terrorized the residents of the graveyard.,"[[[170567, None, None, None]]]",Richard Ramirez terrorized the residents of the graveyard.,richard ramirez terrorized the residents of the graveyard.
28130,VERIFIABLE,REFUTES,Water only occurs artificially.,"[[[44250, 52890, 'Water', 3]]]",Water only occurs artificially.,water only occurs artificially.
20326,VERIFIABLE,SUPPORTS,The brown bear is a mammal.,"[[[36141, 43679, 'Brown_bear', 0], [36141, 43679, 'Bear', 0]]]",The brown bear is a mammal.,the brown bear is a mammal.
213588,VERIFIABLE,REFUTES,Kate & Leopold is a horror film.,"[[[253475, 253325, 'Kate_&_Leopold', 0]], [[253476, 253326, 'Kate_&_Leopold', 0]]]",Kate & Leopold is a horror film.,kate & leopold is a horror film.
7442,VERIFIABLE,SUPPORTS,Howard Stern developed his on show from 1976 to 1982.,"[[[285166, 278872, 'Howard_Stern', 5]], [[285167, 278873, 'Howard_Stern', 5]]]",Howard Stern developed his on show from 1976 to 1982.,howard stern developed his on show from 1976 to 1982.
92040,NOT VERIFIABLE,NOT ENOUGH INFO,Adrian Molina has worked on live action films.,"[[[109360, None, None, None]]]",Adrian Molina has worked on live action films.,adrian molina has worked on live action films.
130084,VERIFIABLE,REFUTES,The last episode of Inhumans released in 1999.,"[[[152310, 167099, 'Inhumans_-LRB-TV_series-RRB-', 11]], [[152310, 167100, 'Inhumans_-LRB-TV_series-RRB-', 14]], [[152314, 167109, 'Inhumans_-LRB-TV_series-RRB-', 0]], [[152314, 167110, 'Inhumans_-LRB-TV_series-RRB-', 6]], [[152314, 167111, 'Inhumans_-LRB-TV_series-RRB-', 10]], [[152314, 167112, 'Inhumans_-LRB-TV_series-RRB-', 11]], [[152314, 167113, 'Inhumans_-LRB-TV_series-RRB-', 14]]]",The last episode of Inhumans released in 1999.,the last episode of inhumans released in 1999.
221832,VERIFIABLE,REFUTES,Tamera Mowry has a fraternal twin.,"[[[264169, 261706, 'Tamera_Mowry', 1], [264169, 261706, 'Twin', 1]]]",Tamera Mowry has a fraternal twin.,tamera mowry has a fraternal twin.
144382,NOT VERIFIABLE,NOT ENOUGH INFO,One World Trade Center is a skyscraper.,"[[[167690, None, None, None]]]",One World Trade Center is a skyscraper.,one world trade center is a skyscraper.
222421,NOT VERIFIABLE,NOT ENOUGH INFO,Will Ferrell wrote screenplays with a filmmaker.,"[[[264959, None, None, None]]]",Will Ferrell wrote screenplays with a filmmaker.,will ferrell wrote screenplays with a filmmaker.
213281,VERIFIABLE,SUPPORTS,The Nile drains through a region.,"[[[253030, 252890, 'Nile', 2]], [[253033, 252892, 'Nile', 2]]]",The Nile drains through a region.,the nile drains through a region.
132652,VERIFIABLE,REFUTES,Hypothyroidism is harmless.,"[[[155085, 169797, 'Hypothyroidism', 1]], [[155085, 169798, 'Hypothyroidism', 3]], [[155085, 169799, 'Hypothyroidism', 2]]]",Hypothyroidism is harmless.,hypothyroidism is harmless.
206290,VERIFIABLE,SUPPORTS,Billy Bob Thornton appeared in Primary Colors (1998).,"[[[243891, 245021, 'Billy_Bob_Thornton', 4]]]",Billy Bob Thornton appeared in Primary Colors (1998).,billy bob thornton appeared in primary colors (1998).
226342,VERIFIABLE,REFUTES,Gift of the Night Fury only stars the voices of actors and actresses born in October.,"[[[269853, 266040, 'Gift_of_the_Night_Fury', 6], [269853, 266040, 'America_Ferrera', 0]]]",Gift of the Night Fury only stars the voices of actors and actresses born in October.,gift of the night fury only stars the voices of actors and actresses born in october.
160855,VERIFIABLE,REFUTES,"Beverly Hills, 90210 was a non-political or social commentary show.","[[[185378, 197152, 'Beverly_Hills,_90210', 10]]]","Beverly Hills, 90210 was a non-political or social commentary show.","beverly hills, 90210 was a non-political or social commentary show."
176456,VERIFIABLE,SUPPORTS,Sunrise created anime.,"[[[204385, 213185, 'Sunrise_-LRB-company-RRB-', 0]]]",Sunrise created anime.,sunrise created anime.
4345,VERIFIABLE,REFUTES,A Perfect Circle is a country supergroup.,"[[[20614, 25247, 'A_Perfect_Circle', 0]]]",A Perfect Circle is a country supergroup.,a perfect circle is a country supergroup.
190986,NOT VERIFIABLE,NOT ENOUGH INFO,What a Girl Wants earned a gold certification in the U.S.,"[[[223233, None, None, None]]]",What a Girl Wants earned a gold certification in the U.S.,what a girl wants earned a gold certification in the u.s.
225377,VERIFIABLE,SUPPORTS,Absolute Beginners featured someone.,"[[[270523, 266548, 'Absolute_Beginners_-LRB-film-RRB-', 1]], [[270523, 266549, 'Absolute_Beginners_-LRB-film-RRB-', 8]]]",Absolute Beginners featured someone.,absolute beginners featured someone.
10667,VERIFIABLE,SUPPORTS,Hugo Weaving is a voice actor.,"[[[21405, 26301, 'Hugo_Weaving', 7]], [[23032, 28374, 'Hugo_Weaving', 7]], [[24164, 29890, 'Hugo_Weaving', 7]], [[301541, 292655, 'Hugo_Weaving', 7]], [[302580, 293571, 'Hugo_Weaving', 7]], [[304456, 295266, 'Hugo_Weaving', 7]]]",Hugo Weaving is a voice actor.,hugo weaving is a voice actor.
32433,VERIFIABLE,REFUTES,Before Night Falls is a bleak horror film.,"[[[93135, 106044, 'Before_Night_Falls_-LRB-film-RRB-', 0]], [[95374, 108400, 'Before_Night_Falls_-LRB-film-RRB-', 0]], [[97538, 110702, 'Before_Night_Falls_-LRB-film-RRB-', 0]]]",Before Night Falls is a bleak horror film.,before night falls is a bleak horror film.
82244,NOT VERIFIABLE,NOT ENOUGH INFO,Land Rover makes Lamborghini.,"[[[262796, None, None, None], [266180, None, None, None], [321633, None, None, None], [321635, None, None, None], [321637, None, None, None], [321641, None, None, None]]]",Land Rover makes Lamborghini.,land rover makes lamborghini.
20238,VERIFIABLE,SUPPORTS,The Fosters is a recorded work.,"[[[36056, 43590, 'The_Fosters_-LRB-2013_TV_series-RRB-', 0]]]",The Fosters is a recorded work.,the fosters is a recorded work.
186157,VERIFIABLE,SUPPORTS,There are people in Ontario.,"[[[217086, 223729, 'Ontario', 1]]]",There are people in Ontario.,there are people in ontario.
57740,NOT VERIFIABLE,NOT ENOUGH INFO,Claudia Leitte is on TV.,"[[[74076, None, None, None]]]",Claudia Leitte is on TV.,claudia leitte is on tv.
17576,VERIFIABLE,REFUTES,Lee Min-ho is a South Korean writer.,"[[[33044, 40135, 'Lee_Min-ho_-LRB-actor,_born_1987-RRB-', 0]]]",Lee Min-ho is a South Korean writer.,lee min-ho is a south korean writer.
203257,NOT VERIFIABLE,NOT ENOUGH INFO,Extreme environments can be caused by carbon monoxide.,"[[[239747, None, None, None]]]",Extreme environments can be caused by carbon monoxide.,extreme environments can be caused by carbon monoxide.
179606,NOT VERIFIABLE,NOT ENOUGH INFO,Michael Giacchino composed the score for Dunkirk.,"[[[208450, None, None, None]]]",Michael Giacchino composed the score for Dunkirk.,michael giacchino composed the score for dunkirk.
70707,NOT VERIFIABLE,NOT ENOUGH INFO,Rogue appears in Canadian comic books.,"[[[87388, None, None, None]]]",Rogue appears in Canadian comic books.,rogue appears in canadian comic books.
104510,VERIFIABLE,SUPPORTS,There are Christian states in the world.,"[[[122804, 137091, 'Christian_state', 2]], [[122804, 137092, 'Christian_state', 1]]]",There are Christian states in the world.,there are christian states in the world.
219593,NOT VERIFIABLE,NOT ENOUGH INFO,Vanilla Sky stars only actors and actresses from Austria.,"[[[261535, None, None, None]]]",Vanilla Sky stars only actors and actresses from Austria.,vanilla sky stars only actors and actresses from austria.
36082,NOT VERIFIABLE,NOT ENOUGH INFO,The Walt Disney Company owns the Rocky Mountains.,"[[[52257, None, None, None]]]",The Walt Disney Company owns the Rocky Mountains.,the walt disney company owns the rocky mountains.
186122,VERIFIABLE,SUPPORTS,There are bodies of water in Ontario.,"[[[217040, 223687, 'Ontario', 8]]]",There are bodies of water in Ontario.,there are bodies of water in ontario.
193100,VERIFIABLE,REFUTES,Woody Allen is a computer program.,"[[[226097, 230638, 'Woody_Allen', 0]], [[226097, 230639, 'Woody_Allen', 3]], [[226097, 230640, 'Woody_Allen', 4]], [[226097, 230641, 'Woody_Allen', 5]], [[226097, 230642, 'Woody_Allen', 6]], [[226097, 230643, 'Woody_Allen', 9]], [[226097, 230644, 'Woody_Allen', 10]], [[226097, 230645, 'Woody_Allen', 17]], [[226097, 230646, 'Woody_Allen', 18]], [[226097, 230647, 'Woody_Allen', 19]], [[226097, 230648, 'Woody_Allen', 20]]]",Woody Allen is a computer program.,woody allen is a computer program.
214890,VERIFIABLE,SUPPORTS,"History of art includes architecture, dance, sculpture, music, painting, poetry literature, theatre, narrative, film, photography and graphic arts.","[[[255167, 254658, 'History_of_art', 2]]]","History of art includes architecture, dance, sculpture, music, painting, poetry literature, theatre, narrative, film, photography and graphic arts.","history of art includes architecture, dance, sculpture, music, painting, poetry literature, theatre, narrative, film, photography and graphic arts."
145449,NOT VERIFIABLE,NOT ENOUGH INFO,Mark Millar has worked on cars.,"[[[168758, None, None, None]]]",Mark Millar has worked on cars.,mark millar has worked on cars.
145669,NOT VERIFIABLE,NOT ENOUGH INFO,Champion was based off of a short story.,"[[[169001, None, None, None]]]",Champion was based off of a short story.,champion was based off of a short story.
11891,VERIFIABLE,SUPPORTS,Venus Williams is one of the best female tennis players.,"[[[27320, 33484, 'Venus_Williams', 0]], [[30467, 37068, 'Venus_Williams', 0]], [[30467, 37069, 'Venus_Williams', 3]], [[30587, 37181, 'Venus_Williams', 0]]]",Venus Williams is one of the best female tennis players.,venus williams is one of the best female tennis players.
179547,VERIFIABLE,REFUTES,The Singing Detective had an episode called Runaway.,"[[[208375, 216439, 'The_Singing_Detective', 1]], [[208376, 216440, 'The_Singing_Detective', 1]]]",The Singing Detective had an episode called Runaway.,the singing detective had an episode called runaway.
187689,VERIFIABLE,REFUTES,United Kingdom is a car.,"[[[219002, 225149, 'United_Kingdom', 0]]]",United Kingdom is a car.,united kingdom is a car.
123347,VERIFIABLE,SUPPORTS,Minos fathered a child.,"[[[144867, 159866, 'Minos', 4]], [[144867, 159867, 'Minos', 5]], [[144867, 159868, 'Minos', 6], [144867, 159868, 'Minos', 5]], [[144867, 159869, 'Minos', 7]]]",Minos fathered a child.,minos fathered a child.
182541,VERIFIABLE,SUPPORTS,"Entertainment, sports, news, politics, fashion/clothes, technology, and slang are popular culture categories.","[[[212318, 219896, 'Popular_culture', 2]]]","Entertainment, sports, news, politics, fashion/clothes, technology, and slang are popular culture categories.","entertainment, sports, news, politics, fashion/clothes, technology, and slang are popular culture categories."
199021,NOT VERIFIABLE,NOT ENOUGH INFO,International Relations includes animals.,"[[[234001, None, None, None]]]",International Relations includes animals.,international relations includes animals.
201987,VERIFIABLE,SUPPORTS,Short Term 12 was produced by Destin Daniel Cretton.,"[[[237891, 240075, 'Short_Term_12', 6], [237891, 240075, 'Short_Term_12', 0]]]",Short Term 12 was produced by Destin Daniel Cretton.,short term 12 was produced by destin daniel cretton.
144311,VERIFIABLE,REFUTES,Reuters only sends out news in English.,"[[[169565, 183172, 'Reuters', 6]]]",Reuters only sends out news in English.,reuters only sends out news in english.
6745,VERIFIABLE,REFUTES,The Ten Commandments is an epic poem.,"[[[23515, 28979, 'The_Ten_Commandments_-LRB-1956_film-RRB-', 0]], [[23515, 28980, 'The_Ten_Commandments_-LRB-1956_film-RRB-', 20]]]",The Ten Commandments is an epic poem.,the ten commandments is an epic poem.
114782,NOT VERIFIABLE,NOT ENOUGH INFO,Linux distributes tombs.,"[[[284329, None, None, None], [330482, None, None, None], [330483, None, None, None], [330484, None, None, None]]]",Linux distributes tombs.,linux distributes tombs.
94327,VERIFIABLE,SUPPORTS,Halle Berry was in a romantic drama movie.,"[[[111770, 125578, 'Halle_Berry', 1]], [[111770, 125579, 'Halle_Berry', 8]]]",Halle Berry was in a romantic drama movie.,halle berry was in a romantic drama movie.
25704,VERIFIABLE,REFUTES,Dirty Diana is a book.,"[[[41762, 50222, 'Dirty_Diana', 0]]]",Dirty Diana is a book.,dirty diana is a book.
197083,NOT VERIFIABLE,NOT ENOUGH INFO,Paul Wesley appeared in Guiding Light.,"[[[231598, None, None, None]]]",Paul Wesley appeared in Guiding Light.,paul wesley appeared in guiding light.
199131,VERIFIABLE,SUPPORTS,International Relations includes many subject matters.,"[[[234129, 237029, 'International_relations', 0]], [[234129, 237030, 'International_relations', 9]], [[234129, 237031, 'International_relations', 10]]]",International Relations includes many subject matters.,international relations includes many subject matters.
126115,NOT VERIFIABLE,NOT ENOUGH INFO,Mackenzie Foy starred in The Twilight Saga: Breaking Dawn -- Part 1.,"[[[147947, None, None, None]]]",Mackenzie Foy starred in The Twilight Saga: Breaking Dawn -- Part 1.,mackenzie foy starred in the twilight saga: breaking dawn -- part 1.
122024,VERIFIABLE,REFUTES,Andrew Jackson was the founder of the Republican Party.,"[[[143229, 158330, 'Andrew_Jackson', 0]]]",Andrew Jackson was the founder of the Republican Party.,andrew jackson was the founder of the republican party.
83260,VERIFIABLE,SUPPORTS,Minos fathered a child.,"[[[267259, 263987, 'Minos', 7]], [[267801, 264425, 'Minos', 4]], [[267801, 264426, 'Minos', 5]], [[269708, 265960, 'Minos', 5], [269708, 265960, 'Euxantius', 0]], [[321746, 310160, 'Minos', 5]], [[323075, 311310, 'Minos', 4]], [[323075, 311311, 'Minos', 5]], [[323075, 311312, 'Minos', 6]], [[323075, 311313, 'Minos', 7]], [[323081, 311317, 'Minos', 4]], [[323081, 311318, 'Minos', 5]], [[323081, 311319, 'Minos', 6]], [[323081, 311320, 'Minos', 7]]]",Minos fathered a child.,minos fathered a child.
228891,NOT VERIFIABLE,NOT ENOUGH INFO,"Drama school offers a Bachelor of Arts, Bachelor of Fine Arts, or, occasionally, Bachelor of Science or Bachelor of Design. Graduate students may take a Master of Arts, Master of Science, Master of Fine Arts, Doctor of Arts, Doctor of Fine Arts, or Doctor of Philosophy degree.","[[[273105, None, None, None]]]","Drama school offers a Bachelor of Arts, Bachelor of Fine Arts, or, occasionally, Bachelor of Science or Bachelor of Design. Graduate students may take a Master of Arts, Master of Science, Master of Fine Arts, Doctor of Arts, Doctor of Fine Arts, or Doctor of Philosophy degree.","drama school offers a bachelor of arts, bachelor of fine arts, or, occasionally, bachelor of science or bachelor of design. graduate students may take a master of arts, master of science, master of fine arts, doctor of arts, doctor of fine arts, or doctor of philosophy degree."
38516,VERIFIABLE,REFUTES,Tardigrades are also known as land mice.,"[[[54725, 64711, 'Tardigrade', 0]]]",Tardigrades are also known as land mice.,tardigrades are also known as land mice.
136421,VERIFIABLE,REFUTES,Estella Warren is American.,"[[[159085, 173700, 'Estella_Warren', 0]]]",Estella Warren is American.,estella warren is american.
176098,VERIFIABLE,SUPPORTS,Caryn Mandabach produced That '80s Show.,"[[[203920, 212828, 'Caryn_Mandabach', 3]]]",Caryn Mandabach produced That '80s Show.,caryn mandabach produced that '80s show.
228854,VERIFIABLE,SUPPORTS,Drama school offers a Ph.D.,"[[[273055, 268651, 'Drama_school', 2]]]",Drama school offers a Ph.D.,drama school offers a ph.d.
177591,NOT VERIFIABLE,NOT ENOUGH INFO,Fences stars an animatronic figure.,"[[[205838, None, None, None]]]",Fences stars an animatronic figure.,fences stars an animatronic figure.
40899,NOT VERIFIABLE,NOT ENOUGH INFO,Jim Rash is a man.,"[[[57193, None, None, None]]]",Jim Rash is a man.,jim rash is a man.
19524,VERIFIABLE,SUPPORTS,Donald Sutherland is a person.,"[[[35319, 42818, 'Donald_Sutherland', 0]], [[35319, 42819, 'Donald_Sutherland', 4]], [[35319, 42820, 'Donald_Sutherland', 3]], [[35319, 42821, 'Donald_Sutherland', 7]], [[35319, 42822, 'Donald_Sutherland', 10]], [[35319, 42823, 'Donald_Sutherland', 11]], [[35319, 42824, 'Donald_Sutherland', 12]], [[35319, 42825, 'Donald_Sutherland', 13]]]",Donald Sutherland is a person.,donald sutherland is a person.
180827,NOT VERIFIABLE,NOT ENOUGH INFO,Central America contains England.,"[[[209878, None, None, None]]]",Central America contains England.,central america contains england.
146845,VERIFIABLE,SUPPORTS,"Beverly Hills, 90210 addressed numerous topical issues such as date rape, gay rights, animal rights, alcoholism, drug abuse, domestic violence, sex, antisemitism, racism, teenage suicide, teenage pregnancy, and AIDS.","[[[170381, 183940, 'Beverly_Hills,_90210', 10], [170381, 183940, 'Beverly_Hills,_90210', 0]]]","Beverly Hills, 90210 addressed numerous topical issues such as date rape, gay rights, animal rights, alcoholism, drug abuse, domestic violence, sex, antisemitism, racism, teenage suicide, teenage pregnancy, and AIDS.","beverly hills, 90210 addressed numerous topical issues such as date rape, gay rights, animal rights, alcoholism, drug abuse, domestic violence, sex, antisemitism, racism, teenage suicide, teenage pregnancy, and aids."
15910,NOT VERIFIABLE,NOT ENOUGH INFO,Wyatt Earp was British.,"[[[31315, None, None, None]]]",Wyatt Earp was British.,wyatt earp was british.
147310,NOT VERIFIABLE,NOT ENOUGH INFO,Mark Millar has worked on cars.,"[[[38615, None, None, None]]]",Mark Millar has worked on cars.,mark millar has worked on cars.
228141,VERIFIABLE,SUPPORTS,Kafka stars an english actor.,"[[[272156, 267860, 'Kafka_-LRB-film-RRB-', 2], [272156, 267860, 'Alec_Guinness', 0], [272156, 267860, 'Ian_Holm', 0], [272156, 267860, 'Jeremy_Irons', 0]]]",Kafka stars an english actor.,kafka stars an english actor.
62292,VERIFIABLE,SUPPORTS,There are Christian states in the world.,"[[[78744, 90292, 'Christian_state', 1]], [[78744, 90293, 'Christian_state', 2]], [[78744, 90294, 'Christian_state', 0]]]",There are Christian states in the world.,there are christian states in the world.
160307,VERIFIABLE,REFUTES,Northeast megalopolis includes Portland.,"[[[184781, 196673, 'Northeast_megalopolis', 0], [184781, 196673, 'Portland,_Oregon', 1]]]",Northeast megalopolis includes Portland.,northeast megalopolis includes portland.
211309,VERIFIABLE,SUPPORTS,Halle Berry has a child.,"[[[250381, 250385, 'Halle_Berry', 17]]]",Halle Berry has a child.,halle berry has a child.
26325,VERIFIABLE,REFUTES,Get Out stars Brad Pitt.,"[[[42375, 50986, 'Get_Out_-LRB-film-RRB-', 1]]]",Get Out stars Brad Pitt.,get out stars brad pitt.
198998,NOT VERIFIABLE,NOT ENOUGH INFO,International Relations includes animals.,"[[[233976, None, None, None]]]",International Relations includes animals.,international relations includes animals.
220822,VERIFIABLE,REFUTES,The Royal Tenenbaums only stars Emma Stone.,"[[[262834, 260694, 'The_Royal_Tenenbaums', 1]], [[262836, 260695, 'The_Royal_Tenenbaums', 1], [262836, 260695, 'The_Royal_Tenenbaums', 0]]]",The Royal Tenenbaums only stars Emma Stone.,the royal tenenbaums only stars emma stone.
34439,NOT VERIFIABLE,NOT ENOUGH INFO,A person was a music video director.,"[[[50632, None, None, None]]]",A person was a music video director.,a person was a music video director.
149477,VERIFIABLE,REFUTES,Doctor Who was written by the Ancient Greeks.,"[[[173279, 186535, 'Doctor_Who_-LRB-series_10-RRB-', 1]], [[173279, 186536, 'Doctor_Who_-LRB-series_10-RRB-', 0], [173279, 186536, 'Ancient_Greece', 0]]]",Doctor Who was written by the Ancient Greeks.,doctor who was written by the ancient greeks.
113608,VERIFIABLE,SUPPORTS,Joe Manganiello has worked with an actor.,"[[[133286, 148149, 'Joe_Manganiello', 1]], [[133286, 148151, 'Joe_Manganiello', 5]]]",Joe Manganiello has worked with an actor.,joe manganiello has worked with an actor.
192626,NOT VERIFIABLE,NOT ENOUGH INFO,Odin travels independently only.,"[[[225367, None, None, None]]]",Odin travels independently only.,odin travels independently only.
119686,VERIFIABLE,SUPPORTS,Minos fathered a child.,"[[[283028, 277154, 'Minos', 4]], [[283028, 277155, 'Minos', 5]], [[283028, 277156, 'Minos', 6]], [[284920, 278655, 'Minos', 4]], [[285673, 279311, 'Minos', 4]], [[285673, 279312, 'Minos', 5]], [[285673, 279313, 'Minos', 6]], [[285673, 279314, 'Minos', 7]], [[331492, 318012, 'Minos', 7]], [[332274, 318674, 'Minos', 4]], [[332274, 318675, 'Minos', 5]], [[332274, 318676, 'Minos', 6]], [[332274, 318677, 'Minos', 7]], [[332275, 318678, 'Minos', 4]], [[332276, 318679, 'Minos', 4]]]",Minos fathered a child.,minos fathered a child.
54696,VERIFIABLE,SUPPORTS,The Los Angeles Lakers defeated the Knicks in the Finals championship.,"[[[71055, 81951, 'Los_Angeles_Lakers', 15], [71055, 81951, '1971–72_NBA_season', 1]]]",The Los Angeles Lakers defeated the Knicks in the Finals championship.,the los angeles lakers defeated the knicks in the finals championship.
187711,VERIFIABLE,SUPPORTS,United Kingdom is a member of the United Nations.,"[[[219037, 225170, 'United_Kingdom', 36]]]",United Kingdom is a member of the United Nations.,united kingdom is a member of the united nations.
181791,NOT VERIFIABLE,NOT ENOUGH INFO,Beyoncé is Armenian.,"[[[211343, None, None, None]]]",Beyoncé is Armenian.,beyoncé is armenian.
212641,VERIFIABLE,REFUTES,Elementary was created by James Cameron.,"[[[252178, 251976, 'Elementary_-LRB-TV_series-RRB-', 1]]]",Elementary was created by James Cameron.,elementary was created by james cameron.
228638,VERIFIABLE,SUPPORTS,"How to Lose Friends & Alienate People stars Simon Pegg, Kirsten Dunst, Danny Huston, Gillian Anderson, Megan Fox and Jeff Bridges, alongside Max Minghella and Margo Stilley.","[[[272793, 268482, 'How_to_Lose_Friends_&_Alienate_People_-LRB-film-RRB-', 6]]]","How to Lose Friends & Alienate People stars Simon Pegg, Kirsten Dunst, Danny Huston, Gillian Anderson, Megan Fox and Jeff Bridges, alongside Max Minghella and Margo Stilley.","how to lose friends & alienate people stars simon pegg, kirsten dunst, danny huston, gillian anderson, megan fox and jeff bridges, alongside max minghella and margo stilley."
194046,NOT VERIFIABLE,NOT ENOUGH INFO,Duane Hopwood includes Ryan Gosling.,"[[[227235, None, None, None]]]",Duane Hopwood includes Ryan Gosling.,duane hopwood includes ryan gosling.
186169,VERIFIABLE,SUPPORTS,There are people in Ontario.,"[[[217103, 223743, 'Ontario', 1]]]",There are people in Ontario.,there are people in ontario.
176512,NOT VERIFIABLE,NOT ENOUGH INFO,Sunrise created anime.,"[[[204465, None, None, None]]]",Sunrise created anime.,sunrise created anime.
222511,VERIFIABLE,REFUTES,Horseshoe Falls is one of a set of three mountains.,"[[[265075, 262352, 'Horseshoe_Falls', 0]]]",Horseshoe Falls is one of a set of three mountains.,horseshoe falls is one of a set of three mountains.
213267,VERIFIABLE,REFUTES,The Nile drains through Russia.,"[[[253012, 252874, 'Nile', 2]]]",The Nile drains through Russia.,the nile drains through russia.
56832,VERIFIABLE,REFUTES,The West Wing contains no rooms.,"[[[73168, 84370, 'West_Wing', 0]], [[73168, 84371, 'West_Wing', 1]], [[73168, 84372, 'West_Wing', 4]]]",The West Wing contains no rooms.,the west wing contains no rooms.
190781,VERIFIABLE,SUPPORTS,Dysphonia can be characterized by some effect on vocal quality.,"[[[222980, 228068, 'Dysphonia', 2]]]",Dysphonia can be characterized by some effect on vocal quality.,dysphonia can be characterized by some effect on vocal quality.
214195,NOT VERIFIABLE,NOT ENOUGH INFO,Syria includes various ethnic groups.,"[[[254282, None, None, None]]]",Syria includes various ethnic groups.,syria includes various ethnic groups.
132981,VERIFIABLE,REFUTES,"Today, elephants are rewarded for entertainment in circuses.","[[[155450, 170126, 'Elephant', 32]]]","Today, elephants are rewarded for entertainment in circuses.","today, elephants are rewarded for entertainment in circuses."
198972,NOT VERIFIABLE,NOT ENOUGH INFO,International Relations includes the U.N.,"[[[233954, None, None, None]]]",International Relations includes the U.N.,international relations includes the u.n.
206236,VERIFIABLE,REFUTES,Evan Goldberg is exclusively German.,"[[[243806, 244964, 'Evan_Goldberg', 0]]]",Evan Goldberg is exclusively German.,evan goldberg is exclusively german.
194152,NOT VERIFIABLE,NOT ENOUGH INFO,To The Bone includes Emma Stone.,"[[[227369, None, None, None]]]",To The Bone includes Emma Stone.,to the bone includes emma stone.
206313,NOT VERIFIABLE,NOT ENOUGH INFO,Billy Bob Thornton appeared in U Turn.,"[[[243921, None, None, None]]]",Billy Bob Thornton appeared in U Turn.,billy bob thornton appeared in u turn.
107665,NOT VERIFIABLE,NOT ENOUGH INFO,Northeast megalopolis includes Portland.,"[[[279745, None, None, None], [281446, None, None, None], [328156, None, None, None], [328158, None, None, None], [328161, None, None, None]]]",Northeast megalopolis includes Portland.,northeast megalopolis includes portland.
174290,NOT VERIFIABLE,NOT ENOUGH INFO,Oliver Reed was in a movie in 1936.,"[[[201423, None, None, None]]]",Oliver Reed was in a movie in 1936.,oliver reed was in a movie in 1936.
169828,VERIFIABLE,SUPPORTS,Cary Grant appeared in a film.,"[[[195850, 206004, 'Cary_Grant', 8]]]",Cary Grant appeared in a film.,cary grant appeared in a film.
203319,VERIFIABLE,SUPPORTS,Extreme environments can be caused by a variety of factors that push equilibrium off.,"[[[239826, 241525, 'Extreme_environment', 1]]]",Extreme environments can be caused by a variety of factors that push equilibrium off.,extreme environments can be caused by a variety of factors that push equilibrium off.
84789,VERIFIABLE,SUPPORTS,Merlin was created by a person.,"[[[101863, 115112, 'Merlin_-LRB-2008_TV_series-RRB-', 0]]]",Merlin was created by a person.,merlin was created by a person.
213057,VERIFIABLE,SUPPORTS,Marlon Brando was in a film.,"[[[252723, 252527, 'Marlon_Brando', 3], [252723, 252527, 'On_the_Waterfront', 0]], [[252723, 252528, 'Marlon_Brando', 4], [252723, 252528, 'Apocalypse_Now', 0]], [[252723, 252529, 'Marlon_Brando', 8]], [[252723, 252530, 'Marlon_Brando', 9], [252723, 252530, 'On_the_Waterfront', 0]], [[252723, 252531, 'Marlon_Brando', 10]], [[252723, 252532, 'Marlon_Brando', 11]], [[252723, 252533, 'Marlon_Brando', 12], [252723, 252533, 'Top_Ten_Money_Making_Stars_Poll', 4]], [[252723, 252534, 'Marlon_Brando', 16]], [[252723, 252535, 'Marlon_Brando', 17]], [[252723, 252536, 'Marlon_Brando', 18], [252723, 252536, 'The_Godfather', 1]], [[252723, 252537, 'Marlon_Brando', 19], [252723, 252537, 'Last_Tango_in_Paris', 0]], [[252723, 252538, 'Marlon_Brando', 20], [252723, 252538, 'The_Missouri_Breaks', 0]], [[252723, 252539, 'Marlon_Brando', 21]], [[252723, 252540, 'Marlon_Brando', 22], [252723, 252540, 'Superman_-LRB-1978_film-RRB-', 0]], [[252723, 252541, 'Marlon_Brando', 23]], [[252723, 252542, 'Marlon_Brando', 26]]]",Marlon Brando was in a film.,marlon brando was in a film.
163369,VERIFIABLE,SUPPORTS,"Ilkhanate contained Iran, Iraq, Armenia, Azerbaijan, Georgia, Turkmenistan, Turkey, western Afghanistan, and southwestern Pakistan.","[[[187932, 199489, 'Ilkhanate', 4]]]","Ilkhanate contained Iran, Iraq, Armenia, Azerbaijan, Georgia, Turkmenistan, Turkey, western Afghanistan, and southwestern Pakistan.","ilkhanate contained iran, iraq, armenia, azerbaijan, georgia, turkmenistan, turkey, western afghanistan, and southwestern pakistan."
122928,VERIFIABLE,REFUTES,The Champ stars Jessica Biel.,"[[[144349, 159374, 'The_Champ_-LRB-1979_film-RRB-', 1]], [[144350, 159375, 'The_Champ_-LRB-1979_film-RRB-', 1]]]",The Champ stars Jessica Biel.,the champ stars jessica biel.
187721,VERIFIABLE,SUPPORTS,The United Kingdom is a member of organizations.,"[[[219036, 225169, 'United_Kingdom', 39]]]",The United Kingdom is a member of organizations.,the united kingdom is a member of organizations.
128719,VERIFIABLE,REFUTES,Futurama is a live action series.,"[[[150760, 165601, 'Futurama', 0]]]",Futurama is a live action series.,futurama is a live action series.
150494,VERIFIABLE,SUPPORTS,Estella Warren is a current synchronized swimmer.,"[[[174316, 187547, 'Estella_Warren', 0]], [[174317, 187548, 'Estella_Warren', 0]]]",Estella Warren is a current synchronized swimmer.,estella warren is a current synchronized swimmer.
74351,VERIFIABLE,SUPPORTS,Linux distributes software.,"[[[91163, 103851, 'Linux', 1]], [[91163, 103852, 'Linux', 18], [91163, 103852, 'Linux_distribution', 0]], [[91163, 103853, 'Linux', 19], [91163, 103853, 'Debian', 0]], [[91163, 103854, 'Linux', 20], [91163, 103854, 'Linux_kernel', 0]], [[91163, 103855, 'Linux', 23], [91163, 103855, 'Mir_-LRB-software-RRB-', 0]]]",Linux distributes software.,linux distributes software.
199062,NOT VERIFIABLE,NOT ENOUGH INFO,International Relations includes the U.N.,"[[[234044, None, None, None]]]",International Relations includes the U.N.,international relations includes the u.n.
213231,NOT VERIFIABLE,NOT ENOUGH INFO,The Nile drains through a region.,"[[[252950, None, None, None]]]",The Nile drains through a region.,the nile drains through a region.
203272,VERIFIABLE,REFUTES,Extreme environments can only be caused by humans.,"[[[239766, 241505, 'Extreme_environment', 1]], [[239769, 241506, 'Extreme_environment', 1]]]",Extreme environments can only be caused by humans.,extreme environments can only be caused by humans.
189570,VERIFIABLE,REFUTES,Doctor Zhivago's antagonist's name is Yuri Zhivago.,"[[[221400, 227017, 'Doctor_Zhivago_-LRB-novel-RRB-', 1]]]",Doctor Zhivago's antagonist's name is Yuri Zhivago.,doctor zhivago's antagonist's name is yuri zhivago.
150367,VERIFIABLE,SUPPORTS,Leyton Orient F.C. is in a place.,"[[[174206, 187416, 'Leyton_Orient_F.C.', 0]]]",Leyton Orient F.C. is in a place.,leyton orient f.c. is in a place.
65817,NOT VERIFIABLE,NOT ENOUGH INFO,Paul Thomas Anderson produced a film.,"[[[82382, None, None, None]]]",Paul Thomas Anderson produced a film.,paul thomas anderson produced a film.
102000,VERIFIABLE,REFUTES,David Dhawan works on French films.,"[[[119736, 133851, 'David_Dhawan', 0]]]",David Dhawan works on French films.,david dhawan works on french films.
203951,VERIFIABLE,SUPPORTS,"Laura Linney was in Lorenzo's Oil, You Can Count on Me (2000), Kinsey (2004) and The Savages (2007), Primal Fear (1996), The Truman Show (1998), Mystic River (2003), Love Actually (2003) and The Squid and the Whale (2005).","[[[240736, 242313, 'Laura_Linney', 7], [240736, 242313, 'Laura_Linney', 8]], [[240740, 242322, 'Laura_Linney', 8]], [[240740, 242323, 'Laura_Linney', 7]]]","Laura Linney was in Lorenzo's Oil, You Can Count on Me (2000), Kinsey (2004) and The Savages (2007), Primal Fear (1996), The Truman Show (1998), Mystic River (2003), Love Actually (2003) and The Squid and the Whale (2005).","laura linney was in lorenzo's oil, you can count on me (2000), kinsey (2004) and the savages (2007), primal fear (1996), the truman show (1998), mystic river (2003), love actually (2003) and the squid and the whale (2005)."
194060,NOT VERIFIABLE,NOT ENOUGH INFO,Duane Hopwood includes a screenwriter.,"[[[227253, None, None, None]]]",Duane Hopwood includes a screenwriter.,duane hopwood includes a screenwriter.
153766,VERIFIABLE,REFUTES,The Voice is a dancing competition.,"[[[177733, 190469, 'The_Voice_-LRB-U.S._TV_series-RRB-', 0]], [[177747, 190476, 'The_Voice_-LRB-U.S._TV_series-RRB-', 0]], [[177747, 190477, 'The_Voice_-LRB-U.S._TV_series-RRB-', 1]]]",The Voice is a dancing competition.,the voice is a dancing competition.
182574,NOT VERIFIABLE,NOT ENOUGH INFO,Popular culture is only about computers.,"[[[212358, None, None, None]]]",Popular culture is only about computers.,popular culture is only about computers.
160743,VERIFIABLE,SUPPORTS,Northeast megalopolis includes cities.,"[[[185259, 197047, 'Northeast_megalopolis', 1]]]",Northeast megalopolis includes cities.,northeast megalopolis includes cities.
214193,VERIFIABLE,REFUTES,Syria includes only one ethnic group which is Italian.,"[[[254281, 253997, 'Syria', 4]]]",Syria includes only one ethnic group which is Italian.,syria includes only one ethnic group which is italian.
199005,VERIFIABLE,REFUTES,International Relations only includes the entertainment industry.,"[[[233983, 236872, 'International_relations', 0]], [[233983, 236873, 'International_relations', 1]], [[233983, 236874, 'International_relations', 2]], [[233983, 236875, 'International_relations', 5]], [[233983, 236876, 'International_relations', 6]], [[233983, 236877, 'International_relations', 9]], [[233983, 236878, 'International_relations', 10]]]",International Relations only includes the entertainment industry.,international relations only includes the entertainment industry.
96143,VERIFIABLE,REFUTES,Bonnie Hunt was in Shawshank Redemption.,"[[[113686, 127551, 'Bonnie_Hunt', 1], [113686, 127551, 'Bonnie_Hunt', 5], [113686, 127551, 'Bonnie_Hunt', 4], [113686, 127551, 'Bonnie_Hunt', 6]]]",Bonnie Hunt was in Shawshank Redemption.,bonnie hunt was in shawshank redemption.
34566,VERIFIABLE,REFUTES,"Graciosa, Canary Islands is located 2 km north of El Río.","[[[50750, 60399, 'Graciosa,_Canary_Islands', 0]]]","Graciosa, Canary Islands is located 2 km north of El Río.","graciosa, canary islands is located 2 km north of el río."
195756,VERIFIABLE,SUPPORTS,A Nightmare on Elm Street stars at least one actor.,"[[[229975, 233760, 'A_Nightmare_on_Elm_Street_-LRB-2010_film-RRB-', 3], [229975, 233760, 'Jackie_Earle_Haley', 0]]]",A Nightmare on Elm Street stars at least one actor.,a nightmare on elm street stars at least one actor.
203368,VERIFIABLE,REFUTES,Saratoga includes Mark Hamill.,"[[[239893, 241580, 'Saratoga_-LRB-film-RRB-', 1]], [[239894, 241581, 'Saratoga_-LRB-film-RRB-', 0], [239894, 241581, 'Mark_Hamill', 0]]]",Saratoga includes Mark Hamill.,saratoga includes mark hamill.
49987,VERIFIABLE,REFUTES,Star Wars: The Force Awakens is a book.,"[[[66313, 77142, 'Star_Wars-COLON-_The_Force_Awakens', 0]]]",Star Wars: The Force Awakens is a book.,star wars: the force awakens is a book.
214901,NOT VERIFIABLE,NOT ENOUGH INFO,"History of art includes architecture, dance, sculpture, music, painting, poetry literature, theatre, narrative, film, photography and graphic arts.","[[[255179, None, None, None]]]","History of art includes architecture, dance, sculpture, music, painting, poetry literature, theatre, narrative, film, photography and graphic arts.","history of art includes architecture, dance, sculpture, music, painting, poetry literature, theatre, narrative, film, photography and graphic arts."
209495,VERIFIABLE,SUPPORTS,Sleep can be disrupted by sleep paralysis.,"[[[248026, 248295, 'Sleep', 3]], [[248028, 248297, 'Sleep', 3]]]",Sleep can be disrupted by sleep paralysis.,sleep can be disrupted by sleep paralysis.
206898,NOT VERIFIABLE,NOT ENOUGH INFO,Ayutthaya refused all foreigners.,"[[[244641, None, None, None]]]",Ayutthaya refused all foreigners.,ayutthaya refused all foreigners.
202628,VERIFIABLE,SUPPORTS,Music Bank (TV series) has been hosted by Song Hye-kyo.,"[[[238770, 240742, 'Music_Bank_-LRB-TV_series-RRB-', 7]]]",Music Bank (TV series) has been hosted by Song Hye-kyo.,music bank (tv series) has been hosted by song hye-kyo.
218907,NOT VERIFIABLE,NOT ENOUGH INFO,Renaissance art only involved Leonardo Da Vinci and Milan.,"[[[260261, None, None, None], [260268, None, None, None]]]",Renaissance art only involved Leonardo Da Vinci and Milan.,renaissance art only involved leonardo da vinci and milan.
198991,VERIFIABLE,SUPPORTS,International Relations includes many subject matters.,"[[[233969, 236855, 'International_relations', 9]], [[233969, 236856, 'International_relations', 0]]]",International Relations includes many subject matters.,international relations includes many subject matters.
52170,VERIFIABLE,REFUTES,Aix-Marseille-Provence Metropolis is in America.,"[[[68476, 79339, 'Aix-Marseille-Provence_Metropolis', 0], [68476, 79339, 'Marseille', 0]]]",Aix-Marseille-Provence Metropolis is in America.,aix-marseille-provence metropolis is in america.
198989,VERIFIABLE,REFUTES,International Relations only includes the entertainment industry.,"[[[233970, 236857, 'International_relations', 9]], [[233970, 236858, 'International_relations', 10]], [[233970, 236859, 'International_relations', 0]]]",International Relations only includes the entertainment industry.,international relations only includes the entertainment industry.
219607,VERIFIABLE,REFUTES,Vanilla Sky stars only actors and actresses from Austria.,"[[[261538, 259638, 'Vanilla_Sky', 5], [261538, 259638, 'Cameron_Diaz', 0]]]",Vanilla Sky stars only actors and actresses from Austria.,vanilla sky stars only actors and actresses from austria.
228904,NOT VERIFIABLE,NOT ENOUGH INFO,Drama school offers zero degrees.,"[[[273118, None, None, None]]]",Drama school offers zero degrees.,drama school offers zero degrees.
219100,VERIFIABLE,REFUTES,Deadpool 2 featured Scarlett Johansson.,"[[[260613, 258967, 'Deadpool_-LRB-film-RRB-', 1]]]",Deadpool 2 featured Scarlett Johansson.,deadpool 2 featured scarlett johansson.
133930,VERIFIABLE,SUPPORTS,Andy Kaufman was a performer.,"[[[156465, 171067, 'Andy_Kaufman', 0]], [[156465, 171068, 'Andy_Kaufman', 7]], [[156465, 171069, 'Andy_Kaufman', 8]], [[156465, 171070, 'Andy_Kaufman', 9]], [[156465, 171071, 'Andy_Kaufman', 10]], [[156465, 171072, 'Andy_Kaufman', 11]]]",Andy Kaufman was a performer.,andy kaufman was a performer.
209531,VERIFIABLE,SUPPORTS,Sleep can be disrupted by sleep paralysis.,"[[[248085, 248341, 'Sleep', 13]], [[248086, 248342, 'Sleep', 13]]]",Sleep can be disrupted by sleep paralysis.,sleep can be disrupted by sleep paralysis.
64480,VERIFIABLE,REFUTES,Pamela Anderson is known for her role on Full House.,"[[[80924, 92776, 'Pamela_Anderson', 0]]]",Pamela Anderson is known for her role on Full House.,pamela anderson is known for her role on full house.
2338,NOT VERIFIABLE,NOT ENOUGH INFO,Linux distributes tombs.,"[[[18148, None, None, None]]]",Linux distributes tombs.,linux distributes tombs.
199138,VERIFIABLE,REFUTES,International Relations only includes the entertainment industry.,"[[[234136, 237046, 'International_relations', 9]], [[234136, 237047, 'International_relations', 10]]]",International Relations only includes the entertainment industry.,international relations only includes the entertainment industry.
218918,VERIFIABLE,SUPPORTS,"Renaissance art involved Masaccio, Brunelleschi, Ghiberti, Piero della Francesca, Donatello and Michelozzo, and Florence.","[[[260287, 258711, 'Renaissance_art', 30]]]","Renaissance art involved Masaccio, Brunelleschi, Ghiberti, Piero della Francesca, Donatello and Michelozzo, and Florence.","renaissance art involved masaccio, brunelleschi, ghiberti, piero della francesca, donatello and michelozzo, and florence."
182720,NOT VERIFIABLE,NOT ENOUGH INFO,Pitch Perfect 3 stars Keanu Reeves.,"[[[212587, None, None, None]]]",Pitch Perfect 3 stars Keanu Reeves.,pitch perfect 3 stars keanu reeves.
214136,VERIFIABLE,SUPPORTS,"Celeste and Jesse Forever stars Rashida Jones, Andy Samberg, and Will McCormack.","[[[254205, 253942, 'Celeste_and_Jesse_Forever', 1]]]","Celeste and Jesse Forever stars Rashida Jones, Andy Samberg, and Will McCormack.","celeste and jesse forever stars rashida jones, andy samberg, and will mccormack."
191769,NOT VERIFIABLE,NOT ENOUGH INFO,German is a Western Romance Language.,"[[[224287, None, None, None]]]",German is a Western Romance Language.,german is a western romance language.
199067,NOT VERIFIABLE,NOT ENOUGH INFO,International Relations includes animals.,"[[[234050, None, None, None]]]",International Relations includes animals.,international relations includes animals.
25195,VERIFIABLE,REFUTES,The Walt Disney Company owns Nickelodeon.,"[[[41172, 49501, 'The_Walt_Disney_Company', 0], [41172, 49501, 'Nickelodeon', 0]]]",The Walt Disney Company owns Nickelodeon.,the walt disney company owns nickelodeon.
182573,VERIFIABLE,SUPPORTS,Movies are a popular culture category.,"[[[215032, 221975, 'Popular_culture', 2]]]",Movies are a popular culture category.,movies are a popular culture category.
86228,NOT VERIFIABLE,NOT ENOUGH INFO,C. S. Forester wrote tales of land-based warfare.,"[[[103383, None, None, None]]]",C. S. Forester wrote tales of land-based warfare.,c. s. forester wrote tales of land-based warfare.
110742,VERIFIABLE,REFUTES,Hugo Weaving is in a boat.,"[[[329533, 316296, 'Hugo_Weaving', 0]], [[329534, 316297, 'Hugo_Weaving', 0]]]",Hugo Weaving is in a boat.,hugo weaving is in a boat.
124944,VERIFIABLE,REFUTES,Seven Days in May stars Robert Pattinson.,"[[[146600, 161586, 'Seven_Days_in_May', 0], [146600, 161586, 'Robert_Pattinson', 0]]]",Seven Days in May stars Robert Pattinson.,seven days in may stars robert pattinson.
161232,NOT VERIFIABLE,NOT ENOUGH INFO,Victor Hugo was an artist.,"[[[185784, None, None, None]]]",Victor Hugo was an artist.,victor hugo was an artist.
122045,VERIFIABLE,SUPPORTS,LGBT is an acronym.,"[[[143253, 158354, 'LGBT', 0], [143253, 158354, 'Acronym', 0]]]",LGBT is an acronym.,lgbt is an acronym.
182559,VERIFIABLE,SUPPORTS,Movies are a popular culture category.,"[[[212351, 219914, 'Popular_culture', 2]]]",Movies are a popular culture category.,movies are a popular culture category.
128389,NOT VERIFIABLE,NOT ENOUGH INFO,Cirrhosis can cause death.,"[[[150415, None, None, None]]]",Cirrhosis can cause death.,cirrhosis can cause death.
184248,NOT VERIFIABLE,NOT ENOUGH INFO,Furia is adapted from a real event.,"[[[214536, None, None, None]]]",Furia is adapted from a real event.,furia is adapted from a real event.
214862,NOT VERIFIABLE,NOT ENOUGH INFO,"History of art includes architecture, dance, sculpture, music, painting, poetry literature, theatre, narrative, film, photography and graphic arts.","[[[255135, None, None, None]]]","History of art includes architecture, dance, sculpture, music, painting, poetry literature, theatre, narrative, film, photography and graphic arts.","history of art includes architecture, dance, sculpture, music, painting, poetry literature, theatre, narrative, film, photography and graphic arts."
39638,NOT VERIFIABLE,NOT ENOUGH INFO,FC Barcelona has a lot of fans.,"[[[55936, None, None, None]]]",FC Barcelona has a lot of fans.,fc barcelona has a lot of fans.
146704,NOT VERIFIABLE,NOT ENOUGH INFO,Olivia Wilde is a dancer.,"[[[170249, None, None, None]]]",Olivia Wilde is a dancer.,olivia wilde is a dancer.
116066,NOT VERIFIABLE,NOT ENOUGH INFO,Modern liberalism in the United States strongly endorses stuff.,"[[[136340, None, None, None]]]",Modern liberalism in the United States strongly endorses stuff.,modern liberalism in the united states strongly endorses stuff.
218903,VERIFIABLE,REFUTES,Renaissance art only involved Leonardo Da Vinci and Milan.,"[[[260263, 258696, 'Renaissance_art', 30]]]",Renaissance art only involved Leonardo Da Vinci and Milan.,renaissance art only involved leonardo da vinci and milan.
203362,VERIFIABLE,REFUTES,Saratoga includes Mark Hamill.,"[[[239888, 241575, 'Saratoga_-LRB-film-RRB-', 0], [239888, 241575, 'Mark_Hamill', 0]], [[239891, 241578, 'Saratoga_-LRB-film-RRB-', 1]]]",Saratoga includes Mark Hamill.,saratoga includes mark hamill.
213036,VERIFIABLE,SUPPORTS,Marlon Brando was in a film.,"[[[252683, 252457, 'Marlon_Brando', 3]], [[252683, 252458, 'Marlon_Brando', 11]], [[252683, 252459, 'Marlon_Brando', 20]], [[252683, 252460, 'Marlon_Brando', 21]]]",Marlon Brando was in a film.,marlon brando was in a film.
461,VERIFIABLE,SUPPORTS,Ron Perlman is an American citizen.,"[[[15943, 19826, 'Ron_Perlman', 0]]]",Ron Perlman is an American citizen.,ron perlman is an american citizen.
208945,NOT VERIFIABLE,NOT ENOUGH INFO,Funny or Die produces The Late Show.,"[[[247325, None, None, None]]]",Funny or Die produces The Late Show.,funny or die produces the late show.
187705,VERIFIABLE,REFUTES,United Kingdom is a car.,"[[[219018, 225159, 'United_Kingdom', 0]]]",United Kingdom is a car.,united kingdom is a car.
37682,VERIFIABLE,SUPPORTS,Champion was based off of a short story.,"[[[53862, 63852, 'Champion_-LRB-1949_film-RRB-', 0]]]",Champion was based off of a short story.,champion was based off of a short story.
191335,NOT VERIFIABLE,NOT ENOUGH INFO,From the Earth to the Moon is a miniseries.,"[[[223728, None, None, None]]]",From the Earth to the Moon is a miniseries.,from the earth to the moon is a miniseries.
57835,VERIFIABLE,SUPPORTS,Pablo Escobar was a drug smuggler.,"[[[74171, 85395, 'Pablo_Escobar', 1]]]",Pablo Escobar was a drug smuggler.,pablo escobar was a drug smuggler.
202334,NOT VERIFIABLE,NOT ENOUGH INFO,Destiny was released for the Wii.,"[[[238363, None, None, None]]]",Destiny was released for the Wii.,destiny was released for the wii.
95727,VERIFIABLE,SUPPORTS,Vincent Cassel starred in Ocean's Thirteen.,"[[[113237, 127122, 'Vincent_Cassel', 0]]]",Vincent Cassel starred in Ocean's Thirteen.,vincent cassel starred in ocean's thirteen.
191389,VERIFIABLE,REFUTES,Clark Gable was in The Matrix.,"[[[223789, 228729, 'Clark_Gable', 0], [223789, 228729, 'The_Matrix', 0]]]",Clark Gable was in The Matrix.,clark gable was in the matrix.
216044,NOT VERIFIABLE,NOT ENOUGH INFO,The 19th G7 summit included Mexico.,"[[[256673, None, None, None]]]",The 19th G7 summit included Mexico.,the 19th g7 summit included mexico.
199034,VERIFIABLE,REFUTES,International Relations only includes the entertainment industry.,"[[[234016, 236908, 'International_relations', 0]], [[234016, 236909, 'International_relations', 1]], [[234016, 236910, 'International_relations', 2]], [[234016, 236911, 'International_relations', 9]], [[234016, 236912, 'International_relations', 10]]]",International Relations only includes the entertainment industry.,international relations only includes the entertainment industry.
223121,NOT VERIFIABLE,NOT ENOUGH INFO,Your Highness stars a bird.,"[[[265775, None, None, None]]]",Your Highness stars a bird.,your highness stars a bird.
63525,NOT VERIFIABLE,NOT ENOUGH INFO,Nick Jonas was released by the dead.,"[[[79955, None, None, None]]]",Nick Jonas was released by the dead.,nick jonas was released by the dead.
199115,VERIFIABLE,REFUTES,International Relations only includes the entertainment industry.,"[[[234110, 237002, 'International_relations', 9]], [[234110, 237003, 'International_relations', 10]]]",International Relations only includes the entertainment industry.,international relations only includes the entertainment industry.
52017,NOT VERIFIABLE,NOT ENOUGH INFO,Saturn is a Christian state.,"[[[68323, None, None, None]]]",Saturn is a Christian state.,saturn is a christian state.
66387,VERIFIABLE,REFUTES,Paris Hilton is Canadian.,"[[[82952, 94827, 'Paris_Hilton', 0]]]",Paris Hilton is Canadian.,paris hilton is canadian.
201934,NOT VERIFIABLE,NOT ENOUGH INFO,Alessia Cara has yet to release any EPs.,"[[[237770, None, None, None]]]",Alessia Cara has yet to release any EPs.,alessia cara has yet to release any eps.
203295,NOT VERIFIABLE,NOT ENOUGH INFO,Extreme environments can be caused by a variety of factors that push equilibrium off.,"[[[239793, None, None, None]]]",Extreme environments can be caused by a variety of factors that push equilibrium off.,extreme environments can be caused by a variety of factors that push equilibrium off.
144210,NOT VERIFIABLE,NOT ENOUGH INFO,Umbrella was released through Capital Records.,"[[[167388, None, None, None]]]",Umbrella was released through Capital Records.,umbrella was released through capital records.
193139,VERIFIABLE,REFUTES,A Song of Ice and Fire is a movie.,"[[[226131, 230712, 'A_Song_of_Ice_and_Fire', 0]], [[226132, 230713, 'A_Song_of_Ice_and_Fire', 0]], [[226135, 230720, 'A_Song_of_Ice_and_Fire', 0]], [[226135, 230721, 'A_Song_of_Ice_and_Fire', 1], [226135, 230721, 'A_Game_of_Thrones', 0]]]",A Song of Ice and Fire is a movie.,a song of ice and fire is a movie.
32527,VERIFIABLE,REFUTES,Paul Pogba is a basketball player.,"[[[48622, 57927, 'Paul_Pogba', 0]]]",Paul Pogba is a basketball player.,paul pogba is a basketball player.
192889,VERIFIABLE,SUPPORTS,Lindsay Lohan has no clothing lines.,"[[[225816, 230394, 'Lindsay_Lohan', 17]]]",Lindsay Lohan has no clothing lines.,lindsay lohan has no clothing lines.
155208,VERIFIABLE,REFUTES,The Hermetic Order of the Golden Dawn was devoted to knowledge.,"[[[179288, 191838, 'Hermetic_Order_of_the_Golden_Dawn', 0]]]",The Hermetic Order of the Golden Dawn was devoted to knowledge.,the hermetic order of the golden dawn was devoted to knowledge.
177879,NOT VERIFIABLE,NOT ENOUGH INFO,Sophie Turner starred in a film.,"[[[206174, None, None, None]]]",Sophie Turner starred in a film.,sophie turner starred in a film.
29764,NOT VERIFIABLE,NOT ENOUGH INFO,Pablo Escobar was a drug smuggler.,"[[[45886, None, None, None]]]",Pablo Escobar was a drug smuggler.,pablo escobar was a drug smuggler.
79972,NOT VERIFIABLE,NOT ENOUGH INFO,Hugo Weaving is in a boat.,"[[[96929, None, None, None]]]",Hugo Weaving is in a boat.,hugo weaving is in a boat.
194114,NOT VERIFIABLE,NOT ENOUGH INFO,To The Bone includes Emma Stone.,"[[[227321, None, None, None]]]",To The Bone includes Emma Stone.,to the bone includes emma stone.
68912,NOT VERIFIABLE,NOT ENOUGH INFO,"Michael Caine starred in Get Carter, The Last Valley, Sleuth, The Man Who Would Be King, and A Bridge Too Far.","[[[85549, None, None, None]]]","Michael Caine starred in Get Carter, The Last Valley, Sleuth, The Man Who Would Be King, and A Bridge Too Far.","michael caine starred in get carter, the last valley, sleuth, the man who would be king, and a bridge too far."
34291,NOT VERIFIABLE,NOT ENOUGH INFO,Zindagi Na Milegi Dobara stars Akshay Kumar.,"[[[50412, None, None, None]]]",Zindagi Na Milegi Dobara stars Akshay Kumar.,zindagi na milegi dobara stars akshay kumar.
219089,NOT VERIFIABLE,NOT ENOUGH INFO,Deadpool 2 featured superheroes.,"[[[260584, None, None, None]]]",Deadpool 2 featured superheroes.,deadpool 2 featured superheroes.
152671,VERIFIABLE,REFUTES,The West Wing contains no rooms.,"[[[295623, 287693, 'West_Wing', 1]], [[297271, 288933, 'West_Wing', 1]], [[297271, 288934, 'West_Wing', 4]], [[297271, 288935, 'West_Wing', 5]], [[297271, 288936, 'West_Wing', 8]], [[341863, 326133, 'West_Wing', 1]], [[341998, 326214, 'West_Wing', 1]]]",The West Wing contains no rooms.,the west wing contains no rooms.
109015,VERIFIABLE,REFUTES,Egypt is a member of the Boys and Girls Club.,"[[[127884, 142576, 'Egypt', 20]]]",Egypt is a member of the Boys and Girls Club.,egypt is a member of the boys and girls club.
225129,NOT VERIFIABLE,NOT ENOUGH INFO,Chet Atkins only produced records for Michael Jackson.,"[[[268272, None, None, None]]]",Chet Atkins only produced records for Michael Jackson.,chet atkins only produced records for michael jackson.
182545,VERIFIABLE,SUPPORTS,"Entertainment, sports, news, politics, fashion/clothes, technology, and slang are popular culture categories.","[[[212322, 219898, 'Popular_culture', 2]]]","Entertainment, sports, news, politics, fashion/clothes, technology, and slang are popular culture categories.","entertainment, sports, news, politics, fashion/clothes, technology, and slang are popular culture categories."
90969,VERIFIABLE,SUPPORTS,LGBT is an acronym.,"[[[108310, 121855, 'LGBT', 0], [108310, 121855, 'Acronym', 0]], [[108310, 121856, 'LGBT', 6]], [[108310, 121857, 'LGBT', 9]], [[108310, 121858, 'LGBT', 5]]]",LGBT is an acronym.,lgbt is an acronym.
205951,NOT VERIFIABLE,NOT ENOUGH INFO,Cosmopolitan as of 2011 contains content which includes articles on home decor.,"[[[243391, None, None, None]]]",Cosmopolitan as of 2011 contains content which includes articles on home decor.,cosmopolitan as of 2011 contains content which includes articles on home decor.
188053,VERIFIABLE,SUPPORTS,Thiokol was also known as Thiokol Chemical Corporation.,"[[[219447, 225452, 'Thiokol', 0]]]",Thiokol was also known as Thiokol Chemical Corporation.,thiokol was also known as thiokol chemical corporation.
199109,VERIFIABLE,SUPPORTS,International Relations includes many subject matters.,"[[[234102, 236992, 'International_relations', 9]], [[234102, 236993, 'International_relations', 10]]]",International Relations includes many subject matters.,international relations includes many subject matters.
145450,NOT VERIFIABLE,NOT ENOUGH INFO,Ecuador borders other countries.,"[[[168762, None, None, None]]]",Ecuador borders other countries.,ecuador borders other countries.
221803,VERIFIABLE,REFUTES,Tamera Mowry has a fraternal twin.,"[[[264133, 261677, 'Tamera_Mowry', 1], [264133, 261677, 'Twin', 1]]]",Tamera Mowry has a fraternal twin.,tamera mowry has a fraternal twin.
209541,VERIFIABLE,SUPPORTS,"Sleep can be disrupted by dyssomnia, insomnia, hypersomnia, narcolepsy, sleep apnea, parasomnia, sleepwalking, REM behavior disorder, bruxism, and circadian rhythm sleep disorders.","[[[248103, 248349, 'Sleep', 13]]]","Sleep can be disrupted by dyssomnia, insomnia, hypersomnia, narcolepsy, sleep apnea, parasomnia, sleepwalking, REM behavior disorder, bruxism, and circadian rhythm sleep disorders.","sleep can be disrupted by dyssomnia, insomnia, hypersomnia, narcolepsy, sleep apnea, parasomnia, sleepwalking, rem behavior disorder, bruxism, and circadian rhythm sleep disorders."
60797,VERIFIABLE,REFUTES,Same-sex marriage is illegal in the Republic of Ireland.,"[[[77243, 88655, 'Same-sex_marriage', 7]]]",Same-sex marriage is illegal in the Republic of Ireland.,same-sex marriage is illegal in the republic of ireland.
209025,NOT VERIFIABLE,NOT ENOUGH INFO,Chris Terrio is an American screenwriter.,"[[[247431, None, None, None]]]",Chris Terrio is an American screenwriter.,chris terrio is an american screenwriter.
156798,NOT VERIFIABLE,NOT ENOUGH INFO,Bermuda is part of one of the largest empires in history.,"[[[180904, None, None, None]]]",Bermuda is part of one of the largest empires in history.,bermuda is part of one of the largest empires in history.
213271,VERIFIABLE,SUPPORTS,The Nile drains through a region.,"[[[253045, 252902, 'Nile', 2]], [[253046, 252903, 'Nile', 2]]]",The Nile drains through a region.,the nile drains through a region.
110497,NOT VERIFIABLE,NOT ENOUGH INFO,The South Wales Valleys are also known as something else.,"[[[129652, None, None, None]]]",The South Wales Valleys are also known as something else.,the south wales valleys are also known as something else.
142321,NOT VERIFIABLE,NOT ENOUGH INFO,Hypothyroidism is harmless.,"[[[165384, None, None, None]]]",Hypothyroidism is harmless.,hypothyroidism is harmless.
228860,NOT VERIFIABLE,NOT ENOUGH INFO,Drama school offers a Ph.D.,"[[[273061, None, None, None]]]",Drama school offers a Ph.D.,drama school offers a ph.d.
199098,VERIFIABLE,REFUTES,International Relations only includes the entertainment industry.,"[[[234089, 236986, 'International_relations', 0]]]",International Relations only includes the entertainment industry.,international relations only includes the entertainment industry.
130123,NOT VERIFIABLE,NOT ENOUGH INFO,Allen Ginsberg wrote a poem about Syrian refugees.,"[[[286900, None, None, None], [289035, None, None, None], [290734, None, None, None], [333980, None, None, None], [334790, None, None, None]]]",Allen Ginsberg wrote a poem about Syrian refugees.,allen ginsberg wrote a poem about syrian refugees.
163408,NOT VERIFIABLE,NOT ENOUGH INFO,Ilkhanate contained large amounts of territory.,"[[[298558, None, None, None], [344243, None, None, None]]]",Ilkhanate contained large amounts of territory.,ilkhanate contained large amounts of territory.
180922,NOT VERIFIABLE,NOT ENOUGH INFO,Tipper Gore is an artist.,"[[[209998, None, None, None], [209999, None, None, None]]]",Tipper Gore is an artist.,tipper gore is an artist.
86445,NOT VERIFIABLE,NOT ENOUGH INFO,Becoming Jane had John Hunter Spence as a future consultant.,"[[[103628, None, None, None]]]",Becoming Jane had John Hunter Spence as a future consultant.,becoming jane had john hunter spence as a future consultant.
188426,NOT VERIFIABLE,NOT ENOUGH INFO,Joey Graceffa is a YouTube personage.,"[[[219923, None, None, None]]]",Joey Graceffa is a YouTube personage.,joey graceffa is a youtube personage.
150324,NOT VERIFIABLE,NOT ENOUGH INFO,Boromir is mentioned in The Lord of the Rings series.,"[[[174151, None, None, None]]]",Boromir is mentioned in The Lord of the Rings series.,boromir is mentioned in the lord of the rings series.
137599,VERIFIABLE,REFUTES,Broadchurch is a movie.,"[[[160377, 174893, 'Broadchurch', 0]], [[160377, 174894, 'Broadchurch', 2]], [[160377, 174895, 'Broadchurch', 3]], [[160377, 174896, 'Broadchurch', 4]], [[160377, 174897, 'Broadchurch', 7]], [[160377, 174898, 'Broadchurch', 9]], [[160377, 174899, 'Broadchurch', 10]], [[160377, 174900, 'Broadchurch', 8]], [[160377, 174901, 'Broadchurch', 14]], [[160377, 174902, 'Broadchurch', 17]], [[160377, 174903, 'Broadchurch', 18]], [[160377, 174904, 'Broadchurch', 19]], [[160377, 174905, 'Broadchurch', 20]]]",Broadchurch is a movie.,broadchurch is a movie.
228166,VERIFIABLE,REFUTES,Kafka stars an english actor.,"[[[272193, 267890, 'Kafka_-LRB-film-RRB-', 2], [272193, 267890, 'Jeremy_Irons', 0]]]",Kafka stars an english actor.,kafka stars an english actor.
144674,NOT VERIFIABLE,NOT ENOUGH INFO,Northeast megalopolis includes Portland.,"[[[167959, None, None, None]]]",Northeast megalopolis includes Portland.,northeast megalopolis includes portland.
214902,VERIFIABLE,SUPPORTS,History of art includes aesthetics.,"[[[255181, 254664, 'History_of_art', 0], [255181, 254664, 'Aesthetics', 0]]]",History of art includes aesthetics.,history of art includes aesthetics.
190767,NOT VERIFIABLE,NOT ENOUGH INFO,Dysphonia can be characterized by hoarse vocal qualities.,"[[[222958, None, None, None]]]",Dysphonia can be characterized by hoarse vocal qualities.,dysphonia can be characterized by hoarse vocal qualities.
216059,NOT VERIFIABLE,NOT ENOUGH INFO,The 19th G7 summit included Mexico.,"[[[256695, None, None, None]]]",The 19th G7 summit included Mexico.,the 19th g7 summit included mexico.
37548,NOT VERIFIABLE,NOT ENOUGH INFO,Venice is located in the Venetian Lagoon.,"[[[53743, None, None, None]]]",Venice is located in the Venetian Lagoon.,venice is located in the venetian lagoon.
203939,NOT VERIFIABLE,NOT ENOUGH INFO,Laura Linney was on the Titanic.,"[[[240722, None, None, None]]]",Laura Linney was on the Titanic.,laura linney was on the titanic.
190779,VERIFIABLE,SUPPORTS,Dysphonia can be characterized by hoarse vocal qualities.,"[[[222974, 228063, 'Dysphonia', 2]]]",Dysphonia can be characterized by hoarse vocal qualities.,dysphonia can be characterized by hoarse vocal qualities.
123128,VERIFIABLE,REFUTES,The Prestige is an American film.,"[[[144590, 159600, 'The_Prestige_-LRB-film-RRB-', 0]]]",The Prestige is an American film.,the prestige is an american film.
200702,VERIFIABLE,SUPPORTS,A Song of Ice and Fire is a work.,"[[[236138, 238668, 'A_Song_of_Ice_and_Fire', 0]]]",A Song of Ice and Fire is a work.,a song of ice and fire is a work.
154901,VERIFIABLE,REFUTES,Leslie Howard was American.,"[[[178962, 191501, 'Leslie_Howard_-LRB-actor-RRB-', 0]]]",Leslie Howard was American.,leslie howard was american.
115566,VERIFIABLE,REFUTES,Michelle Pfeiffer was nominated for Worst Supporting Actress.,"[[[135657, 150508, 'Michelle_Pfeiffer', 6]]]",Michelle Pfeiffer was nominated for Worst Supporting Actress.,michelle pfeiffer was nominated for worst supporting actress.
196954,NOT VERIFIABLE,NOT ENOUGH INFO,"Worcester, Massachusetts is 40 mi from the capital of Texas.","[[[231433, None, None, None]]]","Worcester, Massachusetts is 40 mi from the capital of Texas.","worcester, massachusetts is 40 mi from the capital of texas."
121823,VERIFIABLE,SUPPORTS,Ministates include a country.,"[[[143037, 158148, 'Ministate', 3], [143037, 158148, 'Cook_Islands', 0], [143037, 158148, 'Federated_States_of_Micronesia', 5], [143037, 158148, 'Liechtenstein', 16], [143037, 158148, 'Liechtenstein', 17], [143037, 158148, 'Monaco', 1], [143037, 158148, 'Monaco', 3], [143037, 158148, 'Monaco', 5], [143037, 158148, 'Niue', 0], [143037, 158148, 'Niue', 21], [143037, 158148, 'Niue', 25], [143037, 158148, 'San_Marino', 6], [143037, 158148, 'San_Marino', 12], [143037, 158148, 'San_Marino', 18]]]",Ministates include a country.,ministates include a country.
111735,NOT VERIFIABLE,NOT ENOUGH INFO,Lion was directed by Garth Davis in 2016.,"[[[131136, None, None, None]]]",Lion was directed by Garth Davis in 2016.,lion was directed by garth davis in 2016.
213093,VERIFIABLE,SUPPORTS,Marlon Brando was in a film.,"[[[252757, 252597, 'Marlon_Brando', 0]], [[252757, 252598, 'Marlon_Brando', 1]], [[252757, 252599, 'Marlon_Brando', 3]], [[252757, 252600, 'Marlon_Brando', 4]], [[252757, 252601, 'Marlon_Brando', 8]], [[252757, 252602, 'Marlon_Brando', 9]], [[252757, 252603, 'Marlon_Brando', 10]], [[252757, 252604, 'Marlon_Brando', 11]], [[252757, 252605, 'Marlon_Brando', 16]], [[252757, 252606, 'Marlon_Brando', 17]], [[252757, 252607, 'Marlon_Brando', 18]], [[252757, 252608, 'Marlon_Brando', 23]], [[252757, 252609, 'Marlon_Brando', 19], [252757, 252609, 'Last_Tango_in_Paris', 0]], [[252757, 252610, 'Marlon_Brando', 26]]]",Marlon Brando was in a film.,marlon brando was in a film.
193508,NOT VERIFIABLE,NOT ENOUGH INFO,Maisie Williams portrays Sansa Stark.,"[[[226584, None, None, None]]]",Maisie Williams portrays Sansa Stark.,maisie williams portrays sansa stark.
220782,VERIFIABLE,REFUTES,The Royal Tenenbaums only stars Emma Stone.,"[[[262775, 260660, 'The_Royal_Tenenbaums', 1], [262775, 260660, 'The_Royal_Tenenbaums', 0]]]",The Royal Tenenbaums only stars Emma Stone.,the royal tenenbaums only stars emma stone.
177607,NOT VERIFIABLE,NOT ENOUGH INFO,Fences stars Emma Stone.,"[[[207225, None, None, None]]]",Fences stars Emma Stone.,fences stars emma stone.
105915,NOT VERIFIABLE,NOT ENOUGH INFO,Andrew Garfield is a person.,"[[[124326, None, None, None]]]",Andrew Garfield is a person.,andrew garfield is a person.
205970,NOT VERIFIABLE,NOT ENOUGH INFO,Cosmopolitan as of 2011 contains content which includes articles on home decor.,"[[[243420, None, None, None]]]",Cosmopolitan as of 2011 contains content which includes articles on home decor.,cosmopolitan as of 2011 contains content which includes articles on home decor.
228882,NOT VERIFIABLE,NOT ENOUGH INFO,Drama school offers a Ph.D.,"[[[273091, None, None, None]]]",Drama school offers a Ph.D.,drama school offers a ph.d.
176081,NOT VERIFIABLE,NOT ENOUGH INFO,Caryn Mandabach produced Canadian hits.,"[[[203898, None, None, None]]]",Caryn Mandabach produced Canadian hits.,caryn mandabach produced canadian hits.
150089,VERIFIABLE,SUPPORTS,Giacomo Casanova was a person.,"[[[173919, 187095, 'Giacomo_Casanova', 0]], [[173919, 187096, 'Giacomo_Casanova', 5]], [[173919, 187097, 'Giacomo_Casanova', 10]], [[173919, 187098, 'Giacomo_Casanova', 8]], [[173919, 187099, 'Giacomo_Casanova', 1], [173919, 187099, 'Histoire_de_ma_vie', 0]]]",Giacomo Casanova was a person.,giacomo casanova was a person.
70137,NOT VERIFIABLE,NOT ENOUGH INFO,Gucci is part of the Chanel Group.,"[[[86803, None, None, None]]]",Gucci is part of the Chanel Group.,gucci is part of the chanel group.
157029,VERIFIABLE,SUPPORTS,Matt Smith's first televised part was in the BBC adaptation of Philip Pullman's The Shadow in the North.,"[[[181147, 193428, 'Matt_Smith_-LRB-actor-RRB-', 9]]]",Matt Smith's first televised part was in the BBC adaptation of Philip Pullman's The Shadow in the North.,matt smith's first televised part was in the bbc adaptation of philip pullman's the shadow in the north.
188046,VERIFIABLE,REFUTES,Thiokol was also known as Satan.,"[[[219437, 225443, 'Thiokol', 0]]]",Thiokol was also known as Satan.,thiokol was also known as satan.
186163,VERIFIABLE,SUPPORTS,There are people in Ontario.,"[[[217096, 223734, 'Ontario', 1]], [[217096, 223735, 'Ontario', 3]], [[217096, 223736, 'Ontario', 13]], [[217096, 223738, 'Ontario', 14]]]",There are people in Ontario.,there are people in ontario.
56015,VERIFIABLE,SUPPORTS,"Eminem sings ""Lose Yourself.""","[[[72371, 83425, 'Eminem', 20], [72371, 83425, 'Lose_Yourself', 0]]]","Eminem sings ""Lose Yourself.""","eminem sings ""lose yourself."""
205630,VERIFIABLE,SUPPORTS,Wyatt Earp worked to extract minerals.,"[[[242971, 244225, 'Wyatt_Earp', 5], [242971, 244225, 'Mining', 0]]]",Wyatt Earp worked to extract minerals.,wyatt earp worked to extract minerals.
101990,VERIFIABLE,SUPPORTS,Wonder Woman is a movie character.,"[[[278971, 273629, 'Wonder_Woman', 27]], [[278971, 273630, 'Wonder_Woman', 28]], [[280598, 275007, 'Wonder_Woman', 27]], [[280901, 275286, 'Wonder_Woman', 28]], [[280901, 275287, 'Wonder_Woman', 27]], [[327079, 314404, 'Wonder_Woman', 27]], [[327079, 314405, 'Wonder_Woman', 28]], [[327081, 314406, 'Wonder_Woman', 27]], [[327094, 314423, 'Wonder_Woman', 28]], [[327094, 314424, 'Wonder_Woman', 27]]]",Wonder Woman is a movie character.,wonder woman is a movie character.
203266,VERIFIABLE,SUPPORTS,Extreme environments can be caused by a variety of factors that push equilibrium off.,"[[[239763, 241503, 'Extreme_environment', 1]]]",Extreme environments can be caused by a variety of factors that push equilibrium off.,extreme environments can be caused by a variety of factors that push equilibrium off.
144539,VERIFIABLE,SUPPORTS,Travis Scott is an American citizen.,"[[[167784, 181549, 'Travis_Scott', 0]]]",Travis Scott is an American citizen.,travis scott is an american citizen.
225483,VERIFIABLE,SUPPORTS,Ice Hockey is popular in Russia.,"[[[268703, 265193, 'Ice_hockey', 21]], [[268703, 265194, 'Ice_hockey', 7]]]",Ice Hockey is popular in Russia.,ice hockey is popular in russia.
26408,VERIFIABLE,REFUTES,Justified won ten Primetime Emmy Awards.,"[[[42470, 51117, 'Justified_-LRB-TV_series-RRB-', 8]]]",Justified won ten Primetime Emmy Awards.,justified won ten primetime emmy awards.
179528,NOT VERIFIABLE,NOT ENOUGH INFO,Every episode of The Singing Detective is called Pilot.,"[[[208340, None, None, None]]]",Every episode of The Singing Detective is called Pilot.,every episode of the singing detective is called pilot.
227399,VERIFIABLE,SUPPORTS,Jun Ji-hyun is in a film.,"[[[271200, 267134, 'Jun_Ji-hyun', 1], [271200, 267134, 'My_Sassy_Girl', 0]], [[271200, 267135, 'Jun_Ji-hyun', 2], [271200, 267135, 'Windstruck', 2]]]",Jun Ji-hyun is in a film.,jun ji-hyun is in a film.
111162,VERIFIABLE,SUPPORTS,Dangal's (film) principal photography commenced in India.,"[[[130545, 145325, 'Dangal_-LRB-film-RRB-', 6], [130545, 145325, 'Punjab_-LRB-region-RRB-', 2]]]",Dangal's (film) principal photography commenced in India.,dangal's (film) principal photography commenced in india.
218894,VERIFIABLE,SUPPORTS,Renaissance art involved an artist.,"[[[260276, 258703, 'Renaissance_art', 0], [260276, 258703, 'Renaissance', 12]]]",Renaissance art involved an artist.,renaissance art involved an artist.
5441,NOT VERIFIABLE,NOT ENOUGH INFO,Amaze Entertainment was a company.,"[[[11520, None, None, None]]]",Amaze Entertainment was a company.,amaze entertainment was a company.
69595,VERIFIABLE,SUPPORTS,"Beverly Hills, 90210 addressed numerous topical issues such as date rape, gay rights, animal rights, alcoholism, drug abuse, domestic violence, sex, antisemitism, racism, teenage suicide, teenage pregnancy, and AIDS.","[[[222232, 227610, 'Beverly_Hills,_90210', 10]], [[224809, 229576, 'Beverly_Hills,_90210', 10]], [[317874, 306878, 'Beverly_Hills,_90210', 10]], [[319584, 308313, 'Beverly_Hills,_90210', 10], [319584, 308313, 'Beverly_Hills,_90210', 0]]]","Beverly Hills, 90210 addressed numerous topical issues such as date rape, gay rights, animal rights, alcoholism, drug abuse, domestic violence, sex, antisemitism, racism, teenage suicide, teenage pregnancy, and AIDS.","beverly hills, 90210 addressed numerous topical issues such as date rape, gay rights, animal rights, alcoholism, drug abuse, domestic violence, sex, antisemitism, racism, teenage suicide, teenage pregnancy, and aids."
112605,VERIFIABLE,REFUTES,Land Rover makes Lamborghini.,"[[[132134, 147011, 'Land_Rover', 5]], [[132134, 147012, 'Land_Rover', 0]]]",Land Rover makes Lamborghini.,land rover makes lamborghini.
163382,VERIFIABLE,SUPPORTS,Ilkhanate contained large amounts of territory.,"[[[187939, 199495, 'Ilkhanate', 4]]]",Ilkhanate contained large amounts of territory.,ilkhanate contained large amounts of territory.
42341,VERIFIABLE,SUPPORTS,Grant Gustin is a dancer.,"[[[58624, 68926, 'Grant_Gustin', 0]], [[58627, 68928, 'Grant_Gustin', 0]], [[58650, 68961, 'Grant_Gustin', 0]]]",Grant Gustin is a dancer.,grant gustin is a dancer.
192416,NOT VERIFIABLE,NOT ENOUGH INFO,Francois de Belleforest translated the works of Elena Ferrante.,"[[[225085, None, None, None]]]",Francois de Belleforest translated the works of Elena Ferrante.,francois de belleforest translated the works of elena ferrante.
103486,VERIFIABLE,SUPPORTS,George A. Romero directed a movie.,"[[[121489, 135767, 'George_A._Romero', 0], [121489, 135767, 'Dawn_of_the_Dead_-LRB-1978_film-RRB-', 0], [121489, 135767, 'Day_of_the_Dead_-LRB-1985_film-RRB-', 0]], [[121489, 135769, 'George_A._Romero', 1], [121489, 135769, 'Creepshow', 0], [121489, 135769, 'Martin_-LRB-1978_film-RRB-', 0], [121489, 135769, 'Monkey_Shines', 0], [121489, 135769, 'The_Crazies_-LRB-1973_film-RRB-', 1], [121489, 135769, 'The_Dark_Half_-LRB-film-RRB-', 1]]]",George A. Romero directed a movie.,george a. romero directed a movie.
147052,NOT VERIFIABLE,NOT ENOUGH INFO,Tyra Banks executive produced America's Got Talent.,"[[[170609, None, None, None]]]",Tyra Banks executive produced America's Got Talent.,tyra banks executive produced america's got talent.
187687,VERIFIABLE,SUPPORTS,United Kingdom is a member of the United Nations.,"[[[218997, 225145, 'United_Kingdom', 36]]]",United Kingdom is a member of the United Nations.,united kingdom is a member of the united nations.
154347,NOT VERIFIABLE,NOT ENOUGH INFO,Same-sex marriage is illegal in the Republic of Ireland.,"[[[178333, None, None, None]]]",Same-sex marriage is illegal in the Republic of Ireland.,same-sex marriage is illegal in the republic of ireland.
96304,VERIFIABLE,REFUTES,Larry Junstrom is Canadian.,"[[[113854, 127712, 'Larry_Junstrom', 0]]]",Larry Junstrom is Canadian.,larry junstrom is canadian.
41862,VERIFIABLE,REFUTES,Tony Blair was Prime Minister of Spain.,"[[[58144, 68356, 'Tony_Blair', 0]]]",Tony Blair was Prime Minister of Spain.,tony blair was prime minister of spain.
34548,NOT VERIFIABLE,NOT ENOUGH INFO,Venus has a similar size to Mars.,"[[[50729, None, None, None]]]",Venus has a similar size to Mars.,venus has a similar size to mars.
68672,NOT VERIFIABLE,NOT ENOUGH INFO,Kirk Douglas is a director.,"[[[85297, None, None, None]]]",Kirk Douglas is a director.,kirk douglas is a director.
223914,VERIFIABLE,REFUTES,All original members of Stone Temple Pilots were exclusively from Somalia.,"[[[266757, 263640, 'Stone_Temple_Pilots', 0]]]",All original members of Stone Temple Pilots were exclusively from Somalia.,all original members of stone temple pilots were exclusively from somalia.
213237,NOT VERIFIABLE,NOT ENOUGH INFO,The Nile drains through a forest.,"[[[252962, None, None, None]]]",The Nile drains through a forest.,the nile drains through a forest.
199117,VERIFIABLE,REFUTES,International Relations only includes the entertainment industry.,"[[[234112, 237009, 'International_relations', 9]], [[234112, 237010, 'International_relations', 10]]]",International Relations only includes the entertainment industry.,international relations only includes the entertainment industry.
18833,VERIFIABLE,REFUTES,Audrey Hepburn is a singer.,"[[[34471, 41812, 'Audrey_Hepburn', 0]]]",Audrey Hepburn is a singer.,audrey hepburn is a singer.
7801,NOT VERIFIABLE,NOT ENOUGH INFO,The Prestige was directed by James Cameron.,"[[[12814, None, None, None]]]",The Prestige was directed by James Cameron.,the prestige was directed by james cameron.
184850,NOT VERIFIABLE,NOT ENOUGH INFO,Hungary is bordered by China.,"[[[215369, None, None, None]]]",Hungary is bordered by China.,hungary is bordered by china.
214917,NOT VERIFIABLE,NOT ENOUGH INFO,"History of art includes architecture, dance, sculpture, music, painting, poetry literature, theatre, narrative, film, photography and graphic arts.","[[[255196, None, None, None]]]","History of art includes architecture, dance, sculpture, music, painting, poetry literature, theatre, narrative, film, photography and graphic arts.","history of art includes architecture, dance, sculpture, music, painting, poetry literature, theatre, narrative, film, photography and graphic arts."
114275,NOT VERIFIABLE,NOT ENOUGH INFO,Toyota is incapable of creating anything.,"[[[134195, None, None, None]]]",Toyota is incapable of creating anything.,toyota is incapable of creating anything.
179655,NOT VERIFIABLE,NOT ENOUGH INFO,Michael Giacchino composed the score for Dunkirk.,"[[[208499, None, None, None]]]",Michael Giacchino composed the score for Dunkirk.,michael giacchino composed the score for dunkirk.
84740,VERIFIABLE,REFUTES,Frank is a dead body.,"[[[101811, 115053, 'Frank_-LRB-Amy_Winehouse_album-RRB-', 0]], [[101811, 115054, 'Frank_-LRB-Amy_Winehouse_album-RRB-', 1]], [[101811, 115055, 'Frank_-LRB-Amy_Winehouse_album-RRB-', 2]], [[101811, 115056, 'Frank_-LRB-Amy_Winehouse_album-RRB-', 5]], [[101811, 115057, 'Frank_-LRB-Amy_Winehouse_album-RRB-', 6]]]",Frank is a dead body.,frank is a dead body.
80585,NOT VERIFIABLE,NOT ENOUGH INFO,Bonnie Hunt was in Shawshank Redemption.,"[[[97580, None, None, None]]]",Bonnie Hunt was in Shawshank Redemption.,bonnie hunt was in shawshank redemption.
176414,VERIFIABLE,REFUTES,Sunrise created Ghost in the Shell.,"[[[204344, 213156, 'Sunrise_-LRB-company-RRB-', 6], [204344, 213156, 'Ghost_in_the_Shell', 0], [204344, 213156, 'Ghost_in_the_Shell', 4]]]",Sunrise created Ghost in the Shell.,sunrise created ghost in the shell.
203310,VERIFIABLE,SUPPORTS,Extreme environments can be caused by carbon monoxide.,"[[[239818, 241521, 'Extreme_environment', 1]]]",Extreme environments can be caused by carbon monoxide.,extreme environments can be caused by carbon monoxide.
228900,VERIFIABLE,SUPPORTS,Drama school offers a degree.,"[[[273116, 268686, 'Drama_school', 1]], [[273116, 268687, 'Drama_school', 2]]]",Drama school offers a degree.,drama school offers a degree.
199041,NOT VERIFIABLE,NOT ENOUGH INFO,International Relations includes animals.,"[[[234025, None, None, None]]]",International Relations includes animals.,international relations includes animals.
179535,VERIFIABLE,REFUTES,Every episode of The Singing Detective is called Pilot.,"[[[208381, 216443, 'The_Singing_Detective', 1]]]",Every episode of The Singing Detective is called Pilot.,every episode of the singing detective is called pilot.
138627,VERIFIABLE,REFUTES,Land Rover lacks the ability to make cars.,"[[[162757, 177003, 'Land_Rover', 0]], [[162757, 177004, 'Land_Rover', 11]]]",Land Rover lacks the ability to make cars.,land rover lacks the ability to make cars.
214867,VERIFIABLE,REFUTES,History of art only includes computers.,"[[[255141, 254648, 'History_of_art', 2]]]",History of art only includes computers.,history of art only includes computers.
10176,VERIFIABLE,SUPPORTS,Athletics at the Summer Olympics includes field events.,"[[[26032, 31984, 'Athletics_at_the_Summer_Olympics', 2]]]",Athletics at the Summer Olympics includes field events.,athletics at the summer olympics includes field events.
194047,NOT VERIFIABLE,NOT ENOUGH INFO,Duane Hopwood includes Ryan Gosling.,"[[[227236, None, None, None]]]",Duane Hopwood includes Ryan Gosling.,duane hopwood includes ryan gosling.
59731,VERIFIABLE,SUPPORTS,There are Christian states in the world.,"[[[76141, 87437, 'Christian_state', 2]]]",There are Christian states in the world.,there are christian states in the world.
191008,VERIFIABLE,SUPPORTS,What a Girl Wants earned a gold certification in the U.S.,"[[[223297, 228306, 'What_a_Girl_Wants_-LRB-Christina_Aguilera_song-RRB-', 10]]]",What a Girl Wants earned a gold certification in the U.S.,what a girl wants earned a gold certification in the u.s.
160327,NOT VERIFIABLE,NOT ENOUGH INFO,"Beverly Hills, 90210 was a non-political or social commentary show.","[[[298178, None, None, None], [343393, None, None, None], [343400, None, None, None]]]","Beverly Hills, 90210 was a non-political or social commentary show.","beverly hills, 90210 was a non-political or social commentary show."
214134,VERIFIABLE,SUPPORTS,"Celeste and Jesse Forever stars Rashida Jones, Andy Samberg, and Will McCormack.","[[[254204, 253941, 'Celeste_and_Jesse_Forever', 1]]]","Celeste and Jesse Forever stars Rashida Jones, Andy Samberg, and Will McCormack.","celeste and jesse forever stars rashida jones, andy samberg, and will mccormack."
61254,VERIFIABLE,REFUTES,Ringo Starr released the album Back Off Boogaloo.,"[[[77751, 89210, 'Ringo_Starr', 15]]]",Ringo Starr released the album Back Off Boogaloo.,ringo starr released the album back off boogaloo.
81254,VERIFIABLE,REFUTES,Judd Apatow is Canadian.,"[[[98296, 111402, 'Judd_Apatow', 0]]]",Judd Apatow is Canadian.,judd apatow is canadian.
182533,VERIFIABLE,SUPPORTS,There are popular culture categories.,"[[[212343, 219910, 'Popular_culture', 2]]]",There are popular culture categories.,there are popular culture categories.
202357,VERIFIABLE,REFUTES,Destiny was released exclusively for the Wii.,"[[[238397, 240435, 'Destiny_-LRB-video_game-RRB-', 1]]]",Destiny was released exclusively for the Wii.,destiny was released exclusively for the wii.
184823,VERIFIABLE,REFUTES,Hungary is bordered by China.,"[[[215334, 222229, 'Hungary', 1]]]",Hungary is bordered by China.,hungary is bordered by china.
203965,VERIFIABLE,SUPPORTS,"Laura Linney was in Lorenzo's Oil, You Can Count on Me (2000), Kinsey (2004) and The Savages (2007), Primal Fear (1996), The Truman Show (1998), Mystic River (2003), Love Actually (2003) and The Squid and the Whale (2005).","[[[240760, 242351, 'Laura_Linney', 7], [240760, 242351, 'Laura_Linney', 8]]]","Laura Linney was in Lorenzo's Oil, You Can Count on Me (2000), Kinsey (2004) and The Savages (2007), Primal Fear (1996), The Truman Show (1998), Mystic River (2003), Love Actually (2003) and The Squid and the Whale (2005).","laura linney was in lorenzo's oil, you can count on me (2000), kinsey (2004) and the savages (2007), primal fear (1996), the truman show (1998), mystic river (2003), love actually (2003) and the squid and the whale (2005)."
180817,VERIFIABLE,SUPPORTS,Central America contains agriculture.,"[[[209874, 217672, 'Central_America', 2], [209874, 217672, 'Costa_Rica', 13], [209874, 217672, 'El_Salvador', 16]]]",Central America contains agriculture.,central america contains agriculture.
4075,VERIFIABLE,SUPPORTS,Italy's natives are Italians.,"[[[20301, 24846, 'Italy', 0], [20301, 24846, 'Italians', 0]]]",Italy's natives are Italians.,italy's natives are italians.
90851,VERIFIABLE,REFUTES,Morena Baccarin was in the film Batman.,"[[[108181, 121713, 'Morena_Baccarin', 2]]]",Morena Baccarin was in the film Batman.,morena baccarin was in the film batman.
57858,VERIFIABLE,SUPPORTS,Steve Coogan portrayed an American publisher.,"[[[74193, 85414, 'Steve_Coogan', 16], [74193, 85414, 'Paul_Raymond_-LRB-publisher-RRB-', 0]]]",Steve Coogan portrayed an American publisher.,steve coogan portrayed an american publisher.
132020,VERIFIABLE,REFUTES,Reuters only sends out news in English.,"[[[154409, 169150, 'Reuters', 6]], [[154425, 169162, 'Reuters', 6]]]",Reuters only sends out news in English.,reuters only sends out news in english.
200754,NOT VERIFIABLE,NOT ENOUGH INFO,A Song of Ice and Fire is a work.,"[[[236201, None, None, None]]]",A Song of Ice and Fire is a work.,a song of ice and fire is a work.
163417,VERIFIABLE,SUPPORTS,"Ilkhanate contained Iran, Iraq, Armenia, Azerbaijan, Georgia, Turkmenistan, Turkey, western Afghanistan, and southwestern Pakistan.","[[[188114, 199651, 'Ilkhanate', 4]]]","Ilkhanate contained Iran, Iraq, Armenia, Azerbaijan, Georgia, Turkmenistan, Turkey, western Afghanistan, and southwestern Pakistan.","ilkhanate contained iran, iraq, armenia, azerbaijan, georgia, turkmenistan, turkey, western afghanistan, and southwestern pakistan."
466,VERIFIABLE,SUPPORTS,Margot Kidder performed on an adult television series.,"[[[15893, 19750, 'Margot_Kidder', 2]]]",Margot Kidder performed on an adult television series.,margot kidder performed on an adult television series.
184934,NOT VERIFIABLE,NOT ENOUGH INFO,Winnipeg is home to the Parliament of Canada.,"[[[215472, None, None, None]]]",Winnipeg is home to the Parliament of Canada.,winnipeg is home to the parliament of canada.
228861,NOT VERIFIABLE,NOT ENOUGH INFO,"Drama school offers a Bachelor of Arts, Bachelor of Fine Arts, or, occasionally, Bachelor of Science or Bachelor of Design. Graduate students may take a Master of Arts, Master of Science, Master of Fine Arts, Doctor of Arts, Doctor of Fine Arts, or Doctor of Philosophy degree.","[[[273062, None, None, None]]]","Drama school offers a Bachelor of Arts, Bachelor of Fine Arts, or, occasionally, Bachelor of Science or Bachelor of Design. Graduate students may take a Master of Arts, Master of Science, Master of Fine Arts, Doctor of Arts, Doctor of Fine Arts, or Doctor of Philosophy degree.","drama school offers a bachelor of arts, bachelor of fine arts, or, occasionally, bachelor of science or bachelor of design. graduate students may take a master of arts, master of science, master of fine arts, doctor of arts, doctor of fine arts, or doctor of philosophy degree."
133068,VERIFIABLE,SUPPORTS,Merlin was created by a person.,"[[[155562, 170209, 'Merlin_-LRB-2008_TV_series-RRB-', 0]]]",Merlin was created by a person.,merlin was created by a person.
68707,VERIFIABLE,SUPPORTS,A person was a music video director.,"[[[25765, 31701, 'Music_video_director', 8]], [[25765, 31702, 'Music_video_director', 9]], [[25765, 31703, 'Music_video_director', 10], [25765, 31703, 'Chris_Cunningham', 4]]]",A person was a music video director.,a person was a music video director.
162698,VERIFIABLE,REFUTES,Patrick Cutrone is a basketball player.,"[[[298466, 289952, 'Patrick_Cutrone', 0]], [[344064, 327674, 'Patrick_Cutrone', 0]], [[344073, 327682, 'Patrick_Cutrone', 0]]]",Patrick Cutrone is a basketball player.,patrick cutrone is a basketball player.
130916,VERIFIABLE,REFUTES,Get Out stars Brad Pitt.,"[[[153201, 167952, 'Get_Out_-LRB-film-RRB-', 1]]]",Get Out stars Brad Pitt.,get out stars brad pitt.
219102,VERIFIABLE,SUPPORTS,Deadpool 2 features actors.,"[[[260623, 258970, 'Deadpool_-LRB-film-RRB-', 1], [260623, 258970, 'Morena_Baccarin', 0], [260623, 258970, 'Ryan_Reynolds', 0], [260623, 258970, 'Stefan_Kapičić', 0]]]",Deadpool 2 features actors.,deadpool 2 features actors.
172367,NOT VERIFIABLE,NOT ENOUGH INFO,The National Security Agency has at least one official responsibility.,"[[[198941, None, None, None]]]",The National Security Agency has at least one official responsibility.,the national security agency has at least one official responsibility.
130461,NOT VERIFIABLE,NOT ENOUGH INFO,The Catalyst is a rock song.,"[[[286952, None, None, None], [286957, None, None, None], [334890, None, None, None], [334892, None, None, None]]]",The Catalyst is a rock song.,the catalyst is a rock song.
191807,NOT VERIFIABLE,NOT ENOUGH INFO,"Portuguese, Spanish, Asturian-Leonese, Aragonese, Catalan, Gascon, Provençal, Gallo-Wallon, French, Franco-Provençal, Romansh, and Ladin are Western Romance Languages.","[[[224328, None, None, None]]]","Portuguese, Spanish, Asturian-Leonese, Aragonese, Catalan, Gascon, Provençal, Gallo-Wallon, French, Franco-Provençal, Romansh, and Ladin are Western Romance Languages.","portuguese, spanish, asturian-leonese, aragonese, catalan, gascon, provençal, gallo-wallon, french, franco-provençal, romansh, and ladin are western romance languages."
184836,VERIFIABLE,REFUTES,Hungary is surrounded by water.,"[[[215357, 222248, 'Hungary', 1], [215357, 222248, 'Slovakia', 0]]]",Hungary is surrounded by water.,hungary is surrounded by water.
106604,VERIFIABLE,SUPPORTS,Modern liberalism in the United States strongly endorses stuff.,"[[[125130, 139463, 'Modern_liberalism_in_the_United_States', 6]]]",Modern liberalism in the United States strongly endorses stuff.,modern liberalism in the united states strongly endorses stuff.
49870,VERIFIABLE,REFUTES,Michelle Rodriguez worked in graveyards.,"[[[66190, 77026, 'Michelle_Rodriguez', 0]]]",Michelle Rodriguez worked in graveyards.,michelle rodriguez worked in graveyards.
8832,NOT VERIFIABLE,NOT ENOUGH INFO,Portal 2 was only released for PlayStation 4.,"[[[14261, None, None, None]]]",Portal 2 was only released for PlayStation 4.,portal 2 was only released for playstation 4.
209452,VERIFIABLE,REFUTES,Unleashed stars Jackie Chan.,"[[[247957, 248250, 'Unleashed_-LRB-film-RRB-', 0]]]",Unleashed stars Jackie Chan.,unleashed stars jackie chan.
139442,NOT VERIFIABLE,NOT ENOUGH INFO,Saturn is a Christian state.,"[[[162899, None, None, None]]]",Saturn is a Christian state.,saturn is a christian state.
73449,VERIFIABLE,SUPPORTS,Rihanna has never sold a record.,"[[[90216, 102922, 'Rihanna', 10]], [[90216, 102923, 'Rihanna', 13]]]",Rihanna has never sold a record.,rihanna has never sold a record.
79627,VERIFIABLE,REFUTES,Life After Death is by an opera singer.,"[[[96573, 109738, 'Life_After_Death', 0]]]",Life After Death is by an opera singer.,life after death is by an opera singer.
54528,NOT VERIFIABLE,NOT ENOUGH INFO,Bonnie Hunt was in Shawshank Redemption.,"[[[168733, None, None, None], [170868, None, None, None], [173001, None, None, None], [313689, None, None, None]]]",Bonnie Hunt was in Shawshank Redemption.,bonnie hunt was in shawshank redemption.
38013,NOT VERIFIABLE,NOT ENOUGH INFO,XXx: Return of Xander Cage is a drama film.,"[[[54196, None, None, None]]]",XXx: Return of Xander Cage is a drama film.,xxx: return of xander cage is a drama film.
82363,VERIFIABLE,SUPPORTS,Venice is located in the Venetian Lagoon.,"[[[99421, 112527, 'Venice', 2]]]",Venice is located in the Venetian Lagoon.,venice is located in the venetian lagoon.
152725,VERIFIABLE,REFUTES,Land Rover makes Lamborghini.,"[[[176666, 189610, 'Land_Rover', 0], [176666, 189610, 'Lamborghini', 1]]]",Land Rover makes Lamborghini.,land rover makes lamborghini.
213619,VERIFIABLE,REFUTES,Kate & Leopold is a horror film.,"[[[253524, 253363, 'Kate_&_Leopold', 0]]]",Kate & Leopold is a horror film.,kate & leopold is a horror film.
34492,VERIFIABLE,SUPPORTS,Reuters transmits news in at least one language.,"[[[50677, 60263, 'Reuters', 6]]]",Reuters transmits news in at least one language.,reuters transmits news in at least one language.
209555,VERIFIABLE,SUPPORTS,"Sleep can be disrupted by dyssomnia, insomnia, hypersomnia, narcolepsy, sleep apnea, parasomnia, sleepwalking, REM behavior disorder, bruxism, and circadian rhythm sleep disorders.","[[[248113, 248355, 'Sleep', 13]]]","Sleep can be disrupted by dyssomnia, insomnia, hypersomnia, narcolepsy, sleep apnea, parasomnia, sleepwalking, REM behavior disorder, bruxism, and circadian rhythm sleep disorders.","sleep can be disrupted by dyssomnia, insomnia, hypersomnia, narcolepsy, sleep apnea, parasomnia, sleepwalking, rem behavior disorder, bruxism, and circadian rhythm sleep disorders."
199133,VERIFIABLE,REFUTES,International Relations only includes the entertainment industry.,"[[[234132, 237034, 'International_relations', 0]], [[234132, 237035, 'International_relations', 1]], [[234132, 237036, 'International_relations', 2]], [[234132, 237037, 'International_relations', 9]], [[234132, 237038, 'International_relations', 10]]]",International Relations only includes the entertainment industry.,international relations only includes the entertainment industry.
75456,NOT VERIFIABLE,NOT ENOUGH INFO,Burundi is a sovereign state.,"[[[92247, None, None, None]]]",Burundi is a sovereign state.,burundi is a sovereign state.
140259,NOT VERIFIABLE,NOT ENOUGH INFO,Tupac is ranked as one of the greatest businessmen of all time.,"[[[163222, None, None, None]]]",Tupac is ranked as one of the greatest businessmen of all time.,tupac is ranked as one of the greatest businessmen of all time.
119256,VERIFIABLE,REFUTES,Frank Sinatra died in December.,"[[[140173, 155174, 'Frank_Sinatra', 0]]]",Frank Sinatra died in December.,frank sinatra died in december.
200499,VERIFIABLE,SUPPORTS,The Twilight series's first book was called Midnight Sun.,"[[[235850, 238449, 'Twilight_-LRB-novel_series-RRB-', 3]]]",The Twilight series's first book was called Midnight Sun.,the twilight series's first book was called midnight sun.
187722,VERIFIABLE,REFUTES,The United Kingdom is a member of no organizations.,"[[[219039, 225171, 'United_Kingdom', 39]], [[219040, 225172, 'United_Kingdom', 39]]]",The United Kingdom is a member of no organizations.,the united kingdom is a member of no organizations.
7771,NOT VERIFIABLE,NOT ENOUGH INFO,The Boys from Brazil features a corpse.,"[[[12674, None, None, None], [19306, None, None, None], [19927, None, None, None], [186863, None, None, None], [301179, None, None, None]]]",The Boys from Brazil features a corpse.,the boys from brazil features a corpse.
117014,VERIFIABLE,SUPPORTS,Donald Sutherland is a person.,"[[[137373, 152232, 'Donald_Sutherland', 0]], [[137373, 152233, 'Donald_Sutherland', 3]], [[137373, 152234, 'Donald_Sutherland', 4]], [[137373, 152235, 'Donald_Sutherland', 7]], [[137373, 152236, 'Donald_Sutherland', 10]], [[137373, 152237, 'Donald_Sutherland', 11]], [[137373, 152238, 'Donald_Sutherland', 12]], [[137373, 152239, 'Donald_Sutherland', 13], [137373, 152239, 'Angus_Sutherland_-LRB-actor-RRB-', 0]]]",Donald Sutherland is a person.,donald sutherland is a person.
184858,VERIFIABLE,REFUTES,Hungary is surrounded by water.,"[[[215377, 222262, 'Hungary', 1], [215377, 222262, 'Slovenia', 0]]]",Hungary is surrounded by water.,hungary is surrounded by water.
130852,VERIFIABLE,REFUTES,Unforgettable is an erotic thriller book.,"[[[153110, 167854, 'Unforgettable_-LRB-2017_film-RRB-', 0]]]",Unforgettable is an erotic thriller book.,unforgettable is an erotic thriller book.
206891,NOT VERIFIABLE,NOT ENOUGH INFO,Ayutthaya refused all foreigners.,"[[[244634, None, None, None]]]",Ayutthaya refused all foreigners.,ayutthaya refused all foreigners.
216071,NOT VERIFIABLE,NOT ENOUGH INFO,The 19th G7 summit included Mexico.,"[[[256710, None, None, None], [256712, None, None, None]]]",The 19th G7 summit included Mexico.,the 19th g7 summit included mexico.
219079,NOT VERIFIABLE,NOT ENOUGH INFO,Deadpool 2 featured superheroes.,"[[[260581, None, None, None], [260587, None, None, None]]]",Deadpool 2 featured superheroes.,deadpool 2 featured superheroes.
208248,VERIFIABLE,REFUTES,"In Despicable Me 3, Steve Carell plays a single role.","[[[246391, 246907, 'Despicable_Me_3', 3]], [[246392, 246908, 'Despicable_Me_3', 3]]]","In Despicable Me 3, Steve Carell plays a single role.","in despicable me 3, steve carell plays a single role."
88355,VERIFIABLE,REFUTES,Taylor Kitsch only worked on the 2012 film Savages.,"[[[105565, 119024, 'Taylor_Kitsch', 1]]]",Taylor Kitsch only worked on the 2012 film Savages.,taylor kitsch only worked on the 2012 film savages.
203336,VERIFIABLE,SUPPORTS,Saratoga failed to be produced and so no actors were included.,"[[[239851, 241544, 'Saratoga_-LRB-film-RRB-', 1]]]",Saratoga failed to be produced and so no actors were included.,saratoga failed to be produced and so no actors were included.
131824,VERIFIABLE,REFUTES,Egypt is a member of the Organisation of Islamic Noncooperation.,"[[[154187, 168974, 'Egypt', 20]]]",Egypt is a member of the Organisation of Islamic Noncooperation.,egypt is a member of the organisation of islamic noncooperation.
150658,VERIFIABLE,SUPPORTS,George A. Romero directed a movie.,"[[[174477, 187679, 'George_A._Romero', 0], [174477, 187679, 'Dawn_of_the_Dead_-LRB-1978_film-RRB-', 0], [174477, 187679, 'Day_of_the_Dead_-LRB-1985_film-RRB-', 0], [174477, 187679, 'Night_of_the_Living_Dead', 0]], [[174477, 187680, 'George_A._Romero', 1], [174477, 187680, 'Creepshow', 0], [174477, 187680, 'Martin_-LRB-1978_film-RRB-', 0], [174477, 187680, 'Monkey_Shines', 0], [174477, 187680, 'The_Crazies_-LRB-1973_film-RRB-', 1], [174477, 187680, 'The_Dark_Half_-LRB-film-RRB-', 1]]]",George A. Romero directed a movie.,george a. romero directed a movie.
171809,VERIFIABLE,SUPPORTS,Mirka Federer was born in Europe.,"[[[198265, 208166, 'Mirka_Federer', 0], [198265, 208166, 'Slovakia', 0]]]",Mirka Federer was born in Europe.,mirka federer was born in europe.
199135,NOT VERIFIABLE,NOT ENOUGH INFO,International Relations only includes the entertainment industry.,"[[[234135, None, None, None]]]",International Relations only includes the entertainment industry.,international relations only includes the entertainment industry.
38682,NOT VERIFIABLE,NOT ENOUGH INFO,Kurt Russell signed a contract with Time Warner.,"[[[54892, None, None, None]]]",Kurt Russell signed a contract with Time Warner.,kurt russell signed a contract with time warner.
194064,VERIFIABLE,REFUTES,Duane Hopwood includes Ryan Gosling.,"[[[227256, 231648, 'Duane_Hopwood', 0]]]",Duane Hopwood includes Ryan Gosling.,duane hopwood includes ryan gosling.
223623,NOT VERIFIABLE,NOT ENOUGH INFO,Sue Vertue produced a sitcom.,"[[[266399, None, None, None]]]",Sue Vertue produced a sitcom.,sue vertue produced a sitcom.
159994,VERIFIABLE,SUPPORTS,In & Out is a film.,"[[[184441, 196330, 'In_&_Out_-LRB-film-RRB-', 0]]]",In & Out is a film.,in & out is a film.
191595,VERIFIABLE,REFUTES,Famous in Love failed to star any actors.,"[[[224067, 228942, 'Famous_in_Love', 1], [224067, 228942, 'Carter_Jenkins', 0], [224067, 228942, 'Keith_T._Powers', 1], [224067, 228942, 'Famous_in_Love', 0]]]",Famous in Love failed to star any actors.,famous in love failed to star any actors.
42613,NOT VERIFIABLE,NOT ENOUGH INFO,Radiohead is a group.,"[[[58910, None, None, None]]]",Radiohead is a group.,radiohead is a group.
214919,VERIFIABLE,SUPPORTS,History of art includes aesthetics.,"[[[255199, 254671, 'History_of_art', 0], [255199, 254671, 'Aesthetics', 0]]]",History of art includes aesthetics.,history of art includes aesthetics.
228892,VERIFIABLE,REFUTES,Drama school offers zero degrees.,"[[[273106, 268680, 'Drama_school', 1]], [[273106, 268681, 'Drama_school', 2]]]",Drama school offers zero degrees.,drama school offers zero degrees.
54155,NOT VERIFIABLE,NOT ENOUGH INFO,Gennady Golovkin is a fencer.,"[[[70463, None, None, None]]]",Gennady Golovkin is a fencer.,gennady golovkin is a fencer.
216065,NOT VERIFIABLE,NOT ENOUGH INFO,The 19th G7 summit included Mexico.,"[[[256698, None, None, None], [256699, None, None, None]]]",The 19th G7 summit included Mexico.,the 19th g7 summit included mexico.
124292,VERIFIABLE,REFUTES,Appian Way Productions is in a box.,"[[[145821, 160843, 'Appian_Way_Productions', 0]]]",Appian Way Productions is in a box.,appian way productions is in a box.
102123,NOT VERIFIABLE,NOT ENOUGH INFO,Mel Brooks is a producer.,"[[[119945, None, None, None]]]",Mel Brooks is a producer.,mel brooks is a producer.
7441,NOT VERIFIABLE,NOT ENOUGH INFO,Howard Stern developed his on show from 1976 to 1982.,"[[[263082, None, None, None], [323830, None, None, None]]]",Howard Stern developed his on show from 1976 to 1982.,howard stern developed his on show from 1976 to 1982.
71634,VERIFIABLE,SUPPORTS,Minos fathered a child.,"[[[88316, 100922, 'Minos', 4]], [[88316, 100923, 'Minos', 5]], [[88316, 100924, 'Minos', 6]], [[88316, 100925, 'Minos', 7]]]",Minos fathered a child.,minos fathered a child.
108495,VERIFIABLE,REFUTES,The World According to Paris starred Hilton's then-girlfriend.,"[[[127306, 141849, 'The_World_According_to_Paris', 3]], [[127306, 141850, 'The_World_According_to_Paris', 4]]]",The World According to Paris starred Hilton's then-girlfriend.,the world according to paris starred hilton's then-girlfriend.
119381,NOT VERIFIABLE,NOT ENOUGH INFO,Dawn of the Planet of the Apes is a Disney film.,"[[[140301, None, None, None]]]",Dawn of the Planet of the Apes is a Disney film.,dawn of the planet of the apes is a disney film.
92195,VERIFIABLE,REFUTES,The Portuguese Empire existed during the Golden Ages.,"[[[109512, 123141, 'Portuguese_Empire', 4]]]",The Portuguese Empire existed during the Golden Ages.,the portuguese empire existed during the golden ages.
188725,VERIFIABLE,SUPPORTS,Crash starred an actor.,"[[[220305, 226106, 'Crash_-LRB-2004_film-RRB-', 11]]]",Crash starred an actor.,crash starred an actor.
226351,NOT VERIFIABLE,NOT ENOUGH INFO,Gift of the Night Fury stars the voice of an American filmmaker.,"[[[269867, None, None, None], [269868, None, None, None]]]",Gift of the Night Fury stars the voice of an American filmmaker.,gift of the night fury stars the voice of an american filmmaker.
158064,NOT VERIFIABLE,NOT ENOUGH INFO,Michelle Rodriguez worked in graveyards.,"[[[296320, None, None, None], [297893, None, None, None], [300081, None, None, None], [342856, None, None, None], [342859, None, None, None]]]",Michelle Rodriguez worked in graveyards.,michelle rodriguez worked in graveyards.
105321,VERIFIABLE,REFUTES,Lionel Messi stayed in Boston his whole life.,"[[[125003, 139347, 'Lionel_Messi', 8]], [[125003, 139348, 'Lionel_Messi', 7]]]",Lionel Messi stayed in Boston his whole life.,lionel messi stayed in boston his whole life.
191015,VERIFIABLE,SUPPORTS,What a Girl Wants earned a gold certification in Sweden.,"[[[223280, 228290, 'What_a_Girl_Wants_-LRB-Christina_Aguilera_song-RRB-', 10]], [[223281, 228291, 'What_a_Girl_Wants_-LRB-Christina_Aguilera_song-RRB-', 10]]]",What a Girl Wants earned a gold certification in Sweden.,what a girl wants earned a gold certification in sweden.
110347,NOT VERIFIABLE,NOT ENOUGH INFO,Get Out stars Brad Pitt.,"[[[280199, None, None, None], [281756, None, None, None], [329435, None, None, None], [329436, None, None, None]]]",Get Out stars Brad Pitt.,get out stars brad pitt.
177625,VERIFIABLE,REFUTES,Fences stars an animatronic figure.,"[[[205877, 214348, 'Fences_-LRB-film-RRB-', 1]], [[205877, 214349, 'Fences_-LRB-film-RRB-', 0]]]",Fences stars an animatronic figure.,fences stars an animatronic figure.
183511,NOT VERIFIABLE,NOT ENOUGH INFO,Arnold Schwarzenegger's breakthrough film as an actor was the sword-and-sorcery epic Conan the Barbarian.,"[[[213596, None, None, None]]]",Arnold Schwarzenegger's breakthrough film as an actor was the sword-and-sorcery epic Conan the Barbarian.,arnold schwarzenegger's breakthrough film as an actor was the sword-and-sorcery epic conan the barbarian.
213254,NOT VERIFIABLE,NOT ENOUGH INFO,The Nile drains through a forest.,"[[[252986, None, None, None], [252989, None, None, None]]]",The Nile drains through a forest.,the nile drains through a forest.
22792,NOT VERIFIABLE,NOT ENOUGH INFO,Paul Pogba is a basketball player.,"[[[38759, None, None, None]]]",Paul Pogba is a basketball player.,paul pogba is a basketball player.
226362,VERIFIABLE,REFUTES,Gift of the Night Fury exclusively stars the voices of people from Kenya.,"[[[269878, 266054, 'Gift_of_the_Night_Fury', 6], [269878, 266054, 'Gerard_Butler', 0]]]",Gift of the Night Fury exclusively stars the voices of people from Kenya.,gift of the night fury exclusively stars the voices of people from kenya.
205545,VERIFIABLE,SUPPORTS,Wyatt Earp worked to extract minerals.,"[[[242868, 244104, 'Wyatt_Earp', 5], [242868, 244104, 'Mining', 0]]]",Wyatt Earp worked to extract minerals.,wyatt earp worked to extract minerals.
19648,VERIFIABLE,SUPPORTS,"Vikrant Massey starred in Dharam Veer, Balika Vadhu, Baba Aiso Varr Dhoondo, V The Serial, and Qubool Hai.","[[[35429, 42945, 'Vikrant_Massey', 1]]]","Vikrant Massey starred in Dharam Veer, Balika Vadhu, Baba Aiso Varr Dhoondo, V The Serial, and Qubool Hai.","vikrant massey starred in dharam veer, balika vadhu, baba aiso varr dhoondo, v the serial, and qubool hai."
115130,VERIFIABLE,REFUTES,The Portuguese Empire is also known as The Portuguese On Land.,"[[[135170, 150095, 'Portuguese_Empire', 0]], [[135171, 150096, 'Portuguese_Empire', 0]], [[135172, 150097, 'Portuguese_Empire', 0]], [[135173, 150098, 'Portuguese_Empire', 0]], [[135174, 150099, 'Portuguese_Empire', 0]], [[135175, 150100, 'Portuguese_Empire', 0]], [[135176, 150101, 'Portuguese_Empire', 0]], [[135178, 150103, 'Portuguese_Empire', 0]], [[135179, 150104, 'Portuguese_Empire', 0]], [[135180, 150105, 'Portuguese_Empire', 0]], [[135181, 150106, 'Portuguese_Empire', 0]], [[135182, 150107, 'Portuguese_Empire', 0]], [[135183, 150108, 'Portuguese_Empire', 0]], [[135184, 150109, 'Portuguese_Empire', 0]], [[135185, 150110, 'Portuguese_Empire', 0]]]",The Portuguese Empire is also known as The Portuguese On Land.,the portuguese empire is also known as the portuguese on land.
209455,NOT VERIFIABLE,NOT ENOUGH INFO,Unleashed stars Jackie Chan.,"[[[247960, None, None, None]]]",Unleashed stars Jackie Chan.,unleashed stars jackie chan.
226312,VERIFIABLE,SUPPORTS,Gift of the Night Fury stars the voice of an American filmmaker.,"[[[269813, 266019, 'Gift_of_the_Night_Fury', 6], [269813, 266019, 'Jonah_Hill', 0], [269813, 266019, 'Kristen_Wiig', 0]]]",Gift of the Night Fury stars the voice of an American filmmaker.,gift of the night fury stars the voice of an american filmmaker.
94057,NOT VERIFIABLE,NOT ENOUGH INFO,Pablo Picasso was an etcher.,"[[[111475, None, None, None]]]",Pablo Picasso was an etcher.,pablo picasso was an etcher.
190033,NOT VERIFIABLE,NOT ENOUGH INFO,Lily James appeared in films in 2012.,"[[[222014, None, None, None]]]",Lily James appeared in films in 2012.,lily james appeared in films in 2012.
160363,NOT VERIFIABLE,NOT ENOUGH INFO,"Beverly Hills, 90210 addressed global human rights.","[[[185064, None, None, None]]]","Beverly Hills, 90210 addressed global human rights.","beverly hills, 90210 addressed global human rights."
176385,VERIFIABLE,REFUTES,Sunrise created Ghost in the Shell.,"[[[204302, 213127, 'Sunrise_-LRB-company-RRB-', 6], [204302, 213127, 'Ghost_in_the_Shell', 0]]]",Sunrise created Ghost in the Shell.,sunrise created ghost in the shell.
22336,VERIFIABLE,REFUTES,Rainn Wilson attended the University of Pennsylvania.,"[[[61731, 72207, 'Rainn_Wilson', 4]], [[64050, 74755, 'Rainn_Wilson', 4]], [[303450, 294419, 'Rainn_Wilson', 4]]]",Rainn Wilson attended the University of Pennsylvania.,rainn wilson attended the university of pennsylvania.
185660,VERIFIABLE,SUPPORTS,Ben Whishaw was in a stage production.,"[[[216481, 223176, 'Ben_Whishaw', 1]]]",Ben Whishaw was in a stage production.,ben whishaw was in a stage production.
203354,VERIFIABLE,REFUTES,Saratoga failed to be produced and so no actors were included.,"[[[239892, 241579, 'Saratoga_-LRB-film-RRB-', 1]]]",Saratoga failed to be produced and so no actors were included.,saratoga failed to be produced and so no actors were included.
121209,VERIFIABLE,REFUTES,Saturn is a Christian state.,"[[[142319, 157511, 'Christian_state', 2]], [[142319, 157512, 'Christian_state', 1]], [[142319, 157513, 'Christian_state', 0]]]",Saturn is a Christian state.,saturn is a christian state.
118107,VERIFIABLE,REFUTES,Saturn is a Christian state.,"[[[138571, 153647, 'Christian_state', 0]]]",Saturn is a Christian state.,saturn is a christian state.
83384,VERIFIABLE,SUPPORTS,Marie Curie was a physicist.,"[[[100423, 113715, 'Marie_Curie', 0]]]",Marie Curie was a physicist.,marie curie was a physicist.
122018,VERIFIABLE,REFUTES,Tardigrades are also known as earth bears.,"[[[143282, 158374, 'Tardigrade', 0]]]",Tardigrades are also known as earth bears.,tardigrades are also known as earth bears.
209544,VERIFIABLE,SUPPORTS,"Sleep can be disrupted by dyssomnia, insomnia, hypersomnia, narcolepsy, sleep apnea, parasomnia, sleepwalking, REM behavior disorder, bruxism, and circadian rhythm sleep disorders.","[[[248099, 248347, 'Sleep', 13]]]","Sleep can be disrupted by dyssomnia, insomnia, hypersomnia, narcolepsy, sleep apnea, parasomnia, sleepwalking, REM behavior disorder, bruxism, and circadian rhythm sleep disorders.","sleep can be disrupted by dyssomnia, insomnia, hypersomnia, narcolepsy, sleep apnea, parasomnia, sleepwalking, rem behavior disorder, bruxism, and circadian rhythm sleep disorders."
218714,VERIFIABLE,SUPPORTS,Chris Hemsworth starred in Snow White and the Huntsman.,"[[[260018, 258508, 'Chris_Hemsworth', 2], [260018, 258508, 'Snow_White_and_the_Huntsman', 0], [260018, 258508, 'Snow_White_and_the_Huntsman', 8]]]",Chris Hemsworth starred in Snow White and the Huntsman.,chris hemsworth starred in snow white and the huntsman.
152566,VERIFIABLE,SUPPORTS,Cirrhosis can cause death.,"[[[176515, 189457, 'Cirrhosis', 27]]]",Cirrhosis can cause death.,cirrhosis can cause death.
205943,NOT VERIFIABLE,NOT ENOUGH INFO,Cosmopolitan as of 2011 contains content which includes articles on political dialogue.,"[[[243381, None, None, None]]]",Cosmopolitan as of 2011 contains content which includes articles on political dialogue.,cosmopolitan as of 2011 contains content which includes articles on political dialogue.
192419,NOT VERIFIABLE,NOT ENOUGH INFO,Francois de Belleforest translated scientific articles.,"[[[225090, None, None, None]]]",Francois de Belleforest translated scientific articles.,francois de belleforest translated scientific articles.
56435,NOT VERIFIABLE,NOT ENOUGH INFO,Dopamine receives signals from other nerve cells.,"[[[72782, None, None, None]]]",Dopamine receives signals from other nerve cells.,dopamine receives signals from other nerve cells.
26320,VERIFIABLE,SUPPORTS,Beauty Shop stars a human.,"[[[42378, 50989, 'Beauty_Shop', 1], [42378, 50989, 'Queen_Latifah', 0]], [[42378, 50990, 'Beauty_Shop', 2], [42378, 50990, 'Alicia_Silverstone', 0]]]",Beauty Shop stars a human.,beauty shop stars a human.
209221,VERIFIABLE,REFUTES,The Outcasts is a 1993 film.,"[[[247683, 247981, 'The_Outcasts_-LRB-2017_film-RRB-', 3]], [[247683, 247982, 'The_Outcasts_-LRB-2017_film-RRB-', 6]]]",The Outcasts is a 1993 film.,the outcasts is a 1993 film.
228903,VERIFIABLE,SUPPORTS,Drama school offers a degree.,"[[[273120, 268688, 'Drama_school', 1]], [[273120, 268689, 'Drama_school', 2]]]",Drama school offers a degree.,drama school offers a degree.
100237,VERIFIABLE,REFUTES,Venus has a similar size to Mars.,"[[[276587, 271681, 'Venus', 8]], [[328289, 315369, 'Venus', 8]]]",Venus has a similar size to Mars.,venus has a similar size to mars.
73205,VERIFIABLE,SUPPORTS,Kirk Douglas is a director.,"[[[89970, 102657, 'Kirk_Douglas', 0]]]",Kirk Douglas is a director.,kirk douglas is a director.
115892,VERIFIABLE,REFUTES,"Beverly Hills, 90210 was a non-political or social commentary show.","[[[136076, 150913, 'Beverly_Hills,_90210', 10]]]","Beverly Hills, 90210 was a non-political or social commentary show.","beverly hills, 90210 was a non-political or social commentary show."
227375,VERIFIABLE,SUPPORTS,Jun Ji-hyun is in a film.,"[[[271174, 267108, 'Jun_Ji-hyun', 1], [271174, 267108, 'My_Sassy_Girl', 0]], [[271174, 267109, 'Jun_Ji-hyun', 2], [271174, 267109, 'Il_Mare', 1]]]",Jun Ji-hyun is in a film.,jun ji-hyun is in a film.
193305,VERIFIABLE,REFUTES,There is no record that Richard Nixon's wife ever moved.,"[[[226331, 230927, 'Richard_Nixon', 6]]]",There is no record that Richard Nixon's wife ever moved.,there is no record that richard nixon's wife ever moved.
171987,NOT VERIFIABLE,NOT ENOUGH INFO,Warm Leatherette is by a woman.,"[[[199403, None, None, None]]]",Warm Leatherette is by a woman.,warm leatherette is by a woman.
33500,NOT VERIFIABLE,NOT ENOUGH INFO,Bonnie Hunt was in Shawshank Redemption.,"[[[49637, None, None, None]]]",Bonnie Hunt was in Shawshank Redemption.,bonnie hunt was in shawshank redemption.
176433,NOT VERIFIABLE,NOT ENOUGH INFO,Sunrise created Ghost in the Shell.,"[[[204357, None, None, None]]]",Sunrise created Ghost in the Shell.,sunrise created ghost in the shell.
31194,VERIFIABLE,SUPPORTS,Tyra Banks executive produced America's Got Talent.,"[[[47337, 56459, 'Tyra_Banks', 11]], [[47337, 56460, 'Tyra_Banks', 12], [47337, 56460, ""America's_Next_Top_Model_-LRB-cycle_23-RRB-"", 0]]]",Tyra Banks executive produced America's Got Talent.,tyra banks executive produced america's got talent.
103895,VERIFIABLE,SUPPORTS,Before Night Falls is an autobiographical film.,"[[[121981, 136264, 'Before_Night_Falls_-LRB-film-RRB-', 0]], [[121981, 136265, 'Before_Night_Falls_-LRB-film-RRB-', 1]]]",Before Night Falls is an autobiographical film.,before night falls is an autobiographical film.
198999,VERIFIABLE,SUPPORTS,International Relations includes many subject matters.,"[[[233981, 236867, 'International_relations', 9]], [[233981, 236868, 'International_relations', 10]], [[233981, 236869, 'International_relations', 2]], [[233981, 236870, 'International_relations', 0]], [[233981, 236871, 'International_relations', 1]]]",International Relations includes many subject matters.,international relations includes many subject matters.
62280,VERIFIABLE,SUPPORTS,Northeast megalopolis includes cities.,"[[[78734, 90284, 'Northeast_megalopolis', 0], [78734, 90284, 'Boston', 0]]]",Northeast megalopolis includes cities.,northeast megalopolis includes cities.
150197,VERIFIABLE,SUPPORTS,Jesse Eisenberg starred in a film.,"[[[175483, 188488, 'Jesse_Eisenberg', 3]], [[175483, 188489, 'Jesse_Eisenberg', 7]]]",Jesse Eisenberg starred in a film.,jesse eisenberg starred in a film.
186162,VERIFIABLE,REFUTES,There are zero bodies of water in Ontario.,"[[[217108, 223747, 'Ontario', 7]], [[217108, 223748, 'Ontario', 8], [217108, 223748, 'Lake_Huron', 2]]]",There are zero bodies of water in Ontario.,there are zero bodies of water in ontario.
200483,VERIFIABLE,REFUTES,The Twilight series's first book was called Midnight Sun.,"[[[235831, 238433, 'Twilight_-LRB-novel_series-RRB-', 0], [235831, 238433, 'Twilight_-LRB-Meyer_novel-RRB-', 0], [235831, 238433, 'Twilight_-LRB-Meyer_novel-RRB-', 1]]]",The Twilight series's first book was called Midnight Sun.,the twilight series's first book was called midnight sun.
206136,NOT VERIFIABLE,NOT ENOUGH INFO,Saratoga is exclusively a children's film.,"[[[243660, None, None, None]]]",Saratoga is exclusively a children's film.,saratoga is exclusively a children's film.
199111,VERIFIABLE,REFUTES,International Relations includes animals.,"[[[234104, 236994, 'International_relations', 9]], [[234104, 236995, 'International_relations', 10]]]",International Relations includes animals.,international relations includes animals.
191626,NOT VERIFIABLE,NOT ENOUGH INFO,Famous in Love stars sea otters.,"[[[224103, None, None, None]]]",Famous in Love stars sea otters.,famous in love stars sea otters.
225419,VERIFIABLE,SUPPORTS,Absolute Beginners featured someone.,"[[[270548, 266572, 'Absolute_Beginners_-LRB-film-RRB-', 1]]]",Absolute Beginners featured someone.,absolute beginners featured someone.
213218,NOT VERIFIABLE,NOT ENOUGH INFO,The Nile drains through a forest.,"[[[252934, None, None, None]]]",The Nile drains through a forest.,the nile drains through a forest.
150257,VERIFIABLE,REFUTES,Tupac is ranked as one of the greatest businessmen of all time.,"[[[174078, 187264, 'Tupac_Shakur', 4]]]",Tupac is ranked as one of the greatest businessmen of all time.,tupac is ranked as one of the greatest businessmen of all time.
97412,VERIFIABLE,REFUTES,Azerbaijan is a state.,"[[[115032, 128750, 'Azerbaijan', 0]]]",Azerbaijan is a state.,azerbaijan is a state.
142902,VERIFIABLE,SUPPORTS,A Wrinkle in Time was directed by Ava Duvernay.,"[[[165959, 179918, 'A_Wrinkle_in_Time', 3], [165959, 179918, 'A_Wrinkle_in_Time_-LRB-2018_film-RRB-', 0]]]",A Wrinkle in Time was directed by Ava Duvernay.,a wrinkle in time was directed by ava duvernay.
103340,VERIFIABLE,SUPPORTS,Cancer can be prevented by taking certain measures.,"[[[121335, 135630, 'Cancer', 18]]]",Cancer can be prevented by taking certain measures.,cancer can be prevented by taking certain measures.
158740,NOT VERIFIABLE,NOT ENOUGH INFO,Vincente Minnelli is Italian.,"[[[183027, None, None, None]]]",Vincente Minnelli is Italian.,vincente minnelli is italian.
148903,VERIFIABLE,SUPPORTS,Linux distributes software.,"[[[172572, 185862, 'Linux', 1]]]",Linux distributes software.,linux distributes software.
190762,NOT VERIFIABLE,NOT ENOUGH INFO,Dysphonia can be characterized by rough vocal qualities.,"[[[222956, None, None, None]]]",Dysphonia can be characterized by rough vocal qualities.,dysphonia can be characterized by rough vocal qualities.
199096,VERIFIABLE,SUPPORTS,International Relations includes many subject matters.,"[[[234085, 236977, 'International_relations', 0]], [[234085, 236978, 'International_relations', 9]]]",International Relations includes many subject matters.,international relations includes many subject matters.
81420,NOT VERIFIABLE,NOT ENOUGH INFO,Chris Mckenna has written multiple episodes for the series Community.,"[[[98466, None, None, None]]]",Chris Mckenna has written multiple episodes for the series Community.,chris mckenna has written multiple episodes for the series community.
223633,VERIFIABLE,SUPPORTS,Sue Vertue produced a sitcom.,"[[[266416, 263410, 'Sue_Vertue', 0], [266416, 263410, 'Coupling_-LRB-UK_TV_series-RRB-', 0], [266416, 263410, 'Mr._Bean', 0]]]",Sue Vertue produced a sitcom.,sue vertue produced a sitcom.
2605,NOT VERIFIABLE,NOT ENOUGH INFO,Amitabh Bachchan received the highest honor by the Government of France.,"[[[18442, None, None, None]]]",Amitabh Bachchan received the highest honor by the Government of France.,amitabh bachchan received the highest honor by the government of france.
44970,VERIFIABLE,SUPPORTS,Cancer can be prevented by taking certain measures.,"[[[61339, 71854, 'Cancer', 18]]]",Cancer can be prevented by taking certain measures.,cancer can be prevented by taking certain measures.
179546,NOT VERIFIABLE,NOT ENOUGH INFO,The Singing Detective has episodes.,"[[[208364, None, None, None]]]",The Singing Detective has episodes.,the singing detective has episodes.
74771,VERIFIABLE,SUPPORTS,"Cupid (2009 TV series) stopped airing on June 16th, 2009.","[[[91557, 104302, 'Cupid_-LRB-2009_TV_series-RRB-', 0]]]","Cupid (2009 TV series) stopped airing on June 16th, 2009.","cupid (2009 tv series) stopped airing on june 16th, 2009."
153977,NOT VERIFIABLE,NOT ENOUGH INFO,Alice is a reworking of a 2017 film.,"[[[177965, None, None, None]]]",Alice is a reworking of a 2017 film.,alice is a reworking of a 2017 film.
203318,VERIFIABLE,SUPPORTS,Extreme environments can be caused by factors.,"[[[239834, 241530, 'Extreme_environment', 1]]]",Extreme environments can be caused by factors.,extreme environments can be caused by factors.
177687,VERIFIABLE,REFUTES,Tubelight is produced by an American director.,"[[[205947, 214412, 'Tubelight_-LRB-film-RRB-', 1]]]",Tubelight is produced by an American director.,tubelight is produced by an american director.
161177,VERIFIABLE,SUPPORTS,Victor Hugo was an artist.,"[[[185720, 197481, 'Victor_Hugo', 0]], [[185720, 197482, 'Victor_Hugo', 1]], [[185720, 197483, 'Victor_Hugo', 2]], [[185720, 197484, 'Victor_Hugo', 3]], [[185720, 197485, 'Victor_Hugo', 4]], [[185720, 197486, 'Victor_Hugo', 7]]]",Victor Hugo was an artist.,victor hugo was an artist.
17169,VERIFIABLE,REFUTES,Jing Tian's birthday is May 21.,"[[[41962, 50473, 'Jing_Tian', 0]], [[44597, 53277, 'Jing_Tian', 0]], [[46801, 55822, 'Jing_Tian', 0]], [[302225, 293255, 'Jing_Tian', 0]], [[304038, 294908, 'Jing_Tian', 0]]]",Jing Tian's birthday is May 21.,jing tian's birthday is may 21.
184231,NOT VERIFIABLE,NOT ENOUGH INFO,Furia is adapted from a real event.,"[[[214516, None, None, None]]]",Furia is adapted from a real event.,furia is adapted from a real event.
216057,NOT VERIFIABLE,NOT ENOUGH INFO,The 19th G7 summit included politicians.,"[[[256688, None, None, None]]]",The 19th G7 summit included politicians.,the 19th g7 summit included politicians.
14471,VERIFIABLE,SUPPORTS,Ruth Negga was born in Africa.,"[[[14143, 17678, 'Ruth_Negga', 0]], [[14632, 18253, 'Ruth_Negga', 0], [14632, 18253, 'Ethiopia', 0]], [[15104, 18764, 'Ruth_Negga', 0]], [[23283, 28693, 'Ruth_Negga', 0]], [[299346, 290711, 'Ruth_Negga', 0]]]",Ruth Negga was born in Africa.,ruth negga was born in africa.
183526,VERIFIABLE,SUPPORTS,Arnold Schwarzenegger's breakthrough film as an actor was the sword-and-sorcery epic Conan the Barbarian.,"[[[213612, 220823, 'Arnold_Schwarzenegger', 9]]]",Arnold Schwarzenegger's breakthrough film as an actor was the sword-and-sorcery epic Conan the Barbarian.,arnold schwarzenegger's breakthrough film as an actor was the sword-and-sorcery epic conan the barbarian.
200465,VERIFIABLE,REFUTES,Meryl Streep has lost three or more competitive Oscars for acting.,"[[[235808, 238399, 'Meryl_Streep', 2]]]",Meryl Streep has lost three or more competitive Oscars for acting.,meryl streep has lost three or more competitive oscars for acting.
199077,VERIFIABLE,REFUTES,International Relations only includes the entertainment industry.,"[[[234061, 236956, 'International_relations', 0]]]",International Relations only includes the entertainment industry.,international relations only includes the entertainment industry.
206890,NOT VERIFIABLE,NOT ENOUGH INFO,Ayutthaya refused all foreigners.,"[[[244632, None, None, None]]]",Ayutthaya refused all foreigners.,ayutthaya refused all foreigners.
106133,VERIFIABLE,REFUTES,Broadchurch is a movie.,"[[[124596, 138929, 'Broadchurch', 0]]]",Broadchurch is a movie.,broadchurch is a movie.
219586,NOT VERIFIABLE,NOT ENOUGH INFO,Vanilla Sky stars only actors and actresses from Austria.,"[[[261527, None, None, None]]]",Vanilla Sky stars only actors and actresses from Austria.,vanilla sky stars only actors and actresses from austria.
205949,NOT VERIFIABLE,NOT ENOUGH INFO,Cosmopolitan as of 2011 contains content which includes articles on political dialogue.,"[[[243387, None, None, None]]]",Cosmopolitan as of 2011 contains content which includes articles on political dialogue.,cosmopolitan as of 2011 contains content which includes articles on political dialogue.
220896,NOT VERIFIABLE,NOT ENOUGH INFO,"The Fate of the Furious was theatrically released in the United States on April 4th, 2017.","[[[262959, None, None, None]]]","The Fate of the Furious was theatrically released in the United States on April 4th, 2017.","the fate of the furious was theatrically released in the united states on april 4th, 2017."
216058,VERIFIABLE,SUPPORTS,The 19th G7 summit included politicians.,"[[[256692, 255861, '19th_G7_summit', 4], [256692, 255861, 'President_of_the_European_Commission', 0]]]",The 19th G7 summit included politicians.,the 19th g7 summit included politicians.
199070,VERIFIABLE,REFUTES,International Relations only includes the entertainment industry.,"[[[234053, 236945, 'International_relations', 0]], [[234053, 236946, 'International_relations', 1]], [[234053, 236947, 'International_relations', 2]], [[234053, 236948, 'International_relations', 9]], [[234053, 236949, 'International_relations', 10]]]",International Relations only includes the entertainment industry.,international relations only includes the entertainment industry.
219071,NOT VERIFIABLE,NOT ENOUGH INFO,Deadpool 2 featured Scarlett Johansson.,"[[[260558, None, None, None]]]",Deadpool 2 featured Scarlett Johansson.,deadpool 2 featured scarlett johansson.
60683,VERIFIABLE,REFUTES,Ron Perlman is a singer.,"[[[77130, 88546, 'Ron_Perlman', 0]], [[77130, 88547, 'Ron_Perlman', 1]], [[77130, 88548, 'Ron_Perlman', 4]], [[77130, 88549, 'Ron_Perlman', 5]]]",Ron Perlman is a singer.,ron perlman is a singer.
199072,VERIFIABLE,SUPPORTS,International Relations includes many subject matters.,"[[[234055, 236950, 'International_relations', 0]], [[234055, 236951, 'International_relations', 9]], [[234055, 236952, 'International_relations', 10]]]",International Relations includes many subject matters.,international relations includes many subject matters.
142213,NOT VERIFIABLE,NOT ENOUGH INFO,Akshay Kumar is on Forbes' global list of least-paid actors.,"[[[293905, None, None, None], [338573, None, None, None], [338575, None, None, None]]]",Akshay Kumar is on Forbes' global list of least-paid actors.,akshay kumar is on forbes' global list of least-paid actors.
154040,VERIFIABLE,SUPPORTS,Semitic languages are spoken in a country.,"[[[178033, 190683, 'Semitic_languages', 1]]]",Semitic languages are spoken in a country.,semitic languages are spoken in a country.
102577,VERIFIABLE,SUPPORTS,Fergie put out a single.,"[[[279029, 273696, 'Fergie_-LRB-singer-RRB-', 2]], [[280642, 275047, 'Fergie_-LRB-singer-RRB-', 2]], [[280935, 275319, 'Fergie_-LRB-singer-RRB-', 2]], [[280935, 275320, 'Fergie_-LRB-singer-RRB-', 12]], [[280935, 275321, 'Fergie_-LRB-singer-RRB-', 13]], [[327184, 314519, 'Fergie_-LRB-singer-RRB-', 2]], [[327184, 314520, 'Fergie_-LRB-singer-RRB-', 13]], [[327188, 314522, 'Fergie_-LRB-singer-RRB-', 12]], [[327188, 314523, 'Fergie_-LRB-singer-RRB-', 13]], [[327188, 314524, 'Fergie_-LRB-singer-RRB-', 2]]]",Fergie put out a single.,fergie put out a single.
196940,VERIFIABLE,SUPPORTS,"Worcester, Massachusetts is 40 mi south of Providence.","[[[231446, 234951, 'Worcester,_Massachusetts', 2]]]","Worcester, Massachusetts is 40 mi south of Providence.","worcester, massachusetts is 40 mi south of providence."
200572,NOT VERIFIABLE,NOT ENOUGH INFO,Johan Heldenbergh starred in a movie.,"[[[238879, None, None, None]]]",Johan Heldenbergh starred in a movie.,johan heldenbergh starred in a movie.
206377,VERIFIABLE,SUPPORTS,Justinian I was an East Roman emperor.,"[[[244005, 245105, 'Justinian_I', 0]]]",Justinian I was an East Roman emperor.,justinian i was an east roman emperor.
174313,VERIFIABLE,REFUTES,Oliver Reed was in a movie in 1936.,"[[[201452, 210911, 'Oliver_Reed', 0]]]",Oliver Reed was in a movie in 1936.,oliver reed was in a movie in 1936.
42703,VERIFIABLE,REFUTES,John Constantine got his own comic in 2017.,"[[[59001, 69328, 'John_Constantine', 8]]]",John Constantine got his own comic in 2017.,john constantine got his own comic in 2017.
151643,VERIFIABLE,REFUTES,Charles Marie de La Condamine was a profession.,"[[[175587, 188593, 'Charles_Marie_de_La_Condamine', 0]]]",Charles Marie de La Condamine was a profession.,charles marie de la condamine was a profession.
199114,VERIFIABLE,SUPPORTS,International Relations includes many subject matters.,"[[[234109, 236999, 'International_relations', 0]], [[234109, 237000, 'International_relations', 9]], [[234109, 237001, 'International_relations', 10]]]",International Relations includes many subject matters.,international relations includes many subject matters.
60228,NOT VERIFIABLE,NOT ENOUGH INFO,Halle Berry was in a romantic drama movie.,"[[[77436, None, None, None]]]",Halle Berry was in a romantic drama movie.,halle berry was in a romantic drama movie.
185664,VERIFIABLE,SUPPORTS,Ben Whishaw was in a stage production.,"[[[216485, 223179, 'Ben_Whishaw', 1]]]",Ben Whishaw was in a stage production.,ben whishaw was in a stage production.
157509,VERIFIABLE,SUPPORTS,There are Christian states in the world.,"[[[181704, 193946, 'Christian_state', 2]], [[181707, 193953, 'Christian_state', 2]]]",There are Christian states in the world.,there are christian states in the world.
14863,NOT VERIFIABLE,NOT ENOUGH INFO,The Proposal stars Kittens.,"[[[30148, None, None, None]]]",The Proposal stars Kittens.,the proposal stars kittens.
149116,NOT VERIFIABLE,NOT ENOUGH INFO,Empress Matilda was the daughter of Henry VIII.,"[[[172810, None, None, None]]]",Empress Matilda was the daughter of Henry VIII.,empress matilda was the daughter of henry viii.
186152,VERIFIABLE,SUPPORTS,There are people in Ontario.,"[[[217081, 223721, 'Ontario', 1]]]",There are people in Ontario.,there are people in ontario.
66503,VERIFIABLE,SUPPORTS,Investment funds are also referred to by other names.,"[[[83072, 94986, 'Investment_fund', 10]]]",Investment funds are also referred to by other names.,investment funds are also referred to by other names.
12727,VERIFIABLE,REFUTES,Gillian Jacobs has only appeared in the film Brother Nature.,"[[[27998, 34291, 'Gillian_Jacobs', 3], [27998, 34291, 'Hot_Tub_Time_Machine_2', 1], [27998, 34291, 'Gardens_of_the_Night', 0]]]",Gillian Jacobs has only appeared in the film Brother Nature.,gillian jacobs has only appeared in the film brother nature.
220909,VERIFIABLE,REFUTES,"The Fate of the Furious was theatrically released in the United States on April 4th, 2017.","[[[262960, 260779, 'The_Fate_of_the_Furious', 17]], [[262961, 260780, 'The_Fate_of_the_Furious', 17]]]","The Fate of the Furious was theatrically released in the United States on April 4th, 2017.","the fate of the furious was theatrically released in the united states on april 4th, 2017."
176807,VERIFIABLE,SUPPORTS,Legion was written by a man.,"[[[204858, 213550, 'Legion_-LRB-2010_film-RRB-', 0]]]",Legion was written by a man.,legion was written by a man.
17552,NOT VERIFIABLE,NOT ENOUGH INFO,Venus has a similar proximity to Mars as Earth.,"[[[33030, None, None, None]]]",Venus has a similar proximity to Mars as Earth.,venus has a similar proximity to mars as earth.
172651,VERIFIABLE,REFUTES,Floyd Mayweather Jr. is a current amateur boxer.,"[[[199335, 209052, 'Floyd_Mayweather_Jr.', 0]]]",Floyd Mayweather Jr. is a current amateur boxer.,floyd mayweather jr. is a current amateur boxer.
216053,NOT VERIFIABLE,NOT ENOUGH INFO,The 19th G7 summit included Mexico.,"[[[256685, None, None, None]]]",The 19th G7 summit included Mexico.,the 19th g7 summit included mexico.
185669,VERIFIABLE,SUPPORTS,Ben Whishaw was in a stage production.,"[[[216491, 223186, 'Ben_Whishaw', 1]]]",Ben Whishaw was in a stage production.,ben whishaw was in a stage production.
91247,VERIFIABLE,REFUTES,Grant Gustin is a dancer.,"[[[108583, 122188, 'Grant_Gustin', 0]]]",Grant Gustin is a dancer.,grant gustin is a dancer.
62269,VERIFIABLE,REFUTES,Matt Smith's first television role was in the BBC adaptation of Philip Pullman's The Shadow in the North.,"[[[78741, 90291, 'Matt_Smith_-LRB-actor-RRB-', 9], [78741, 90291, 'The_Shadow_in_the_North', 0], [78741, 90291, 'The_Ruby_in_the_Smoke', 0]]]",Matt Smith's first television role was in the BBC adaptation of Philip Pullman's The Shadow in the North.,matt smith's first television role was in the bbc adaptation of philip pullman's the shadow in the north.
45363,NOT VERIFIABLE,NOT ENOUGH INFO,Minos fathered a dog.,"[[[61701, None, None, None]]]",Minos fathered a dog.,minos fathered a dog.
41396,VERIFIABLE,SUPPORTS,The President of Russia can grant reprieves.,"[[[57690, 67928, 'President_of_Russia', 15]]]",The President of Russia can grant reprieves.,the president of russia can grant reprieves.
123185,NOT VERIFIABLE,NOT ENOUGH INFO,Miss Selfridge began in a corpse.,"[[[144681, None, None, None]]]",Miss Selfridge began in a corpse.,miss selfridge began in a corpse.
218886,NOT VERIFIABLE,NOT ENOUGH INFO,"Renaissance art involved Masaccio, Brunelleschi, Ghiberti, Piero della Francesca, Donatello and Michelozzo, and Florence.","[[[260246, None, None, None]]]","Renaissance art involved Masaccio, Brunelleschi, Ghiberti, Piero della Francesca, Donatello and Michelozzo, and Florence.","renaissance art involved masaccio, brunelleschi, ghiberti, piero della francesca, donatello and michelozzo, and florence."
55749,VERIFIABLE,SUPPORTS,Reuters transmits news in at least one language.,"[[[72113, 83106, 'Reuters', 6]]]",Reuters transmits news in at least one language.,reuters transmits news in at least one language.
195726,NOT VERIFIABLE,NOT ENOUGH INFO,A Nightmare on Elm Street stars Rooney Mara.,"[[[229941, None, None, None]]]",A Nightmare on Elm Street stars Rooney Mara.,a nightmare on elm street stars rooney mara.
81719,NOT VERIFIABLE,NOT ENOUGH INFO,Morena Baccarin was in the film Batman.,"[[[98764, None, None, None]]]",Morena Baccarin was in the film Batman.,morena baccarin was in the film batman.
67968,VERIFIABLE,REFUTES,Paul Pogba has won zero Coppa Italia titles.,"[[[84580, 96767, 'Paul_Pogba', 4]], [[84585, 96772, 'Paul_Pogba', 4]]]",Paul Pogba has won zero Coppa Italia titles.,paul pogba has won zero coppa italia titles.
97079,VERIFIABLE,REFUTES,Dopamine is a gas.,"[[[114663, 128405, 'Dopamine', 0]]]",Dopamine is a gas.,dopamine is a gas.
66912,NOT VERIFIABLE,NOT ENOUGH INFO,Thor: The Dark World is a movie about a DC comics character.,"[[[83658, None, None, None]]]",Thor: The Dark World is a movie about a DC comics character.,thor: the dark world is a movie about a dc comics character.
116145,NOT VERIFIABLE,NOT ENOUGH INFO,Seven Days in May stars Robert Pattinson.,"[[[136446, None, None, None]]]",Seven Days in May stars Robert Pattinson.,seven days in may stars robert pattinson.
226318,NOT VERIFIABLE,NOT ENOUGH INFO,Gift of the Night Fury stars the voice of an Canadian filmmaker.,"[[[269824, None, None, None]]]",Gift of the Night Fury stars the voice of an Canadian filmmaker.,gift of the night fury stars the voice of an canadian filmmaker.
129796,NOT VERIFIABLE,NOT ENOUGH INFO,Maria I of Portugal was Queen of the Dead.,"[[[152004, None, None, None]]]",Maria I of Portugal was Queen of the Dead.,maria i of portugal was queen of the dead.
6845,VERIFIABLE,REFUTES,Charles Marie de La Condamine was an astronomer.,"[[[23757, 29416, 'Charles_Marie_de_La_Condamine', 0]]]",Charles Marie de La Condamine was an astronomer.,charles marie de la condamine was an astronomer.
60409,VERIFIABLE,SUPPORTS,Patty Hearst was kidnapped.,"[[[76858, 88222, 'Patty_Hearst', 1]], [[76858, 88223, 'Patty_Hearst', 2], [76858, 88223, 'Symbionese_Liberation_Army', 4]], [[76858, 88224, 'Patty_Hearst', 6]]]",Patty Hearst was kidnapped.,patty hearst was kidnapped.
73167,NOT VERIFIABLE,NOT ENOUGH INFO,A Song of Ice and Fire is a movie.,"[[[89958, None, None, None]]]",A Song of Ice and Fire is a movie.,a song of ice and fire is a movie.
214873,NOT VERIFIABLE,NOT ENOUGH INFO,History of art includes aesthetics.,"[[[255148, None, None, None]]]",History of art includes aesthetics.,history of art includes aesthetics.
24378,VERIFIABLE,REFUTES,Minos fathered a dog.,"[[[40334, 48519, 'Minos', 4], [40334, 48519, 'Androgeos', 0], [40334, 48519, 'Deucalion_of_Crete', 0], [40334, 48519, 'Acacallis_-LRB-mythology-RRB-', 0], [40334, 48519, 'Catreus', 0], [40334, 48519, 'Phaedra_-LRB-mythology-RRB-', 0], [40334, 48519, 'Glaucus_-LRB-son_of_Minos-RRB-', 0], [40334, 48519, 'Ariadne', 0]]]",Minos fathered a dog.,minos fathered a dog.
149770,VERIFIABLE,SUPPORTS,Qatar is not an island.,"[[[173599, 186814, 'Qatar', 0]], [[173599, 186815, 'Qatar', 1]]]",Qatar is not an island.,qatar is not an island.
209516,NOT VERIFIABLE,NOT ENOUGH INFO,Sleep can be disrupted by sleep paralysis.,"[[[248055, None, None, None]]]",Sleep can be disrupted by sleep paralysis.,sleep can be disrupted by sleep paralysis.
177053,VERIFIABLE,REFUTES,Asset management may apply to intangible assets such as human capital.,"[[[205202, 213843, 'Asset_management', 1]]]",Asset management may apply to intangible assets such as human capital.,asset management may apply to intangible assets such as human capital.
195733,VERIFIABLE,SUPPORTS,A Nightmare on Elm Street stars at least one actor.,"[[[229949, 233740, 'A_Nightmare_on_Elm_Street_-LRB-2010_film-RRB-', 3]]]",A Nightmare on Elm Street stars at least one actor.,a nightmare on elm street stars at least one actor.
134190,VERIFIABLE,SUPPORTS,"The United Kingdom includes England, Scotland, Wales and Northern Ireland.","[[[156739, 171349, 'United_Kingdom', 15]]]","The United Kingdom includes England, Scotland, Wales and Northern Ireland.","the united kingdom includes england, scotland, wales and northern ireland."
133075,NOT VERIFIABLE,NOT ENOUGH INFO,Margot Kidder performed on an adult television series.,"[[[155567, None, None, None]]]",Margot Kidder performed on an adult television series.,margot kidder performed on an adult television series.
202189,NOT VERIFIABLE,NOT ENOUGH INFO,Murder on the Orient Express starred an Armenian actor.,"[[[238163, None, None, None]]]",Murder on the Orient Express starred an Armenian actor.,murder on the orient express starred an armenian actor.
184532,NOT VERIFIABLE,NOT ENOUGH INFO,The Shadow Line was produced by Hugo Blick.,"[[[214964, None, None, None]]]",The Shadow Line was produced by Hugo Blick.,the shadow line was produced by hugo blick.
220807,VERIFIABLE,REFUTES,The Royal Tenenbaum stars Dolly Parton.,"[[[262838, 260697, 'The_Royal_Tenenbaums', 1]]]",The Royal Tenenbaum stars Dolly Parton.,the royal tenenbaum stars dolly parton.
203248,NOT VERIFIABLE,NOT ENOUGH INFO,Extreme environments can be caused by carbon monoxide.,"[[[239735, None, None, None]]]",Extreme environments can be caused by carbon monoxide.,extreme environments can be caused by carbon monoxide.
79423,NOT VERIFIABLE,NOT ENOUGH INFO,Mark Millar has worked on cars.,"[[[256112, None, None, None], [320113, None, None, None], [320952, None, None, None], [320953, None, None, None], [320966, None, None, None]]]",Mark Millar has worked on cars.,mark millar has worked on cars.
187693,VERIFIABLE,REFUTES,The United Kingdom is a member of no organizations.,"[[[219006, 225153, 'United_Kingdom', 37]]]",The United Kingdom is a member of no organizations.,the united kingdom is a member of no organizations.
122998,VERIFIABLE,REFUTES,Followers of asceticism pursue materialism.,"[[[144466, 159485, 'Asceticism', 0]], [[144467, 159486, 'Asceticism', 0]]]",Followers of asceticism pursue materialism.,followers of asceticism pursue materialism.
84676,VERIFIABLE,REFUTES,Henry V is an American film.,"[[[101744, 115004, 'Henry_V_-LRB-2012_film-RRB-', 0]]]",Henry V is an American film.,henry v is an american film.
96072,VERIFIABLE,REFUTES,Wonder Woman is a Canadian comic book character.,"[[[113617, 127487, 'Wonder_Woman', 0]]]",Wonder Woman is a Canadian comic book character.,wonder woman is a canadian comic book character.
194074,NOT VERIFIABLE,NOT ENOUGH INFO,Duane Hopwood includes Ryan Gosling.,"[[[227271, None, None, None]]]",Duane Hopwood includes Ryan Gosling.,duane hopwood includes ryan gosling.
158185,VERIFIABLE,REFUTES,Iain Glen is a cat.,"[[[182454, 194689, 'Iain_Glen', 0]], [[182454, 194690, 'Iain_Glen', 1]], [[182454, 194691, 'Iain_Glen', 2]]]",Iain Glen is a cat.,iain glen is a cat.
143525,VERIFIABLE,REFUTES,The 1998 NFL Draft was for the 79th irregular season of the NFL.,"[[[166673, 180466, '1998_NFL_Draft', 3]]]",The 1998 NFL Draft was for the 79th irregular season of the NFL.,the 1998 nfl draft was for the 79th irregular season of the nfl.
207900,NOT VERIFIABLE,NOT ENOUGH INFO,Aruba is landlocked.,"[[[245951, None, None, None]]]",Aruba is landlocked.,aruba is landlocked.
113492,NOT VERIFIABLE,NOT ENOUGH INFO,"Keith Urban is the artist behind the song ""Defying Gravity.""","[[[133120, None, None, None]]]","Keith Urban is the artist behind the song ""Defying Gravity.""","keith urban is the artist behind the song ""defying gravity."""
219092,NOT VERIFIABLE,NOT ENOUGH INFO,Deadpool 2 featured Scarlett Johansson.,"[[[260596, None, None, None], [260599, None, None, None]]]",Deadpool 2 featured Scarlett Johansson.,deadpool 2 featured scarlett johansson.
199120,VERIFIABLE,SUPPORTS,International Relations includes many subject matters.,"[[[234115, 237013, 'International_relations', 0]], [[234115, 237014, 'International_relations', 9]], [[234115, 237015, 'International_relations', 10]]]",International Relations includes many subject matters.,international relations includes many subject matters.
84279,VERIFIABLE,REFUTES,Neil Young is not Canadian.,"[[[101322, 114551, 'Neil_Young', 0]]]",Neil Young is not Canadian.,neil young is not canadian.
196259,NOT VERIFIABLE,NOT ENOUGH INFO,Emily Browning starred in The Echo of Thunder.,"[[[230608, None, None, None]]]",Emily Browning starred in The Echo of Thunder.,emily browning starred in the echo of thunder.
203947,VERIFIABLE,SUPPORTS,Laura Linney was in a movie.,"[[[240737, 242314, 'Laura_Linney', 8], [240737, 242314, 'The_Truman_Show', 1]], [[240737, 242315, 'Laura_Linney', 7], [240737, 242315, 'The_Savages_-LRB-film-RRB-', 1]]]",Laura Linney was in a movie.,laura linney was in a movie.
139733,VERIFIABLE,SUPPORTS,Reuters transmits news in at least one language.,"[[[162643, 176915, 'Reuters', 6]]]",Reuters transmits news in at least one language.,reuters transmits news in at least one language.
204261,NOT VERIFIABLE,NOT ENOUGH INFO,Frederick Trump was born in a village.,"[[[241163, None, None, None]]]",Frederick Trump was born in a village.,frederick trump was born in a village.
135127,NOT VERIFIABLE,NOT ENOUGH INFO,Emilio Estevez is a producer.,"[[[157702, None, None, None], [157706, None, None, None]]]",Emilio Estevez is a producer.,emilio estevez is a producer.
119258,NOT VERIFIABLE,NOT ENOUGH INFO,Taraji P. Henson is a performer.,"[[[140187, None, None, None]]]",Taraji P. Henson is a performer.,taraji p. henson is a performer.
198178,VERIFIABLE,SUPPORTS,Julie Walters was in series.,"[[[233004, 236025, 'Julie_Walters', 8]]]",Julie Walters was in series.,julie walters was in series.
144095,VERIFIABLE,SUPPORTS,Donald Sutherland is a person.,"[[[167239, 181071, 'Donald_Sutherland', 0]], [[167239, 181072, 'Donald_Sutherland', 3]], [[167239, 181073, 'Donald_Sutherland', 4]], [[167239, 181074, 'Donald_Sutherland', 7]], [[167239, 181075, 'Donald_Sutherland', 10]], [[167239, 181076, 'Donald_Sutherland', 11]], [[167239, 181077, 'Donald_Sutherland', 12]], [[167239, 181078, 'Donald_Sutherland', 13]]]",Donald Sutherland is a person.,donald sutherland is a person.
194053,NOT VERIFIABLE,NOT ENOUGH INFO,Duane Hopwood includes a screenwriter.,"[[[227255, None, None, None]]]",Duane Hopwood includes a screenwriter.,duane hopwood includes a screenwriter.
184856,VERIFIABLE,REFUTES,Hungary is surrounded by water.,"[[[215381, 222265, 'Hungary', 1]]]",Hungary is surrounded by water.,hungary is surrounded by water.
139219,VERIFIABLE,SUPPORTS,"Beverly Hills, 90210 addressed numerous topical issues such as date rape, gay rights, animal rights, alcoholism, drug abuse, domestic violence, sex, antisemitism, racism, teenage suicide, teenage pregnancy, and AIDS.","[[[162038, 176410, 'Beverly_Hills,_90210', 10]]]","Beverly Hills, 90210 addressed numerous topical issues such as date rape, gay rights, animal rights, alcoholism, drug abuse, domestic violence, sex, antisemitism, racism, teenage suicide, teenage pregnancy, and AIDS.","beverly hills, 90210 addressed numerous topical issues such as date rape, gay rights, animal rights, alcoholism, drug abuse, domestic violence, sex, antisemitism, racism, teenage suicide, teenage pregnancy, and aids."
148850,NOT VERIFIABLE,NOT ENOUGH INFO,Zindagi Na Milegi Dobara stars Akshay Kumar.,"[[[172515, None, None, None]]]",Zindagi Na Milegi Dobara stars Akshay Kumar.,zindagi na milegi dobara stars akshay kumar.
27467,NOT VERIFIABLE,NOT ENOUGH INFO,David Dhawan works on French films.,"[[[43587, None, None, None]]]",David Dhawan works on French films.,david dhawan works on french films.
126109,VERIFIABLE,SUPPORTS,Just Dance was released in April 2008.,"[[[147941, 162939, 'Just_Dance_-LRB-song-RRB-', 9]]]",Just Dance was released in April 2008.,just dance was released in april 2008.
64103,VERIFIABLE,REFUTES,Becoming Jane is a book.,"[[[80585, 92428, 'Becoming_Jane', 0]]]",Becoming Jane is a book.,becoming jane is a book.
102661,VERIFIABLE,SUPPORTS,Radiohead is a group.,"[[[120512, 134747, 'Radiohead', 0]], [[120527, 134762, 'Radiohead', 0]], [[120527, 134763, 'Radiohead', 1]], [[120527, 134764, 'Radiohead', 5], [120527, 134764, 'Creep_-LRB-Radiohead_song-RRB-', 0]], [[120527, 134765, 'Radiohead', 6], [120527, 134765, 'Pablo_Honey', 0]], [[120527, 134766, 'Radiohead', 7], [120527, 134766, 'The_Bends', 0]], [[120527, 134767, 'Radiohead', 8], [120527, 134767, 'OK_Computer', 0]], [[120527, 134768, 'Radiohead', 9]], [[120527, 134769, 'Radiohead', 10], [120527, 134769, 'Kid_A', 0]], [[120527, 134770, 'Radiohead', 13]], [[120527, 134771, 'Radiohead', 15], [120527, 134771, 'In_Rainbows', 0]], [[120527, 134772, 'Radiohead', 16], [120527, 134772, 'The_King_of_Limbs', 0]], [[120527, 134773, 'Radiohead', 17], [120527, 134773, 'A_Moon_Shaped_Pool', 0]], [[120527, 134774, 'Radiohead', 22], [120527, 134774, 'Jonny_Greenwood', 0]], [[120527, 134775, 'Radiohead', 23]]]",Radiohead is a group.,radiohead is a group.
35563,VERIFIABLE,SUPPORTS,Hugo Weaving is a voice actor.,"[[[104263, 117710, 'Hugo_Weaving', 7]], [[107338, 120766, 'Hugo_Weaving', 7]], [[109069, 122771, 'Hugo_Weaving', 7]], [[307973, 298437, 'Hugo_Weaving', 7]], [[309280, 299527, 'Hugo_Weaving', 7]]]",Hugo Weaving is a voice actor.,hugo weaving is a voice actor.
226375,VERIFIABLE,REFUTES,Gift of the Night Fury exclusively stars the voices of people from Kenya.,"[[[269890, 266062, 'Gift_of_the_Night_Fury', 6], [269890, 266062, 'Jay_Baruchel', 0]]]",Gift of the Night Fury exclusively stars the voices of people from Kenya.,gift of the night fury exclusively stars the voices of people from kenya.
131515,VERIFIABLE,REFUTES,Asia is landlocked.,"[[[153834, 168681, 'Asia', 6]]]",Asia is landlocked.,asia is landlocked.
156194,NOT VERIFIABLE,NOT ENOUGH INFO,"Beverly Hills, 90210 addressed numerous topical issues such as date rape, gay rights, animal rights, alcoholism, drug abuse, domestic violence, sex, antisemitism, racism, teenage suicide, teenage pregnancy, and AIDS.","[[[180249, None, None, None]]]","Beverly Hills, 90210 addressed numerous topical issues such as date rape, gay rights, animal rights, alcoholism, drug abuse, domestic violence, sex, antisemitism, racism, teenage suicide, teenage pregnancy, and AIDS.","beverly hills, 90210 addressed numerous topical issues such as date rape, gay rights, animal rights, alcoholism, drug abuse, domestic violence, sex, antisemitism, racism, teenage suicide, teenage pregnancy, and aids."
213014,VERIFIABLE,SUPPORTS,Marlon Brando was in a film.,"[[[252664, 252416, 'Marlon_Brando', 0]], [[252664, 252417, 'Marlon_Brando', 1]], [[252664, 252418, 'Marlon_Brando', 3]], [[252664, 252419, 'Marlon_Brando', 4]], [[252664, 252420, 'Marlon_Brando', 8]], [[252664, 252421, 'Marlon_Brando', 9]], [[252664, 252422, 'Marlon_Brando', 10]], [[252664, 252423, 'Marlon_Brando', 11]], [[252664, 252424, 'Marlon_Brando', 16]], [[252664, 252425, 'Marlon_Brando', 17]], [[252664, 252426, 'Marlon_Brando', 18], [252664, 252426, 'The_Godfather', 1]], [[252664, 252427, 'Marlon_Brando', 19]], [[252664, 252428, 'Marlon_Brando', 20]], [[252664, 252429, 'Marlon_Brando', 23]], [[252664, 252430, 'Marlon_Brando', 26]]]",Marlon Brando was in a film.,marlon brando was in a film.
47879,VERIFIABLE,REFUTES,The Boys from Brazil features a corpse.,"[[[64251, 74993, 'The_Boys_from_Brazil_-LRB-film-RRB-', 1]]]",The Boys from Brazil features a corpse.,the boys from brazil features a corpse.
165513,VERIFIABLE,REFUTES,Ileana D'Cruz only starred in Twilight.,"[[[298792, 290199, ""Ileana_D'Cruz"", 4]], [[300873, 291957, ""Ileana_D'Cruz"", 0]], [[300873, 291958, ""Ileana_D'Cruz"", 3]], [[300873, 291959, ""Ileana_D'Cruz"", 4]], [[300873, 291960, ""Ileana_D'Cruz"", 5]], [[300873, 291961, ""Ileana_D'Cruz"", 8]], [[300873, 291962, ""Ileana_D'Cruz"", 12]], [[300873, 291963, ""Ileana_D'Cruz"", 13]], [[300874, 291964, ""Ileana_D'Cruz"", 3]], [[300874, 291965, ""Ileana_D'Cruz"", 4]], [[300874, 291966, ""Ileana_D'Cruz"", 5]], [[300874, 291967, ""Ileana_D'Cruz"", 12]], [[344795, 328252, ""Ileana_D'Cruz"", 3]], [[344795, 328253, ""Ileana_D'Cruz"", 4]], [[344795, 328254, ""Ileana_D'Cruz"", 5]], [[344795, 328255, ""Ileana_D'Cruz"", 8]], [[344795, 328256, ""Ileana_D'Cruz"", 12]], [[344795, 328257, ""Ileana_D'Cruz"", 13]]]",Ileana D'Cruz only starred in Twilight.,ileana d'cruz only starred in twilight.
219095,VERIFIABLE,REFUTES,Deadpool 2 only featured Tom Cruise.,"[[[260603, 258961, 'Deadpool_-LRB-film-RRB-', 1]], [[260609, 258965, 'Deadpool_-LRB-film-RRB-', 1]]]",Deadpool 2 only featured Tom Cruise.,deadpool 2 only featured tom cruise.
2267,NOT VERIFIABLE,NOT ENOUGH INFO,Silicon Valley is not a region.,"[[[18081, None, None, None]]]",Silicon Valley is not a region.,silicon valley is not a region.
53782,NOT VERIFIABLE,NOT ENOUGH INFO,Judd Apatow is Canadian.,"[[[70081, None, None, None]]]",Judd Apatow is Canadian.,judd apatow is canadian.
192617,VERIFIABLE,REFUTES,Odin travels independently only.,"[[[225782, 230365, 'Odin', 16]]]",Odin travels independently only.,odin travels independently only.
23474,NOT VERIFIABLE,NOT ENOUGH INFO,Minos fathered a dog.,"[[[39421, None, None, None]]]",Minos fathered a dog.,minos fathered a dog.
177626,NOT VERIFIABLE,NOT ENOUGH INFO,Fences stars Emma Stone.,"[[[207248, None, None, None]]]",Fences stars Emma Stone.,fences stars emma stone.
188733,NOT VERIFIABLE,NOT ENOUGH INFO,Crash starred an actor.,"[[[220318, None, None, None]]]",Crash starred an actor.,crash starred an actor.
225926,NOT VERIFIABLE,NOT ENOUGH INFO,Hate group practices a philosopy.,"[[[269324, None, None, None]]]",Hate group practices a philosopy.,hate group practices a philosopy.
123328,VERIFIABLE,REFUTES,In & Out is a Canadian film.,"[[[144831, 159842, 'In_&_Out_-LRB-film-RRB-', 0]]]",In & Out is a Canadian film.,in & out is a canadian film.
98896,NOT VERIFIABLE,NOT ENOUGH INFO,Jerome is recognized by Russians.,"[[[116535, None, None, None]]]",Jerome is recognized by Russians.,jerome is recognized by russians.
213026,VERIFIABLE,SUPPORTS,Marlon Brando was in a film.,"[[[252690, 252470, 'Marlon_Brando', 4], [252690, 252470, 'Apocalypse_Now', 0], [252690, 252470, 'Last_Tango_in_Paris', 0], [252690, 252470, 'Reflections_in_a_Golden_Eye_-LRB-film-RRB-', 0], [252690, 252470, 'Sayonara', 0], [252690, 252470, 'The_Wild_One', 0]], [[252690, 252471, 'Marlon_Brando', 8], [252690, 252471, 'Julius_Caesar_-LRB-1953_film-RRB-', 0]], [[252690, 252472, 'Marlon_Brando', 9], [252690, 252472, 'On_the_Waterfront', 0], [252690, 252472, 'The_Wild_One', 0]], [[252690, 252473, 'Marlon_Brando', 11], [252690, 252473, 'Julius_Caesar_-LRB-1953_film-RRB-', 0], [252690, 252473, 'Sayonara', 0]], [[252690, 252474, 'Marlon_Brando', 16], [252690, 252474, 'Julius_Caesar_-LRB-1953_film-RRB-', 0], [252690, 252474, 'Mutiny_on_the_Bounty_-LRB-1962_film-RRB-', 0], [252690, 252474, 'One-Eyed_Jacks', 0]], [[252690, 252475, 'Marlon_Brando', 17], [252690, 252475, 'The_Godfather', 0]], [[252690, 252476, 'Marlon_Brando', 19], [252690, 252476, 'Last_Tango_in_Paris', 0]], [[252690, 252477, 'Marlon_Brando', 20], [252690, 252477, 'The_Missouri_Breaks', 0]], [[252690, 252478, 'Marlon_Brando', 21], [252690, 252478, 'Superman_-LRB-1978_film-RRB-', 0], [252690, 252478, 'The_Formula_-LRB-1980_film-RRB-', 0]], [[252690, 252479, 'Marlon_Brando', 23], [252690, 252479, 'Apocalypse_Now', 0]]]",Marlon Brando was in a film.,marlon brando was in a film.
35144,VERIFIABLE,REFUTES,Matt Smith's first televised part was in the BBC adaptation of Philip Pullman's The Shadow in the North.,"[[[51341, 61063, 'Matt_Smith_-LRB-actor-RRB-', 9], [51341, 61063, 'The_Ruby_in_the_Smoke', 3]]]",Matt Smith's first televised part was in the BBC adaptation of Philip Pullman's The Shadow in the North.,matt smith's first televised part was in the bbc adaptation of philip pullman's the shadow in the north.
31928,VERIFIABLE,REFUTES,Adele is an actress.,"[[[48052, 57372, 'Adele', 0]]]",Adele is an actress.,adele is an actress.
209529,NOT VERIFIABLE,NOT ENOUGH INFO,"Sleep can be disrupted by dyssomnia, insomnia, hypersomnia, narcolepsy, sleep apnea, parasomnia, sleepwalking, REM behavior disorder, bruxism, and circadian rhythm sleep disorders.","[[[248083, None, None, None]]]","Sleep can be disrupted by dyssomnia, insomnia, hypersomnia, narcolepsy, sleep apnea, parasomnia, sleepwalking, REM behavior disorder, bruxism, and circadian rhythm sleep disorders.","sleep can be disrupted by dyssomnia, insomnia, hypersomnia, narcolepsy, sleep apnea, parasomnia, sleepwalking, rem behavior disorder, bruxism, and circadian rhythm sleep disorders."
45454,VERIFIABLE,REFUTES,Mark Bomback is from Boston.,"[[[61791, 72260, 'Mark_Bomback', 0]]]",Mark Bomback is from Boston.,mark bomback is from boston.
86636,VERIFIABLE,REFUTES,Galaxy Quest was directed by James Cameron.,"[[[103780, 117288, 'Galaxy_Quest', 0]]]",Galaxy Quest was directed by James Cameron.,galaxy quest was directed by james cameron.
98625,VERIFIABLE,REFUTES,A crown colony is also known as something else.,"[[[116307, 130211, 'Crown_colony', 0]]]",A crown colony is also known as something else.,a crown colony is also known as something else.
203300,NOT VERIFIABLE,NOT ENOUGH INFO,Extreme environments can be caused by carbon monoxide.,"[[[239803, None, None, None]]]",Extreme environments can be caused by carbon monoxide.,extreme environments can be caused by carbon monoxide.
184826,NOT VERIFIABLE,NOT ENOUGH INFO,Hungary is bordered by China.,"[[[216421, None, None, None], [216423, None, None, None]]]",Hungary is bordered by China.,hungary is bordered by china.
226345,VERIFIABLE,REFUTES,Gift of the Night Fury exclusively stars the voices of people from Kenya.,"[[[269856, 266042, 'Gift_of_the_Night_Fury', 6], [269856, 266042, 'Gerard_Butler', 0], [269856, 266042, 'Jay_Baruchel', 0]]]",Gift of the Night Fury exclusively stars the voices of people from Kenya.,gift of the night fury exclusively stars the voices of people from kenya.
216049,VERIFIABLE,SUPPORTS,The 19th G7 summit included politicians.,"[[[256682, 255854, '19th_G7_summit', 4], [256682, 255854, 'President_of_the_European_Commission', 0]]]",The 19th G7 summit included politicians.,the 19th g7 summit included politicians.
68928,VERIFIABLE,REFUTES,The Who is a record producer.,"[[[85561, 97869, 'The_Who', 0]]]",The Who is a record producer.,the who is a record producer.
205948,NOT VERIFIABLE,NOT ENOUGH INFO,Cosmopolitan as of 2011 contains content which includes articles on political dialogue.,"[[[243386, None, None, None]]]",Cosmopolitan as of 2011 contains content which includes articles on political dialogue.,cosmopolitan as of 2011 contains content which includes articles on political dialogue.
159351,VERIFIABLE,REFUTES,Lee Harvey Oswald was Canadian.,"[[[183709, 195701, 'Lee_Harvey_Oswald', 0]]]",Lee Harvey Oswald was Canadian.,lee harvey oswald was canadian.
145853,NOT VERIFIABLE,NOT ENOUGH INFO,The Boston Celtics share their arena with the Boston Red Sox.,"[[[169215, None, None, None]]]",The Boston Celtics share their arena with the Boston Red Sox.,the boston celtics share their arena with the boston red sox.
132671,VERIFIABLE,SUPPORTS,Donald Sutherland is a person.,"[[[155096, 169811, 'Donald_Sutherland', 0]]]",Donald Sutherland is a person.,donald sutherland is a person.
133378,NOT VERIFIABLE,NOT ENOUGH INFO,Zach Galifianakis starred in The Matrix.,"[[[155918, None, None, None]]]",Zach Galifianakis starred in The Matrix.,zach galifianakis starred in the matrix.
118474,VERIFIABLE,REFUTES,The Germanic peoples are an American group.,"[[[138994, 154070, 'Germanic_peoples', 0], [138994, 154070, 'Proto-Indo-Europeans', 0]], [[139001, 154076, 'Germanic_peoples', 0]], [[139002, 154077, 'Germanic_peoples', 0]]]",The Germanic peoples are an American group.,the germanic peoples are an american group.
95735,NOT VERIFIABLE,NOT ENOUGH INFO,24 is a historical fiction film.,"[[[113244, None, None, None]]]",24 is a historical fiction film.,24 is a historical fiction film.
16461,VERIFIABLE,REFUTES,The Boys from Brazil stars Liv Ullmann.,"[[[31838, 38641, 'The_Boys_from_Brazil_-LRB-film-RRB-', 1]]]",The Boys from Brazil stars Liv Ullmann.,the boys from brazil stars liv ullmann.
213260,VERIFIABLE,SUPPORTS,The Nile drains through a forest.,"[[[252996, 252861, 'Nile', 2], [252996, 252861, 'Burundi', 38], [252996, 252861, 'Kenya', 11]]]",The Nile drains through a forest.,the nile drains through a forest.
182116,VERIFIABLE,SUPPORTS,Loving starred Marton Csokas.,"[[[211769, 219415, 'Loving_-LRB-2016_film-RRB-', 7]]]",Loving starred Marton Csokas.,loving starred marton csokas.
29745,VERIFIABLE,REFUTES,Michael Jordan was a truck driver.,"[[[45859, 54764, 'Michael_Jordan', 0]]]",Michael Jordan was a truck driver.,michael jordan was a truck driver.
87619,NOT VERIFIABLE,NOT ENOUGH INFO,David Carradine was a producer.,"[[[104819, None, None, None]]]",David Carradine was a producer.,david carradine was a producer.
177037,VERIFIABLE,SUPPORTS,Asset management may apply to intangible assets such as human capital.,"[[[205154, 213803, 'Asset_management', 1]]]",Asset management may apply to intangible assets such as human capital.,asset management may apply to intangible assets such as human capital.
77544,NOT VERIFIABLE,NOT ENOUGH INFO,Ryder is an Armenian company.,"[[[94483, None, None, None]]]",Ryder is an Armenian company.,ryder is an armenian company.
214854,VERIFIABLE,REFUTES,History of art only includes computers.,"[[[255127, 254641, 'History_of_art', 2]]]",History of art only includes computers.,history of art only includes computers.
88226,NOT VERIFIABLE,NOT ENOUGH INFO,Italy's natives are Italians.,"[[[105433, None, None, None]]]",Italy's natives are Italians.,italy's natives are italians.
187708,VERIFIABLE,REFUTES,United Kingdom is a car.,"[[[219020, 225160, 'United_Kingdom', 0]]]",United Kingdom is a car.,united kingdom is a car.
228913,VERIFIABLE,REFUTES,Drama school offers zero degrees.,"[[[273130, 268693, 'Drama_school', 1]], [[273130, 268694, 'Drama_school', 2]]]",Drama school offers zero degrees.,drama school offers zero degrees.
3986,NOT VERIFIABLE,NOT ENOUGH INFO,Minions is a film production.,"[[[20196, None, None, None]]]",Minions is a film production.,minions is a film production.
192612,VERIFIABLE,SUPPORTS,Odin is often accompanied by a wolf.,"[[[225355, 230023, 'Odin', 16]]]",Odin is often accompanied by a wolf.,odin is often accompanied by a wolf.
182561,NOT VERIFIABLE,NOT ENOUGH INFO,Movies are a popular culture category.,"[[[212344, None, None, None]]]",Movies are a popular culture category.,movies are a popular culture category.
43917,VERIFIABLE,SUPPORTS,Joe Manganiello has worked with an actor.,"[[[60255, 70647, 'Joe_Manganiello', 5], [60255, 70647, 'Magic_Mike', 0]]]",Joe Manganiello has worked with an actor.,joe manganiello has worked with an actor.
199080,VERIFIABLE,REFUTES,International Relations includes animals.,"[[[234069, 236961, 'International_relations', 9]], [[234069, 236962, 'International_relations', 10]]]",International Relations includes animals.,international relations includes animals.
120755,VERIFIABLE,REFUTES,The Academy Honorary Award was instituted for an award previous called the Palm d'Or.,"[[[141809, 157059, 'Academy_Honorary_Award', 0]]]",The Academy Honorary Award was instituted for an award previous called the Palm d'Or.,the academy honorary award was instituted for an award previous called the palm d'or.
225147,VERIFIABLE,REFUTES,Chet Atkins only produced records for Michael Jackson.,"[[[268296, 264902, 'Chet_Atkins', 8]]]",Chet Atkins only produced records for Michael Jackson.,chet atkins only produced records for michael jackson.
36799,VERIFIABLE,SUPPORTS,Cirrhosis can cause death.,"[[[52994, 62944, 'Cirrhosis', 29]]]",Cirrhosis can cause death.,cirrhosis can cause death.
199056,NOT VERIFIABLE,NOT ENOUGH INFO,International Relations includes the U.N.,"[[[234038, None, None, None]]]",International Relations includes the U.N.,international relations includes the u.n.
55343,NOT VERIFIABLE,NOT ENOUGH INFO,Mackenzie Foy starred in Twilight.,"[[[71707, None, None, None]]]",Mackenzie Foy starred in Twilight.,mackenzie foy starred in twilight.
110092,VERIFIABLE,REFUTES,"West Hollywood, California is referred to as SoHo.","[[[130172, 144906, 'West_Hollywood,_California', 0]]]","West Hollywood, California is referred to as SoHo.","west hollywood, california is referred to as soho."
184564,VERIFIABLE,SUPPORTS,The Shadow Line was produced by Hugo Blick.,"[[[215001, 221944, 'The_Shadow_Line_-LRB-TV_series-RRB-', 2]]]",The Shadow Line was produced by Hugo Blick.,the shadow line was produced by hugo blick.
51508,VERIFIABLE,REFUTES,Helena Bonham Carter is unable to act in movies.,"[[[67864, 78714, 'Helena_Bonham_Carter', 1]], [[67864, 78715, 'Helena_Bonham_Carter', 2], [67864, 78715, 'The_Wings_of_the_Dove_-LRB-1997_film-RRB-', 0]], [[67864, 78716, 'Helena_Bonham_Carter', 3], [67864, 78716, ""The_King's_Speech"", 0]], [[67864, 78717, 'Helena_Bonham_Carter', 7]], [[67864, 78718, 'Helena_Bonham_Carter', 8]], [[67864, 78719, 'Helena_Bonham_Carter', 9], [67864, 78719, 'Alice_in_Wonderland_-LRB-2010_film-RRB-', 0], [67864, 78719, 'Planet_of_the_Apes_-LRB-2001_film-RRB-', 0], [67864, 78719, 'Dark_Shadows_-LRB-film-RRB-', 0], [67864, 78719, 'Big_Fish', 0], [67864, 78719, 'Alice_Through_the_Looking_Glass_-LRB-2016_film-RRB-', 0], [67864, 78719, 'Sweeney_Todd-COLON-_The_Demon_Barber_of_Fleet_Street_-LRB-2007_film-RRB-', 0], [67864, 78719, 'Corpse_Bride', 0], [67864, 78719, 'Charlie_and_the_Chocolate_Factory_-LRB-film-RRB-', 0]], [[67864, 78720, 'Helena_Bonham_Carter', 10]], [[67864, 78721, 'Helena_Bonham_Carter', 4]]]",Helena Bonham Carter is unable to act in movies.,helena bonham carter is unable to act in movies.
123829,VERIFIABLE,REFUTES,Paul Pogba ended his career with Manchester United.,"[[[145335, 160327, 'Paul_Pogba', 0]]]",Paul Pogba ended his career with Manchester United.,paul pogba ended his career with manchester united.
191625,VERIFIABLE,REFUTES,Famous in Love failed to star any actors.,"[[[224101, 228968, 'Famous_in_Love', 1]]]",Famous in Love failed to star any actors.,famous in love failed to star any actors.
113155,NOT VERIFIABLE,NOT ENOUGH INFO,Northeast megalopolis includes Portland.,"[[[132736, None, None, None]]]",Northeast megalopolis includes Portland.,northeast megalopolis includes portland.
192483,VERIFIABLE,REFUTES,Francois de Belleforest translated the works of Elena Ferrante.,"[[[225178, 229856, 'François_de_Belleforest', 9]]]",Francois de Belleforest translated the works of Elena Ferrante.,francois de belleforest translated the works of elena ferrante.
24004,VERIFIABLE,REFUTES,The Fosters is a recorded work.,"[[[39937, 48049, 'The_Fosters_-LRB-2013_TV_series-RRB-', 0]]]",The Fosters is a recorded work.,the fosters is a recorded work.
44317,VERIFIABLE,SUPPORTS,Destiny is centered around gun and weapon-based combat.,"[[[60734, 71221, 'Destiny_-LRB-video_game-RRB-', 0], [60734, 71221, 'First-person_shooter', 0]]]",Destiny is centered around gun and weapon-based combat.,destiny is centered around gun and weapon-based combat.
81387,VERIFIABLE,SUPPORTS,Mel Brooks is a producer.,"[[[98438, 111544, 'Mel_Brooks', 8], [98438, 111544, 'High_Anxiety', 0]]]",Mel Brooks is a producer.,mel brooks is a producer.
208943,VERIFIABLE,REFUTES,Funny or Die produces The Late Show.,"[[[247341, 247658, 'Funny_or_Die', 0], [247341, 247658, 'The_Late_Show_with_Stephen_Colbert', 1]]]",Funny or Die produces The Late Show.,funny or die produces the late show.
163414,VERIFIABLE,SUPPORTS,"Ilkhanate contained Iran, Iraq, Armenia, Azerbaijan, Georgia, Turkmenistan, Turkey, western Afghanistan, and southwestern Pakistan.","[[[188112, 199650, 'Ilkhanate', 4]]]","Ilkhanate contained Iran, Iraq, Armenia, Azerbaijan, Georgia, Turkmenistan, Turkey, western Afghanistan, and southwestern Pakistan.","ilkhanate contained iran, iraq, armenia, azerbaijan, georgia, turkmenistan, turkey, western afghanistan, and southwestern pakistan."
26880,NOT VERIFIABLE,NOT ENOUGH INFO,Edward Norton is a Gemini.,"[[[43043, None, None, None]]]",Edward Norton is a Gemini.,edward norton is a gemini.
196728,VERIFIABLE,REFUTES,Phantoms is an Armenian film.,"[[[231166, 234702, 'Phantoms_-LRB-film-RRB-', 0]]]",Phantoms is an Armenian film.,phantoms is an armenian film.
187710,NOT VERIFIABLE,NOT ENOUGH INFO,"The UK is a member of the Commonwealth of Nations, the Council of Europe, the G7 finance ministers, the G7 forum, the G20, NATO, the Organisation for Economic Co-operation and Development (OECD), and the World Trade Organization (WTO).","[[[219023, None, None, None]]]","The UK is a member of the Commonwealth of Nations, the Council of Europe, the G7 finance ministers, the G7 forum, the G20, NATO, the Organisation for Economic Co-operation and Development (OECD), and the World Trade Organization (WTO).","the uk is a member of the commonwealth of nations, the council of europe, the g7 finance ministers, the g7 forum, the g20, nato, the organisation for economic co-operation and development (oecd), and the world trade organization (wto)."
191760,NOT VERIFIABLE,NOT ENOUGH INFO,German is a Western Romance Language.,"[[[224282, None, None, None]]]",German is a Western Romance Language.,german is a western romance language.
100858,VERIFIABLE,REFUTES,Get Out stars Brad Pitt.,"[[[118553, 132402, 'Get_Out_-LRB-film-RRB-', 1]]]",Get Out stars Brad Pitt.,get out stars brad pitt.
191789,VERIFIABLE,REFUTES,German is a Western Romance Language.,"[[[224309, 229153, 'Western_Romance_languages', 0], [224309, 229153, 'German_language', 0]]]",German is a Western Romance Language.,german is a western romance language.
203242,NOT VERIFIABLE,NOT ENOUGH INFO,Extreme environments can be caused by a variety of factors that push equilibrium off.,"[[[239815, None, None, None]]]",Extreme environments can be caused by a variety of factors that push equilibrium off.,extreme environments can be caused by a variety of factors that push equilibrium off.
95984,VERIFIABLE,SUPPORTS,"Beverly Hills, 90210 addressed numerous topical issues such as date rape, gay rights, animal rights, alcoholism, drug abuse, domestic violence, sex, antisemitism, racism, teenage suicide, teenage pregnancy, and AIDS.","[[[113514, 127394, 'Beverly_Hills,_90210', 10]]]","Beverly Hills, 90210 addressed numerous topical issues such as date rape, gay rights, animal rights, alcoholism, drug abuse, domestic violence, sex, antisemitism, racism, teenage suicide, teenage pregnancy, and AIDS.","beverly hills, 90210 addressed numerous topical issues such as date rape, gay rights, animal rights, alcoholism, drug abuse, domestic violence, sex, antisemitism, racism, teenage suicide, teenage pregnancy, and aids."
52944,NOT VERIFIABLE,NOT ENOUGH INFO,There is a character in Star Wars sequel trilogy.,"[[[69228, None, None, None]]]",There is a character in Star Wars sequel trilogy.,there is a character in star wars sequel trilogy.
184784,NOT VERIFIABLE,NOT ENOUGH INFO,The Champ stars John Boyega.,"[[[215273, None, None, None]]]",The Champ stars John Boyega.,the champ stars john boyega.
211322,VERIFIABLE,REFUTES,Halle Berry has a child.,"[[[250398, 250397, 'Halle_Berry', 17]]]",Halle Berry has a child.,halle berry has a child.
19314,NOT VERIFIABLE,NOT ENOUGH INFO,Becoming Jane is a book.,"[[[35074, None, None, None]]]",Becoming Jane is a book.,becoming jane is a book.
87749,NOT VERIFIABLE,NOT ENOUGH INFO,Adele is an actress.,"[[[104956, None, None, None]]]",Adele is an actress.,adele is an actress.
179184,NOT VERIFIABLE,NOT ENOUGH INFO,Dominick Dunne was illiterate.,"[[[207861, None, None, None]]]",Dominick Dunne was illiterate.,dominick dunne was illiterate.
223909,VERIFIABLE,REFUTES,All original members of Stone Temple Pilots were exclusively from Somalia.,"[[[266751, 263636, 'Stone_Temple_Pilots', 0]]]",All original members of Stone Temple Pilots were exclusively from Somalia.,all original members of stone temple pilots were exclusively from somalia.
153294,VERIFIABLE,SUPPORTS,A crown colony is also known as something else.,"[[[293108, 285740, 'Crown_colony', 0]], [[295722, 287789, 'Crown_colony', 0]], [[295723, 287790, 'Crown_colony', 0]], [[341584, 325974, 'Crown_colony', 0]]]",A crown colony is also known as something else.,a crown colony is also known as something else.
147086,VERIFIABLE,SUPPORTS,John McCain is a person.,"[[[170650, 184209, 'John_McCain', 0]], [[170650, 184210, 'John_McCain', 1]], [[170650, 184211, 'John_McCain', 4]], [[170650, 184212, 'John_McCain', 5]], [[170650, 184213, 'John_McCain', 8]], [[170650, 184214, 'John_McCain', 13]], [[170650, 184215, 'John_McCain', 14]], [[170650, 184216, 'John_McCain', 15]], [[170650, 184217, 'John_McCain', 16]], [[170650, 184218, 'John_McCain', 17]], [[170650, 184219, 'John_McCain', 18]], [[170650, 184220, 'John_McCain', 19]], [[170650, 184221, 'John_McCain', 22]], [[170650, 184222, 'John_McCain', 23]], [[170650, 184223, 'John_McCain', 24]], [[170650, 184224, 'John_McCain', 25]], [[170650, 184225, 'John_McCain', 26]]]",John McCain is a person.,john mccain is a person.
64529,VERIFIABLE,SUPPORTS,Helena Bonham Carter is unable to act in movies.,"[[[80971, 92825, 'Helena_Bonham_Carter', 8]]]",Helena Bonham Carter is unable to act in movies.,helena bonham carter is unable to act in movies.
71794,VERIFIABLE,REFUTES,Gillian Jacobs has only appeared in the film Brother Nature.,"[[[88469, 101095, 'Gillian_Jacobs', 3]]]",Gillian Jacobs has only appeared in the film Brother Nature.,gillian jacobs has only appeared in the film brother nature.
225686,NOT VERIFIABLE,NOT ENOUGH INFO,50 First Dates is a horror film.,"[[[268987, None, None, None], [268988, None, None, None]]]",50 First Dates is a horror film.,50 first dates is a horror film.
201638,VERIFIABLE,SUPPORTS,Matt Sorum's touring project Kings of Chaos features members of ZZ Top.,"[[[237349, 239569, 'Matt_Sorum', 17]]]",Matt Sorum's touring project Kings of Chaos features members of ZZ Top.,matt sorum's touring project kings of chaos features members of zz top.
196856,VERIFIABLE,REFUTES,Sean Connery is a businessman.,"[[[231308, 234814, 'Sean_Connery', 0]]]",Sean Connery is a businessman.,sean connery is a businessman.
144247,NOT VERIFIABLE,NOT ENOUGH INFO,Lee Majors is a dead body.,"[[[167438, None, None, None]]]",Lee Majors is a dead body.,lee majors is a dead body.
51017,VERIFIABLE,REFUTES,Matt Smith's first television role was in a box.,"[[[67349, 78162, 'Matt_Smith_-LRB-actor-RRB-', 9]]]",Matt Smith's first television role was in a box.,matt smith's first television role was in a box.
171913,VERIFIABLE,REFUTES,Warm Leatherette is by a government official.,"[[[198380, 208257, 'Warm_Leatherette_-LRB-album-RRB-', 0], [198380, 208257, 'Grace_Jones', 0]]]",Warm Leatherette is by a government official.,warm leatherette is by a government official.
37242,NOT VERIFIABLE,NOT ENOUGH INFO,Brigitte Macron is a high-school principal.,"[[[53437, None, None, None]]]",Brigitte Macron is a high-school principal.,brigitte macron is a high-school principal.
179661,NOT VERIFIABLE,NOT ENOUGH INFO,Michael Giacchino composed the score for Dunkirk.,"[[[208507, None, None, None]]]",Michael Giacchino composed the score for Dunkirk.,michael giacchino composed the score for dunkirk.
76043,VERIFIABLE,SUPPORTS,Sunburn is a title.,"[[[92865, 105720, 'Sunburn_-LRB-film-RRB-', 0]], [[92866, 105721, 'Sunburn_-LRB-film-RRB-', 0]]]",Sunburn is a title.,sunburn is a title.
215193,VERIFIABLE,REFUTES,James and the Giant Peach was a silent animated film.,"[[[255543, 254978, 'James_and_the_Giant_Peach_-LRB-film-RRB-', 0]]]",James and the Giant Peach was a silent animated film.,james and the giant peach was a silent animated film.
146753,VERIFIABLE,REFUTES,Chris Carter has a singing career.,"[[[171876, 185338, 'Chris_Carter_-LRB-screenwriter-RRB-', 0]]]",Chris Carter has a singing career.,chris carter has a singing career.
91020,VERIFIABLE,SUPPORTS,Alexander Hamilton attended King's College in Manhattan.,"[[[108359, 121911, 'Alexander_Hamilton', 14], [108359, 121911, 'Columbia_University', 0]]]",Alexander Hamilton attended King's College in Manhattan.,alexander hamilton attended king's college in manhattan.
163404,NOT VERIFIABLE,NOT ENOUGH INFO,Ilkhanate contained Poland.,"[[[190324, None, None, None]]]",Ilkhanate contained Poland.,ilkhanate contained poland.
110341,NOT VERIFIABLE,NOT ENOUGH INFO,Atomic Blonde is based on Watchmen.,"[[[129463, None, None, None]]]",Atomic Blonde is based on Watchmen.,atomic blonde is based on watchmen.
209545,VERIFIABLE,SUPPORTS,"Sleep can be disrupted by dyssomnia, insomnia, hypersomnia, narcolepsy, sleep apnea, parasomnia, sleepwalking, REM behavior disorder, bruxism, and circadian rhythm sleep disorders.","[[[248100, 248348, 'Sleep', 13]]]","Sleep can be disrupted by dyssomnia, insomnia, hypersomnia, narcolepsy, sleep apnea, parasomnia, sleepwalking, REM behavior disorder, bruxism, and circadian rhythm sleep disorders.","sleep can be disrupted by dyssomnia, insomnia, hypersomnia, narcolepsy, sleep apnea, parasomnia, sleepwalking, rem behavior disorder, bruxism, and circadian rhythm sleep disorders."
191933,NOT VERIFIABLE,NOT ENOUGH INFO,The Hangover Part III includes Dave Chapelle.,"[[[224480, None, None, None]]]",The Hangover Part III includes Dave Chapelle.,the hangover part iii includes dave chapelle.
112797,VERIFIABLE,REFUTES,Get Out stars a wild truffle.,"[[[132319, 147226, 'Get_Out_-LRB-film-RRB-', 1], [132319, 147226, 'Allison_Williams_-LRB-actress-RRB-', 0], [132319, 147226, 'Bradley_Whitford', 0]]]",Get Out stars a wild truffle.,get out stars a wild truffle.
179636,NOT VERIFIABLE,NOT ENOUGH INFO,Michael Giacchino composed the score for Dunkirk.,"[[[208478, None, None, None]]]",Michael Giacchino composed the score for Dunkirk.,michael giacchino composed the score for dunkirk.
146901,VERIFIABLE,SUPPORTS,Macbeth was drawn by Shakespeare.,"[[[170435, 184009, 'Macbeth', 0]]]",Macbeth was drawn by Shakespeare.,macbeth was drawn by shakespeare.
195734,VERIFIABLE,SUPPORTS,A Nightmare on Elm Street stars Rooney Mara.,"[[[229950, 233741, 'A_Nightmare_on_Elm_Street_-LRB-2010_film-RRB-', 3]]]",A Nightmare on Elm Street stars Rooney Mara.,a nightmare on elm street stars rooney mara.
169837,NOT VERIFIABLE,NOT ENOUGH INFO,Cary Grant appeared in a film.,"[[[195861, None, None, None]]]",Cary Grant appeared in a film.,cary grant appeared in a film.
110279,VERIFIABLE,SUPPORTS,"Richmond, Virginia is a neighbor to the Federal Reserve Bank of Richmond.","[[[129399, 144149, 'Richmond,_Virginia', 23]]]","Richmond, Virginia is a neighbor to the Federal Reserve Bank of Richmond.","richmond, virginia is a neighbor to the federal reserve bank of richmond."
45077,NOT VERIFIABLE,NOT ENOUGH INFO,Winona Ryder is an entertainer.,"[[[61430, None, None, None]]]",Winona Ryder is an entertainer.,winona ryder is an entertainer.
31386,VERIFIABLE,SUPPORTS,Jack Nicholson has many films.,"[[[47537, 56735, 'Jack_Nicholson', 2]], [[47537, 56736, 'Jack_Nicholson', 5]], [[47537, 56737, 'Jack_Nicholson', 6]], [[47537, 56738, 'Jack_Nicholson', 8]], [[47537, 56739, 'Jack_Nicholson', 11]], [[47537, 56740, 'Jack_Nicholson', 20]], [[47537, 56741, 'Jack_Nicholson', 19]], [[47537, 56742, 'Jack_Nicholson', 16]]]",Jack Nicholson has many films.,jack nicholson has many films.
87814,NOT VERIFIABLE,NOT ENOUGH INFO,Michelle Rodriguez worked in graveyards.,"[[[105015, None, None, None]]]",Michelle Rodriguez worked in graveyards.,michelle rodriguez worked in graveyards.
52695,NOT VERIFIABLE,NOT ENOUGH INFO,Liev Schreiber performed in a play by David Mamet.,"[[[68983, None, None, None]]]",Liev Schreiber performed in a play by David Mamet.,liev schreiber performed in a play by david mamet.
118602,VERIFIABLE,REFUTES,Missing is a horror film.,"[[[139140, 154203, 'Missing_-LRB-film-RRB-', 1]]]",Missing is a horror film.,missing is a horror film.
213239,VERIFIABLE,SUPPORTS,The Nile drains through a region.,"[[[252969, 252844, 'Nile', 2]]]",The Nile drains through a region.,the nile drains through a region.
182725,VERIFIABLE,SUPPORTS,"Pitch Perfect 3 stars Anna Kendrick, Anna Camp, Rebel Wilson, Brittany Snow, Hailee Steinfeld, Alexis Knapp, Ester Dean, Hana Mae Lee, Chrissie Fit, Kelley Jakle.","[[[212600, 220084, 'Pitch_Perfect_3', 1]]]","Pitch Perfect 3 stars Anna Kendrick, Anna Camp, Rebel Wilson, Brittany Snow, Hailee Steinfeld, Alexis Knapp, Ester Dean, Hana Mae Lee, Chrissie Fit, Kelley Jakle.","pitch perfect 3 stars anna kendrick, anna camp, rebel wilson, brittany snow, hailee steinfeld, alexis knapp, ester dean, hana mae lee, chrissie fit, kelley jakle."
196941,VERIFIABLE,SUPPORTS,"Worcester, Massachusetts is 50 mi west of Springfield.","[[[231417, 234925, 'Worcester,_Massachusetts', 2]]]","Worcester, Massachusetts is 50 mi west of Springfield.","worcester, massachusetts is 50 mi west of springfield."
7493,NOT VERIFIABLE,NOT ENOUGH INFO,The blue-ringed octopus is a terrestrial animal.,"[[[12129, None, None, None]]]",The blue-ringed octopus is a terrestrial animal.,the blue-ringed octopus is a terrestrial animal.
182539,NOT VERIFIABLE,NOT ENOUGH INFO,Popular culture is only about computers.,"[[[212314, None, None, None]]]",Popular culture is only about computers.,popular culture is only about computers.
154280,VERIFIABLE,REFUTES,24 is a historical fiction film.,"[[[178261, 190844, '24_-LRB-2016_film-RRB-', 0]]]",24 is a historical fiction film.,24 is a historical fiction film.
193122,VERIFIABLE,REFUTES,Woody Allen died shortly after childbirth.,"[[[226112, 230671, 'Woody_Allen', 0]], [[226112, 230672, 'Woody_Allen', 3]], [[226112, 230673, 'Woody_Allen', 4]], [[226112, 230674, 'Woody_Allen', 6]], [[226112, 230675, 'Woody_Allen', 9]], [[226112, 230676, 'Woody_Allen', 10]], [[226112, 230677, 'Woody_Allen', 12]], [[226112, 230678, 'Woody_Allen', 13]], [[226112, 230679, 'Woody_Allen', 20]], [[226112, 230680, 'Woody_Allen', 19]], [[226112, 230681, 'Woody_Allen', 18]], [[226112, 230682, 'Woody_Allen', 17]]]",Woody Allen died shortly after childbirth.,woody allen died shortly after childbirth.
177678,NOT VERIFIABLE,NOT ENOUGH INFO,Tubelight is produced by an American director.,"[[[205942, None, None, None]]]",Tubelight is produced by an American director.,tubelight is produced by an american director.
66556,NOT VERIFIABLE,NOT ENOUGH INFO,David Thewlis is a director.,"[[[83124, None, None, None]]]",David Thewlis is a director.,david thewlis is a director.
165529,VERIFIABLE,SUPPORTS,Ileana D'Cruz only starred in Twilight.,"[[[190329, 201379, ""Ileana_D'Cruz"", 12]]]",Ileana D'Cruz only starred in Twilight.,ileana d'cruz only starred in twilight.
208948,NOT VERIFIABLE,NOT ENOUGH INFO,Funny or Die produces The Late Show.,"[[[247328, None, None, None]]]",Funny or Die produces The Late Show.,funny or die produces the late show.
115024,NOT VERIFIABLE,NOT ENOUGH INFO,The Proposal stars Jim Gaffigan.,"[[[135020, None, None, None]]]",The Proposal stars Jim Gaffigan.,the proposal stars jim gaffigan.
209534,VERIFIABLE,SUPPORTS,Sleep can be disrupted by medical conditions.,"[[[248088, 248343, 'Sleep', 13]]]",Sleep can be disrupted by medical conditions.,sleep can be disrupted by medical conditions.
199144,VERIFIABLE,REFUTES,International Relations only includes the entertainment industry.,"[[[234142, 237060, 'International_relations', 9]], [[234142, 237061, 'International_relations', 10]]]",International Relations only includes the entertainment industry.,international relations only includes the entertainment industry.
29381,VERIFIABLE,SUPPORTS,Gillian Jacobs has only appeared in the film Brother Nature.,"[[[45505, 54334, 'Gillian_Jacobs', 3]]]",Gillian Jacobs has only appeared in the film Brother Nature.,gillian jacobs has only appeared in the film brother nature.
12695,VERIFIABLE,SUPPORTS,The Illusionist is a film.,"[[[27944, 34243, 'The_Illusionist_-LRB-2006_film-RRB-', 0]], [[27944, 34244, 'The_Illusionist_-LRB-2006_film-RRB-', 6]], [[27944, 34245, 'The_Illusionist_-LRB-2006_film-RRB-', 7]]]",The Illusionist is a film.,the illusionist is a film.
130422,VERIFIABLE,SUPPORTS,"Michael Caine starred in Get Carter, The Last Valley, Sleuth, The Man Who Would Be King, and A Bridge Too Far.","[[[34755, 42140, 'Michael_Caine', 5]]]","Michael Caine starred in Get Carter, The Last Valley, Sleuth, The Man Who Would Be King, and A Bridge Too Far.","michael caine starred in get carter, the last valley, sleuth, the man who would be king, and a bridge too far."
40408,VERIFIABLE,REFUTES,Snooki is a professional boxer.,"[[[56704, 66925, 'Snooki', 0]]]",Snooki is a professional boxer.,snooki is a professional boxer.
176428,NOT VERIFIABLE,NOT ENOUGH INFO,Sunrise created Ghost in the Shell.,"[[[204352, None, None, None]]]",Sunrise created Ghost in the Shell.,sunrise created ghost in the shell.
63512,VERIFIABLE,REFUTES,Michael Jackson was killed by Dr. Oz.,"[[[79939, 91678, 'Michael_Jackson', 29]]]",Michael Jackson was killed by Dr. Oz.,michael jackson was killed by dr. oz.
186264,VERIFIABLE,REFUTES,Cochrane is a political organization.,"[[[217219, 223858, 'Cochrane_-LRB-organisation-RRB-', 0], [217219, 223858, 'Non-governmental_organization', 0]]]",Cochrane is a political organization.,cochrane is a political organization.
179544,NOT VERIFIABLE,NOT ENOUGH INFO,The Singing Detective had an episode called Runaway.,"[[[211100, None, None, None]]]",The Singing Detective had an episode called Runaway.,the singing detective had an episode called runaway.
73389,VERIFIABLE,REFUTES,Feels So Good was released as an album.,"[[[90180, 102872, 'Feels_So_Good_-LRB-Mel_B_song-RRB-', 1]]]",Feels So Good was released as an album.,feels so good was released as an album.
61218,VERIFIABLE,SUPPORTS,Patty Hearst was kidnapped.,"[[[77739, 89193, 'Patty_Hearst', 1]]]",Patty Hearst was kidnapped.,patty hearst was kidnapped.
199107,VERIFIABLE,SUPPORTS,International Relations includes many subject matters.,"[[[234100, 236991, 'International_relations', 0]]]",International Relations includes many subject matters.,international relations includes many subject matters.
213076,VERIFIABLE,SUPPORTS,Marlon Brando was in a film.,"[[[252765, 252615, 'Marlon_Brando', 3], [252765, 252615, 'On_the_Waterfront', 0]], [[252765, 252616, 'Marlon_Brando', 4], [252765, 252616, 'Apocalypse_Now', 0], [252765, 252616, 'Apocalypse_Now', 2]], [[252765, 252617, 'Marlon_Brando', 8]], [[252765, 252618, 'Marlon_Brando', 9], [252765, 252618, 'On_the_Waterfront', 0]], [[252765, 252619, 'Marlon_Brando', 10], [252765, 252619, 'Viva_Zapata!', 1]], [[252765, 252620, 'Marlon_Brando', 11], [252765, 252620, 'Julius_Caesar_-LRB-1953_film-RRB-', 2]], [[252765, 252621, 'Marlon_Brando', 16]], [[252765, 252622, 'Marlon_Brando', 17], [252765, 252622, 'The_Godfather', 0]], [[252765, 252623, 'Marlon_Brando', 18], [252765, 252623, 'The_Godfather', 1]], [[252765, 252624, 'Marlon_Brando', 19], [252765, 252624, 'Last_Tango_in_Paris', 0]], [[252765, 252625, 'Marlon_Brando', 20], [252765, 252625, 'The_Missouri_Breaks', 0]], [[252765, 252626, 'Marlon_Brando', 21], [252765, 252626, 'Superman_-LRB-1978_film-RRB-', 0]], [[252765, 252627, 'Marlon_Brando', 22], [252765, 252627, 'Superman_-LRB-1978_film-RRB-', 0], [252765, 252627, 'Superman_-LRB-1978_film-RRB-', 2]], [[252765, 252628, 'Marlon_Brando', 23]]]",Marlon Brando was in a film.,marlon brando was in a film.
163405,VERIFIABLE,SUPPORTS,Ilkhanate contained large amounts of territory.,"[[[187950, 199501, 'Ilkhanate', 4]]]",Ilkhanate contained large amounts of territory.,ilkhanate contained large amounts of territory.
214864,VERIFIABLE,SUPPORTS,History of art includes various subjects.,"[[[255165, 254657, 'History_of_art', 0]]]",History of art includes various subjects.,history of art includes various subjects.
79825,VERIFIABLE,REFUTES,Quinoa is in the Amaryllidaceae family.,"[[[96777, 109925, 'Quinoa', 0]]]",Quinoa is in the Amaryllidaceae family.,quinoa is in the amaryllidaceae family.
131807,VERIFIABLE,SUPPORTS,"Penny Dreadful premiered on May 11, 2014.","[[[154165, 168948, 'Penny_Dreadful_-LRB-TV_series-RRB-', 3]], [[154168, 168951, 'Penny_Dreadful_-LRB-TV_series-RRB-', 3]]]","Penny Dreadful premiered on May 11, 2014.","penny dreadful premiered on may 11, 2014."
38165,VERIFIABLE,REFUTES,Yusuke Murata wrote Eyeshield 21.,"[[[54354, 64350, 'Yusuke_Murata', 1]]]",Yusuke Murata wrote Eyeshield 21.,yusuke murata wrote eyeshield 21.
184845,VERIFIABLE,REFUTES,Hungary is bordered by China.,"[[[215360, 222249, 'Hungary', 1]]]",Hungary is bordered by China.,hungary is bordered by china.
89517,VERIFIABLE,REFUTES,Gillian Jacobs has only appeared in the film Brother Nature.,"[[[106747, 120136, 'Gillian_Jacobs', 3]]]",Gillian Jacobs has only appeared in the film Brother Nature.,gillian jacobs has only appeared in the film brother nature.
195741,VERIFIABLE,SUPPORTS,A Nightmare on Elm Street stars Rooney Mara.,"[[[229958, 233746, 'A_Nightmare_on_Elm_Street_-LRB-2010_film-RRB-', 3]]]",A Nightmare on Elm Street stars Rooney Mara.,a nightmare on elm street stars rooney mara.
214909,VERIFIABLE,REFUTES,History of art only includes computers.,"[[[255798, 255158, 'History_of_art', 2]]]",History of art only includes computers.,history of art only includes computers.
182436,NOT VERIFIABLE,NOT ENOUGH INFO,Gareth Neame is an award winner.,"[[[212181, None, None, None]]]",Gareth Neame is an award winner.,gareth neame is an award winner.
138395,NOT VERIFIABLE,NOT ENOUGH INFO,Snooki is Canadian.,"[[[290020, None, None, None], [291358, None, None, None], [293506, None, None, None], [337453, None, None, None], [337455, None, None, None]]]",Snooki is Canadian.,snooki is canadian.
199029,NOT VERIFIABLE,NOT ENOUGH INFO,International Relations includes the U.N.,"[[[234011, None, None, None]]]",International Relations includes the U.N.,international relations includes the u.n.
179643,NOT VERIFIABLE,NOT ENOUGH INFO,Michael Giacchino composed the score for Dunkirk.,"[[[208488, None, None, None]]]",Michael Giacchino composed the score for Dunkirk.,michael giacchino composed the score for dunkirk.
228908,VERIFIABLE,SUPPORTS,"Drama school offers a Bachelor of Arts, Bachelor of Fine Arts, or, occasionally, Bachelor of Science or Bachelor of Design. Graduate students may take a Master of Arts, Master of Science, Master of Fine Arts, Doctor of Arts, Doctor of Fine Arts, or Doctor of Philosophy degree.","[[[273843, 269186, 'Drama_school', 1], [273843, 269186, 'Drama_school', 2]]]","Drama school offers a Bachelor of Arts, Bachelor of Fine Arts, or, occasionally, Bachelor of Science or Bachelor of Design. Graduate students may take a Master of Arts, Master of Science, Master of Fine Arts, Doctor of Arts, Doctor of Fine Arts, or Doctor of Philosophy degree.","drama school offers a bachelor of arts, bachelor of fine arts, or, occasionally, bachelor of science or bachelor of design. graduate students may take a master of arts, master of science, master of fine arts, doctor of arts, doctor of fine arts, or doctor of philosophy degree."
26929,NOT VERIFIABLE,NOT ENOUGH INFO,Whiplash features a person.,"[[[43064, None, None, None]]]",Whiplash features a person.,whiplash features a person.
43923,VERIFIABLE,SUPPORTS,Cirrhosis can cause death.,"[[[60252, 70643, 'Cirrhosis', 27]], [[60252, 70644, 'Cirrhosis', 29]]]",Cirrhosis can cause death.,cirrhosis can cause death.
115262,NOT VERIFIABLE,NOT ENOUGH INFO,Robert Redford was nominated for the Best Supporting Actor Emmy for his role in The Voice of Charlie Pont.,"[[[135304, None, None, None]]]",Robert Redford was nominated for the Best Supporting Actor Emmy for his role in The Voice of Charlie Pont.,robert redford was nominated for the best supporting actor emmy for his role in the voice of charlie pont.
203278,NOT VERIFIABLE,NOT ENOUGH INFO,Extreme environments can be caused by a variety of factors that push equilibrium off.,"[[[239773, None, None, None]]]",Extreme environments can be caused by a variety of factors that push equilibrium off.,extreme environments can be caused by a variety of factors that push equilibrium off.
57733,VERIFIABLE,REFUTES,Reuters only sends out news in English.,"[[[74067, 85286, 'Reuters', 6]]]",Reuters only sends out news in English.,reuters only sends out news in english.
191768,VERIFIABLE,SUPPORTS,"Portuguese, Spanish, Asturian-Leonese, Aragonese, Catalan, Gascon, Provençal, Gallo-Wallon, French, Franco-Provençal, Romansh, and Ladin are Western Romance Languages.","[[[225730, 230332, 'Western_Romance_languages', 6]]]","Portuguese, Spanish, Asturian-Leonese, Aragonese, Catalan, Gascon, Provençal, Gallo-Wallon, French, Franco-Provençal, Romansh, and Ladin are Western Romance Languages.","portuguese, spanish, asturian-leonese, aragonese, catalan, gascon, provençal, gallo-wallon, french, franco-provençal, romansh, and ladin are western romance languages."
142992,VERIFIABLE,SUPPORTS,Vito Corleone is a father.,"[[[166055, 180004, 'Vito_Corleone', 5], [166055, 180004, 'Fredo_Corleone', 4], [166055, 180004, 'Sonny_Corleone', 4]]]",Vito Corleone is a father.,vito corleone is a father.
80940,VERIFIABLE,REFUTES,The Ten Commandments is a French film.,"[[[97949, 111073, 'The_Ten_Commandments_-LRB-1956_film-RRB-', 0]]]",The Ten Commandments is a French film.,the ten commandments is a french film.
214906,VERIFIABLE,SUPPORTS,"History of art includes architecture, dance, sculpture, music, painting, poetry literature, theatre, narrative, film, photography and graphic arts.","[[[255269, 254733, 'History_of_art', 2]]]","History of art includes architecture, dance, sculpture, music, painting, poetry literature, theatre, narrative, film, photography and graphic arts.","history of art includes architecture, dance, sculpture, music, painting, poetry literature, theatre, narrative, film, photography and graphic arts."
228902,VERIFIABLE,SUPPORTS,Drama school offers a degree.,"[[[273122, 268690, 'Drama_school', 1]], [[273158, 268713, 'Drama_school', 1]]]",Drama school offers a degree.,drama school offers a degree.
219075,NOT VERIFIABLE,NOT ENOUGH INFO,"Deadpool 2 featured Ryan Reynolds, Morena Baccarin, Ed Skrein, T. J. Miller, Gina Carano, Leslie Uggams, Brianna Hildebrand, and Stefan Kapičić.","[[[260564, None, None, None]]]","Deadpool 2 featured Ryan Reynolds, Morena Baccarin, Ed Skrein, T. J. Miller, Gina Carano, Leslie Uggams, Brianna Hildebrand, and Stefan Kapičić.","deadpool 2 featured ryan reynolds, morena baccarin, ed skrein, t. j. miller, gina carano, leslie uggams, brianna hildebrand, and stefan kapičić."
104671,VERIFIABLE,SUPPORTS,Sally Field was in a movie.,"[[[122973, 137236, 'Sally_Field', 2]], [[122973, 137237, 'Sally_Field', 3]], [[122973, 137238, 'Sally_Field', 4], [122973, 137238, 'Steel_Magnolias', 0]], [[122973, 137239, 'Sally_Field', 7]], [[122973, 137240, 'Sally_Field', 10], [122973, 137240, 'Lincoln_-LRB-film-RRB-', 0]], [[122973, 137241, 'Sally_Field', 11], [122973, 137241, 'The_Amazing_Spider-Man_-LRB-2012_film-RRB-', 0]]]",Sally Field was in a movie.,sally field was in a movie.
114808,NOT VERIFIABLE,NOT ENOUGH INFO,Imagine Dragons is a group.,"[[[136342, None, None, None]]]",Imagine Dragons is a group.,imagine dragons is a group.
219103,NOT VERIFIABLE,NOT ENOUGH INFO,Deadpool 2 featured superheroes.,"[[[260616, None, None, None]]]",Deadpool 2 featured superheroes.,deadpool 2 featured superheroes.
49819,NOT VERIFIABLE,NOT ENOUGH INFO,Investment funds are also referred to by other names.,"[[[66360, None, None, None]]]",Investment funds are also referred to by other names.,investment funds are also referred to by other names.
206320,VERIFIABLE,SUPPORTS,Billy Bob Thornton appeared in a film.,"[[[243935, 245048, 'Billy_Bob_Thornton', 3], [243935, 245048, 'One_False_Move', 0]]]",Billy Bob Thornton appeared in a film.,billy bob thornton appeared in a film.
135458,NOT VERIFIABLE,NOT ENOUGH INFO,Zindagi Na Milegi Dobara stars Akshay Kumar.,"[[[158055, None, None, None]]]",Zindagi Na Milegi Dobara stars Akshay Kumar.,zindagi na milegi dobara stars akshay kumar.
225464,NOT VERIFIABLE,NOT ENOUGH INFO,Ice Hockey is popular in Russia.,"[[[268670, None, None, None]]]",Ice Hockey is popular in Russia.,ice hockey is popular in russia.
38606,VERIFIABLE,REFUTES,"Graciosa, Canary Islands is across from the peninsula El Río.","[[[54813, 64814, 'Graciosa,_Canary_Islands', 0]], [[54823, 64833, 'Graciosa,_Canary_Islands', 0]]]","Graciosa, Canary Islands is across from the peninsula El Río.","graciosa, canary islands is across from the peninsula el río."
93081,NOT VERIFIABLE,NOT ENOUGH INFO,Bal Gangadhar Tilak was a horse.,"[[[110400, None, None, None]]]",Bal Gangadhar Tilak was a horse.,bal gangadhar tilak was a horse.
220818,NOT VERIFIABLE,NOT ENOUGH INFO,The Royal Tenenbaum stars Dolly Parton.,"[[[262828, None, None, None]]]",The Royal Tenenbaum stars Dolly Parton.,the royal tenenbaum stars dolly parton.
69135,VERIFIABLE,SUPPORTS,The 2013 NBA draft was not held in New York.,"[[[85832, 98110, '2013_NBA_draft', 0]]]",The 2013 NBA draft was not held in New York.,the 2013 nba draft was not held in new york.
196221,NOT VERIFIABLE,NOT ENOUGH INFO,The Prince of Egypt takes place in Egypt.,"[[[230553, None, None, None]]]",The Prince of Egypt takes place in Egypt.,the prince of egypt takes place in egypt.
134879,NOT VERIFIABLE,NOT ENOUGH INFO,The Fosters is a film.,"[[[157448, None, None, None]]]",The Fosters is a film.,the fosters is a film.
176102,VERIFIABLE,REFUTES,Caryn Mandabach produced Canadian hits.,"[[[206162, 214595, 'Caryn_Mandabach', 3]]]",Caryn Mandabach produced Canadian hits.,caryn mandabach produced canadian hits.
182722,VERIFIABLE,SUPPORTS,"Pitch Perfect 3 stars Anna Kendrick, Anna Camp, Rebel Wilson, Brittany Snow, Hailee Steinfeld, Alexis Knapp, Ester Dean, Hana Mae Lee, Chrissie Fit, Kelley Jakle.","[[[212596, 220082, 'Pitch_Perfect_3', 1]]]","Pitch Perfect 3 stars Anna Kendrick, Anna Camp, Rebel Wilson, Brittany Snow, Hailee Steinfeld, Alexis Knapp, Ester Dean, Hana Mae Lee, Chrissie Fit, Kelley Jakle.","pitch perfect 3 stars anna kendrick, anna camp, rebel wilson, brittany snow, hailee steinfeld, alexis knapp, ester dean, hana mae lee, chrissie fit, kelley jakle."
59398,VERIFIABLE,SUPPORTS,Jerome is recognized by Russians.,"[[[75802, 87071, 'Jerome', 11], [75802, 87071, 'Eastern_Orthodox_Church', 18]]]",Jerome is recognized by Russians.,jerome is recognized by russians.
121926,NOT VERIFIABLE,NOT ENOUGH INFO,"Beverly Hills, 90210 was a non-political or social commentary show.","[[[143124, None, None, None]]]","Beverly Hills, 90210 was a non-political or social commentary show.","beverly hills, 90210 was a non-political or social commentary show."
46280,VERIFIABLE,SUPPORTS,Jack Black starred in Gulliver's Travels.,"[[[62621, 73264, 'Jack_Black', 2]]]",Jack Black starred in Gulliver's Travels.,jack black starred in gulliver's travels.
26440,VERIFIABLE,REFUTES,Land Rover makes Lamborghini.,"[[[42539, 51192, 'Land_Rover', 0]]]",Land Rover makes Lamborghini.,land rover makes lamborghini.
184536,VERIFIABLE,REFUTES,The Shadow Line was written by an American man.,"[[[214965, 221918, 'The_Shadow_Line_-LRB-TV_series-RRB-', 2], [214965, 221918, 'Hugo_Blick', 0]]]",The Shadow Line was written by an American man.,the shadow line was written by an american man.
115592,VERIFIABLE,SUPPORTS,Nikola Tesla was a person.,"[[[135686, 150534, 'Nikola_Tesla', 0]], [[135686, 150535, 'Nikola_Tesla', 3]]]",Nikola Tesla was a person.,nikola tesla was a person.
219087,VERIFIABLE,SUPPORTS,Deadpool 2 featured superheroes.,"[[[260583, 258953, 'Deadpool_-LRB-film-RRB-', 0]]]",Deadpool 2 featured superheroes.,deadpool 2 featured superheroes.
120948,VERIFIABLE,REFUTES,Veronika Decides to Die is written by James Cameron.,"[[[142016, 157265, 'Veronika_Decides_to_Die_-LRB-film-RRB-', 1]]]",Veronika Decides to Die is written by James Cameron.,veronika decides to die is written by james cameron.
214198,VERIFIABLE,SUPPORTS,Syria includes various ethnic groups.,"[[[254285, 254000, 'Syria', 4]]]",Syria includes various ethnic groups.,syria includes various ethnic groups.
194049,NOT VERIFIABLE,NOT ENOUGH INFO,Duane Hopwood includes a screenwriter.,"[[[227241, None, None, None]]]",Duane Hopwood includes a screenwriter.,duane hopwood includes a screenwriter.
85644,NOT VERIFIABLE,NOT ENOUGH INFO,Jim Rash is a philosopher.,"[[[102807, None, None, None]]]",Jim Rash is a philosopher.,jim rash is a philosopher.
154836,NOT VERIFIABLE,NOT ENOUGH INFO,Saturn is a Christian state.,"[[[178891, None, None, None]]]",Saturn is a Christian state.,saturn is a christian state.
89282,NOT VERIFIABLE,NOT ENOUGH INFO,Machete appears in the four Avengers films.,"[[[106505, None, None, None]]]",Machete appears in the four Avengers films.,machete appears in the four avengers films.
228901,NOT VERIFIABLE,NOT ENOUGH INFO,Drama school offers a degree.,"[[[273124, None, None, None]]]",Drama school offers a degree.,drama school offers a degree.
98755,NOT VERIFIABLE,NOT ENOUGH INFO,The Voice is broadcast by a subsidiary of Verizon.,"[[[116404, None, None, None]]]",The Voice is broadcast by a subsidiary of Verizon.,the voice is broadcast by a subsidiary of verizon.
153771,NOT VERIFIABLE,NOT ENOUGH INFO,Doctor Who was written by the Ancient Greeks.,"[[[177743, None, None, None]]]",Doctor Who was written by the Ancient Greeks.,doctor who was written by the ancient greeks.
75436,VERIFIABLE,REFUTES,Edward Norton is a Gemini.,"[[[92229, 104987, 'Edward_Norton', 0], [92229, 104987, 'Gemini_-LRB-astrology-RRB-', 1]]]",Edward Norton is a Gemini.,edward norton is a gemini.
219578,NOT VERIFIABLE,NOT ENOUGH INFO,Vanilla Sky stars only actors and actresses from Austria.,"[[[261245, None, None, None]]]",Vanilla Sky stars only actors and actresses from Austria.,vanilla sky stars only actors and actresses from austria.
186149,VERIFIABLE,SUPPORTS,There are people in Ontario.,"[[[217083, 223722, 'Ontario', 1]], [[217083, 223723, 'Ontario', 2], [217083, 223723, 'Northwest_Territories', 1]], [[217083, 223724, 'Ontario', 3]], [[217083, 223725, 'Ontario', 12], [217083, 223725, 'Northern_Ontario', 5]], [[217097, 223737, 'Ontario', 1]], [[217097, 223739, 'Ontario', 3]], [[217097, 223740, 'Ontario', 13]]]",There are people in Ontario.,there are people in ontario.
227392,VERIFIABLE,REFUTES,Jun Ji-hyun is in a film.,"[[[271191, 267127, 'Jun_Ji-hyun', 0]]]",Jun Ji-hyun is in a film.,jun ji-hyun is in a film.
30993,NOT VERIFIABLE,NOT ENOUGH INFO,The human condition is analyzed in science.,"[[[47165, None, None, None]]]",The human condition is analyzed in science.,the human condition is analyzed in science.
115423,VERIFIABLE,REFUTES,Shifty is a romance film.,"[[[135474, 150352, 'Shifty_-LRB-film-RRB-', 0]]]",Shifty is a romance film.,shifty is a romance film.
65742,NOT VERIFIABLE,NOT ENOUGH INFO,Empress Matilda moved to England as a child.,"[[[209305, None, None, None], [211866, None, None, None], [214266, None, None, None], [316937, None, None, None]]]",Empress Matilda moved to England as a child.,empress matilda moved to england as a child.
105445,VERIFIABLE,REFUTES,One America News Network is a science fiction television channel.,"[[[123768, 138151, 'One_America_News_Network', 0]]]",One America News Network is a science fiction television channel.,one america news network is a science fiction television channel.
187723,VERIFIABLE,SUPPORTS,"The UK is a member of the Commonwealth of Nations, the Council of Europe, the G7 finance ministers, the G7 forum, the G20, NATO, the Organisation for Economic Co-operation and Development (OECD), and the World Trade Organization (WTO).","[[[219042, 225173, 'United_Kingdom', 39]]]","The UK is a member of the Commonwealth of Nations, the Council of Europe, the G7 finance ministers, the G7 forum, the G20, NATO, the Organisation for Economic Co-operation and Development (OECD), and the World Trade Organization (WTO).","the uk is a member of the commonwealth of nations, the council of europe, the g7 finance ministers, the g7 forum, the g20, nato, the organisation for economic co-operation and development (oecd), and the world trade organization (wto)."
214210,VERIFIABLE,SUPPORTS,Syria includes various ethnic groups.,"[[[254299, 254009, 'Syria', 4]]]",Syria includes various ethnic groups.,syria includes various ethnic groups.
198145,VERIFIABLE,SUPPORTS,Julie Walters was in series.,"[[[234706, 237533, 'Julie_Walters', 8]], [[234707, 237534, 'Julie_Walters', 8]]]",Julie Walters was in series.,julie walters was in series.
13427,VERIFIABLE,SUPPORTS,The Promise premiered in Canada.,"[[[28658, 35001, 'The_Promise_-LRB-2016_film-RRB-', 1]]]",The Promise premiered in Canada.,the promise premiered in canada.
192603,NOT VERIFIABLE,NOT ENOUGH INFO,Odin is often accompanied by a wolf.,"[[[225340, None, None, None]]]",Odin is often accompanied by a wolf.,odin is often accompanied by a wolf.
226373,VERIFIABLE,REFUTES,Gift of the Night Fury exclusively stars the voices of people from Kenya.,"[[[269888, 266060, 'Gift_of_the_Night_Fury', 6], [269888, 266060, 'America_Ferrera', 0]]]",Gift of the Night Fury exclusively stars the voices of people from Kenya.,gift of the night fury exclusively stars the voices of people from kenya.
46662,VERIFIABLE,REFUTES,Dawn of the Planet of the Apes is a Disney film.,"[[[62990, 73682, 'Dawn_of_the_Planet_of_the_Apes', 2]]]",Dawn of the Planet of the Apes is a Disney film.,dawn of the planet of the apes is a disney film.
78201,NOT VERIFIABLE,NOT ENOUGH INFO,Robert J. O'Neill is a former member of the Canadian Navy.,"[[[95145, None, None, None]]]",Robert J. O'Neill is a former member of the Canadian Navy.,robert j. o'neill is a former member of the canadian navy.
152080,NOT VERIFIABLE,NOT ENOUGH INFO,Minos fathered Persephone.,"[[[176035, None, None, None]]]",Minos fathered Persephone.,minos fathered persephone.
98763,VERIFIABLE,REFUTES,"Imagine Dragons have an album called ""It's Time.""","[[[118506, 132355, 'Imagine_Dragons', 1]]]","Imagine Dragons have an album called ""It's Time.""","imagine dragons have an album called ""it's time."""
93843,VERIFIABLE,REFUTES,Dawn of the Planet of the Apes is a reboot of War of the Worlds.,"[[[111219, 124858, 'Dawn_of_the_Planet_of_the_Apes', 2]]]",Dawn of the Planet of the Apes is a reboot of War of the Worlds.,dawn of the planet of the apes is a reboot of war of the worlds.
223097,NOT VERIFIABLE,NOT ENOUGH INFO,Your Highness stars a bird.,"[[[265752, None, None, None]]]",Your Highness stars a bird.,your highness stars a bird.
203339,VERIFIABLE,REFUTES,Saratoga failed to be produced and so no actors were included.,"[[[239859, 241551, 'Saratoga_-LRB-film-RRB-', 5]], [[239859, 241552, 'Saratoga_-LRB-film-RRB-', 4]], [[239859, 241553, 'Saratoga_-LRB-film-RRB-', 1]]]",Saratoga failed to be produced and so no actors were included.,saratoga failed to be produced and so no actors were included.
47382,VERIFIABLE,SUPPORTS,Taraji P. Henson is a performer.,"[[[147786, 162805, 'Taraji_P._Henson', 0]], [[149888, 164802, 'Taraji_P._Henson', 0]], [[149888, 164803, 'Taraji_P._Henson', 1]], [[149888, 164804, 'Taraji_P._Henson', 2]], [[149888, 164805, 'Taraji_P._Henson', 3]], [[149888, 164806, 'Taraji_P._Henson', 6]], [[149888, 164807, 'Taraji_P._Henson', 7]], [[149888, 164808, 'Taraji_P._Henson', 8]], [[149888, 164809, 'Taraji_P._Henson', 9]], [[149888, 164810, 'Taraji_P._Henson', 10]], [[149888, 164811, 'Taraji_P._Henson', 16]], [[311200, 301211, 'Taraji_P._Henson', 0]], [[312828, 302564, 'Taraji_P._Henson', 0]], [[312828, 302565, 'Taraji_P._Henson', 1]]]",Taraji P. Henson is a performer.,taraji p. henson is a performer.
85939,NOT VERIFIABLE,NOT ENOUGH INFO,Hugo Weaving is in a boat.,"[[[103098, None, None, None]]]",Hugo Weaving is in a boat.,hugo weaving is in a boat.
199093,NOT VERIFIABLE,NOT ENOUGH INFO,International Relations includes the U.N.,"[[[234083, None, None, None]]]",International Relations includes the U.N.,international relations includes the u.n.
192463,VERIFIABLE,SUPPORTS,Francois de Belleforest translated scientific articles.,"[[[225164, 229850, 'François_de_Belleforest', 9]]]",Francois de Belleforest translated scientific articles.,francois de belleforest translated scientific articles.
101349,VERIFIABLE,REFUTES,The Council on Foreign Relations was founded in 1821.,"[[[119100, 133019, 'Council_on_Foreign_Relations', 0]]]",The Council on Foreign Relations was founded in 1821.,the council on foreign relations was founded in 1821.
149998,NOT VERIFIABLE,NOT ENOUGH INFO,Lightning rod are called air terminals.,"[[[173820, None, None, None]]]",Lightning rod are called air terminals.,lightning rod are called air terminals.
109011,VERIFIABLE,REFUTES,Emilio Estevez is a producer.,"[[[127880, 142573, 'Emilio_Estevez', 0]]]",Emilio Estevez is a producer.,emilio estevez is a producer.
159446,NOT VERIFIABLE,NOT ENOUGH INFO,Travis Scott is an American citizen.,"[[[183832, None, None, None]]]",Travis Scott is an American citizen.,travis scott is an american citizen.
213697,NOT VERIFIABLE,NOT ENOUGH INFO,The Man with the Iron Fists only stars Adam Sandler.,"[[[253640, None, None, None]]]",The Man with the Iron Fists only stars Adam Sandler.,the man with the iron fists only stars adam sandler.
209551,VERIFIABLE,SUPPORTS,"Sleep can be disrupted by dyssomnia, insomnia, hypersomnia, narcolepsy, sleep apnea, parasomnia, sleepwalking, REM behavior disorder, bruxism, and circadian rhythm sleep disorders.","[[[248114, 248356, 'Sleep', 13]]]","Sleep can be disrupted by dyssomnia, insomnia, hypersomnia, narcolepsy, sleep apnea, parasomnia, sleepwalking, REM behavior disorder, bruxism, and circadian rhythm sleep disorders.","sleep can be disrupted by dyssomnia, insomnia, hypersomnia, narcolepsy, sleep apnea, parasomnia, sleepwalking, rem behavior disorder, bruxism, and circadian rhythm sleep disorders."
53044,NOT VERIFIABLE,NOT ENOUGH INFO,Ellen DeGeneres is a singer.,"[[[69331, None, None, None]]]",Ellen DeGeneres is a singer.,ellen degeneres is a singer.
197185,NOT VERIFIABLE,NOT ENOUGH INFO,Omar Sharif was fluent exclusively in Hebrew.,"[[[231730, None, None, None]]]",Omar Sharif was fluent exclusively in Hebrew.,omar sharif was fluent exclusively in hebrew.
24411,VERIFIABLE,REFUTES,Star Trek is a movie.,"[[[40362, 48561, 'Star_Trek_-LRB-film_series-RRB-', 0]], [[40362, 48562, 'Star_Trek_-LRB-film_series-RRB-', 14]]]",Star Trek is a movie.,star trek is a movie.
218908,VERIFIABLE,SUPPORTS,"Renaissance art involved Masaccio, Brunelleschi, Ghiberti, Piero della Francesca, Donatello and Michelozzo, and Florence.","[[[260266, 258697, 'Renaissance_art', 30]], [[260269, 258698, 'Renaissance_art', 30]]]","Renaissance art involved Masaccio, Brunelleschi, Ghiberti, Piero della Francesca, Donatello and Michelozzo, and Florence.","renaissance art involved masaccio, brunelleschi, ghiberti, piero della francesca, donatello and michelozzo, and florence."
15760,NOT VERIFIABLE,NOT ENOUGH INFO,Me Before You stars Tom Hanks.,"[[[31153, None, None, None]]]",Me Before You stars Tom Hanks.,me before you stars tom hanks.
187707,NOT VERIFIABLE,NOT ENOUGH INFO,"The UK is a member of the Commonwealth of Nations, the Council of Europe, the G7 finance ministers, the G7 forum, the G20, NATO, the Organisation for Economic Co-operation and Development (OECD), and the World Trade Organization (WTO).","[[[219019, None, None, None]]]","The UK is a member of the Commonwealth of Nations, the Council of Europe, the G7 finance ministers, the G7 forum, the G20, NATO, the Organisation for Economic Co-operation and Development (OECD), and the World Trade Organization (WTO).","the uk is a member of the commonwealth of nations, the council of europe, the g7 finance ministers, the g7 forum, the g20, nato, the organisation for economic co-operation and development (oecd), and the world trade organization (wto)."
180029,VERIFIABLE,REFUTES,Reg Watson is American.,"[[[209035, 216941, 'Reg_Watson', 0]]]",Reg Watson is American.,reg watson is american.
209522,VERIFIABLE,SUPPORTS,Sleep can be disrupted by medical conditions.,"[[[248064, 248322, 'Sleep', 13]]]",Sleep can be disrupted by medical conditions.,sleep can be disrupted by medical conditions.
199088,VERIFIABLE,SUPPORTS,International Relations includes many subject matters.,"[[[234078, 236972, 'International_relations', 0]], [[234078, 236973, 'International_relations', 9]], [[234078, 236974, 'International_relations', 10]]]",International Relations includes many subject matters.,international relations includes many subject matters.
5332,VERIFIABLE,REFUTES,Captain America is part of DC Comics.,"[[[21718, 26686, 'Captain_America', 0]]]",Captain America is part of DC Comics.,captain america is part of dc comics.
2843,VERIFIABLE,SUPPORTS,In & Out is a film.,"[[[18853, 23092, 'In_&_Out_-LRB-film-RRB-', 0]], [[18853, 23093, 'In_&_Out_-LRB-film-RRB-', 5]], [[18853, 23094, 'In_&_Out_-LRB-film-RRB-', 6]]]",In & Out is a film.,in & out is a film.
28669,NOT VERIFIABLE,NOT ENOUGH INFO,Leslie Howard was American.,"[[[83089, None, None, None], [306059, None, None, None], [307283, None, None, None]]]",Leslie Howard was American.,leslie howard was american.
214899,NOT VERIFIABLE,NOT ENOUGH INFO,History of art includes aesthetics.,"[[[255177, None, None, None]]]",History of art includes aesthetics.,history of art includes aesthetics.
72876,NOT VERIFIABLE,NOT ENOUGH INFO,Demi Lovato does jazz music.,"[[[89618, None, None, None]]]",Demi Lovato does jazz music.,demi lovato does jazz music.
44675,NOT VERIFIABLE,NOT ENOUGH INFO,Egypt is a member of the Aligned Movement.,"[[[134949, None, None, None], [138500, None, None, None], [309812, None, None, None], [309822, None, None, None]]]",Egypt is a member of the Aligned Movement.,egypt is a member of the aligned movement.
199116,VERIFIABLE,REFUTES,International Relations only includes the entertainment industry.,"[[[234111, 237004, 'International_relations', 0]], [[234111, 237005, 'International_relations', 1]], [[234111, 237006, 'International_relations', 2]], [[234111, 237007, 'International_relations', 9]], [[234111, 237008, 'International_relations', 10]]]",International Relations only includes the entertainment industry.,international relations only includes the entertainment industry.
219248,VERIFIABLE,REFUTES,Robert Browning was a film director.,"[[[260855, 259193, 'Robert_Browning', 0]]]",Robert Browning was a film director.,robert browning was a film director.
209537,VERIFIABLE,SUPPORTS,Sleep can be disrupted by medical conditions.,"[[[248093, 248346, 'Sleep', 13], [248093, 248346, 'Narcolepsy', 0]]]",Sleep can be disrupted by medical conditions.,sleep can be disrupted by medical conditions.
191391,NOT VERIFIABLE,NOT ENOUGH INFO,Clark Gable was in The Matrix.,"[[[223795, None, None, None]]]",Clark Gable was in The Matrix.,clark gable was in the matrix.
42161,VERIFIABLE,SUPPORTS,David Thewlis is a director.,"[[[126306, 140722, 'David_Thewlis', 0]], [[129732, 144458, 'David_Thewlis', 0]], [[129733, 144459, 'David_Thewlis', 0]], [[308904, 299195, 'David_Thewlis', 0]], [[310490, 300533, 'David_Thewlis', 0]]]",David Thewlis is a director.,david thewlis is a director.
49334,VERIFIABLE,REFUTES,Zach Galifianakis starred in The Matrix.,"[[[65651, 76522, 'Zach_Galifianakis', 2]]]",Zach Galifianakis starred in The Matrix.,zach galifianakis starred in the matrix.
98004,VERIFIABLE,REFUTES,The Prestige was directed by James Cameron.,"[[[276085, 271160, 'The_Prestige_-LRB-film-RRB-', 0]], [[276087, 271162, 'The_Prestige_-LRB-film-RRB-', 0]], [[276090, 271163, 'The_Prestige_-LRB-film-RRB-', 0]], [[325424, 313092, 'The_Prestige_-LRB-film-RRB-', 0]], [[326269, 313780, 'The_Prestige_-LRB-film-RRB-', 0]], [[326270, 313781, 'The_Prestige_-LRB-film-RRB-', 0]]]",The Prestige was directed by James Cameron.,the prestige was directed by james cameron.
2722,VERIFIABLE,REFUTES,Water only occurs artificially.,"[[[18584, 22807, 'Water', 0]], [[18584, 22808, 'Water', 3]], [[18584, 22809, 'Water', 8], [18584, 22809, 'Groundwater', 0]], [[18584, 22810, 'Water', 9], [18584, 22810, 'Fresh_water', 0]], [[18584, 22811, 'Water', 10], [18584, 22811, 'Fresh_water', 0]], [[18584, 22812, 'Water', 27], [18584, 22812, 'Fresh_water', 0]]]",Water only occurs artificially.,water only occurs artificially.
66604,VERIFIABLE,REFUTES,Richard Ramirez terrorized the residents of the graveyard.,"[[[83173, 95112, 'Richard_Ramirez', 1]]]",Richard Ramirez terrorized the residents of the graveyard.,richard ramirez terrorized the residents of the graveyard.
75326,NOT VERIFIABLE,NOT ENOUGH INFO,A block is also called a dead body.,"[[[92106, None, None, None]]]",A block is also called a dead body.,a block is also called a dead body.
226295,VERIFIABLE,SUPPORTS,Gift of the Night Fury only stars the voices of actors and actresses born in October.,"[[[269793, 266004, 'Gift_of_the_Night_Fury', 6]]]",Gift of the Night Fury only stars the voices of actors and actresses born in October.,gift of the night fury only stars the voices of actors and actresses born in october.
128898,VERIFIABLE,SUPPORTS,Andy Kaufman was a performer.,"[[[150951, 165799, 'Andy_Kaufman', 0]]]",Andy Kaufman was a performer.,andy kaufman was a performer.
119211,NOT VERIFIABLE,NOT ENOUGH INFO,Social justice is invoked today.,"[[[139966, None, None, None]]]",Social justice is invoked today.,social justice is invoked today.
109485,NOT VERIFIABLE,NOT ENOUGH INFO,Unforgettable is an erotic thriller book.,"[[[128409, None, None, None]]]",Unforgettable is an erotic thriller book.,unforgettable is an erotic thriller book.
182778,VERIFIABLE,SUPPORTS,"Pitch Perfect 3 stars Anna Kendrick, Anna Camp, Rebel Wilson, Brittany Snow, Hailee Steinfeld, Alexis Knapp, Ester Dean, Hana Mae Lee, Chrissie Fit, Kelley Jakle.","[[[212689, 220167, 'Pitch_Perfect_3', 1]], [[212690, 220168, 'Pitch_Perfect_3', 1]]]","Pitch Perfect 3 stars Anna Kendrick, Anna Camp, Rebel Wilson, Brittany Snow, Hailee Steinfeld, Alexis Knapp, Ester Dean, Hana Mae Lee, Chrissie Fit, Kelley Jakle.","pitch perfect 3 stars anna kendrick, anna camp, rebel wilson, brittany snow, hailee steinfeld, alexis knapp, ester dean, hana mae lee, chrissie fit, kelley jakle."
117620,VERIFIABLE,SUPPORTS,Tesla Model S is a sports car.,"[[[138023, 152983, 'Tesla_Model_S', 0], [138023, 152983, 'S-segment', 0]]]",Tesla Model S is a sports car.,tesla model s is a sports car.
104054,VERIFIABLE,REFUTES,One America News Network is a Canadian television channel.,"[[[122170, 136465, 'One_America_News_Network', 0]], [[122171, 136466, 'One_America_News_Network', 0]]]",One America News Network is a Canadian television channel.,one america news network is a canadian television channel.
160344,NOT VERIFIABLE,NOT ENOUGH INFO,Victor Hugo was an artist.,"[[[184814, None, None, None]]]",Victor Hugo was an artist.,victor hugo was an artist.
228887,NOT VERIFIABLE,NOT ENOUGH INFO,Drama school offers a Ph.D.,"[[[273098, None, None, None]]]",Drama school offers a Ph.D.,drama school offers a ph.d.
75644,NOT VERIFIABLE,NOT ENOUGH INFO,Wonder Woman is a Canadian comic book character.,"[[[92434, None, None, None]]]",Wonder Woman is a Canadian comic book character.,wonder woman is a canadian comic book character.
134272,VERIFIABLE,SUPPORTS,Anti-nuclear antibodies has zero subtypes.,"[[[156824, 171418, 'Anti-nuclear_antibody', 5], [156824, 171418, 'Anti-nuclear_antibody', 0]]]",Anti-nuclear antibodies has zero subtypes.,anti-nuclear antibodies has zero subtypes.
199063,NOT VERIFIABLE,NOT ENOUGH INFO,International Relations includes animals.,"[[[234045, None, None, None]]]",International Relations includes animals.,international relations includes animals.
94340,NOT VERIFIABLE,NOT ENOUGH INFO,Dragon is derived from a language.,"[[[111767, None, None, None]]]",Dragon is derived from a language.,dragon is derived from a language.
198188,NOT VERIFIABLE,NOT ENOUGH INFO,Julie Walters was in series.,"[[[234728, None, None, None]]]",Julie Walters was in series.,julie walters was in series.
30802,VERIFIABLE,REFUTES,A dog has written for Doctor Who.,"[[[46954, 56020, 'Doctor_Who_-LRB-series_10-RRB-', 11]], [[46954, 56021, 'Doctor_Who_-LRB-series_10-RRB-', 1]]]",A dog has written for Doctor Who.,a dog has written for doctor who.
195743,VERIFIABLE,REFUTES,A Nightmare on Elm Street stars Rooney Mara.,"[[[229960, 233748, 'A_Nightmare_on_Elm_Street_-LRB-2010_film-RRB-', 3]]]",A Nightmare on Elm Street stars Rooney Mara.,a nightmare on elm street stars rooney mara.
184546,NOT VERIFIABLE,NOT ENOUGH INFO,The Shadow Line was written by an American man.,"[[[214984, None, None, None]]]",The Shadow Line was written by an American man.,the shadow line was written by an american man.
219099,NOT VERIFIABLE,NOT ENOUGH INFO,Deadpool 2 featured superheroes.,"[[[260610, None, None, None]]]",Deadpool 2 featured superheroes.,deadpool 2 featured superheroes.
137973,NOT VERIFIABLE,NOT ENOUGH INFO,The Bridges of Madison County is a science fiction film.,"[[[160739, None, None, None]]]",The Bridges of Madison County is a science fiction film.,the bridges of madison county is a science fiction film.
146998,NOT VERIFIABLE,NOT ENOUGH INFO,The Los Angeles Lakers defeated the Knicks in the Finals championship.,"[[[170549, None, None, None]]]",The Los Angeles Lakers defeated the Knicks in the Finals championship.,the los angeles lakers defeated the knicks in the finals championship.
191829,VERIFIABLE,REFUTES,German is a Western Romance Language.,"[[[224353, 229215, 'Western_Romance_languages', 0], [224353, 229215, 'German_language', 0]]]",German is a Western Romance Language.,german is a western romance language.
199020,NOT VERIFIABLE,NOT ENOUGH INFO,International Relations includes animals.,"[[[233999, None, None, None]]]",International Relations includes animals.,international relations includes animals.
108333,NOT VERIFIABLE,NOT ENOUGH INFO,Semitic languages are spoken in South Africa.,"[[[127140, None, None, None]]]",Semitic languages are spoken in South Africa.,semitic languages are spoken in south africa.
52213,NOT VERIFIABLE,NOT ENOUGH INFO,A dog has written for Doctor Who.,"[[[68522, None, None, None]]]",A dog has written for Doctor Who.,a dog has written for doctor who.
4148,NOT VERIFIABLE,NOT ENOUGH INFO,Dopamine is released by ions.,"[[[20383, None, None, None]]]",Dopamine is released by ions.,dopamine is released by ions.
85285,VERIFIABLE,SUPPORTS,Jim Rash is a man.,"[[[102392, 115663, 'Jim_Rash', 1]], [[102392, 115664, 'Jim_Rash', 3]]]",Jim Rash is a man.,jim rash is a man.
58311,VERIFIABLE,SUPPORTS,Beauty Shop stars a human.,"[[[77381, 88835, 'Beauty_Shop', 2], [77381, 88835, 'Alicia_Silverstone', 0]]]",Beauty Shop stars a human.,beauty shop stars a human.
184242,VERIFIABLE,REFUTES,Furia is adapted from a real event.,"[[[214529, 221540, 'Furia_-LRB-film-RRB-', 0]]]",Furia is adapted from a real event.,furia is adapted from a real event.
69810,NOT VERIFIABLE,NOT ENOUGH INFO,Shifty is a romance film.,"[[[86505, None, None, None]]]",Shifty is a romance film.,shifty is a romance film.
182732,NOT VERIFIABLE,NOT ENOUGH INFO,Pitch Perfect 3 stars Keanu Reeves.,"[[[212619, None, None, None]]]",Pitch Perfect 3 stars Keanu Reeves.,pitch perfect 3 stars keanu reeves.
199033,NOT VERIFIABLE,NOT ENOUGH INFO,International Relations includes the U.N.,"[[[234015, None, None, None]]]",International Relations includes the U.N.,international relations includes the u.n.
136949,VERIFIABLE,SUPPORTS,Aix-Marseille-Provence Metropolis encompasses a city.,"[[[159682, 174174, 'Aix-Marseille-Provence_Metropolis', 0], [159682, 174174, 'Aix-en-Provence', 0]]]",Aix-Marseille-Provence Metropolis encompasses a city.,aix-marseille-provence metropolis encompasses a city.
203333,VERIFIABLE,REFUTES,Saratoga includes Mark Hamill.,"[[[239848, 241542, 'Saratoga_-LRB-film-RRB-', 1]]]",Saratoga includes Mark Hamill.,saratoga includes mark hamill.
34370,NOT VERIFIABLE,NOT ENOUGH INFO,Michelle Pfeiffer was nominated for Worst Supporting Actress.,"[[[50496, None, None, None]]]",Michelle Pfeiffer was nominated for Worst Supporting Actress.,michelle pfeiffer was nominated for worst supporting actress.
177794,VERIFIABLE,SUPPORTS,Labor Pains was released in August in a country.,"[[[206070, 214524, 'Labor_Pains', 6], [206070, 214524, 'United_Kingdom', 0]]]",Labor Pains was released in August in a country.,labor pains was released in august in a country.
32365,VERIFIABLE,SUPPORTS,Amsterdam Airport Schiphol serves as a base for Delta Air Lines.,"[[[48474, 57794, 'Amsterdam_Airport_Schiphol', 6]]]",Amsterdam Airport Schiphol serves as a base for Delta Air Lines.,amsterdam airport schiphol serves as a base for delta air lines.
184768,NOT VERIFIABLE,NOT ENOUGH INFO,The Champ stars John Boyega.,"[[[215256, None, None, None]]]",The Champ stars John Boyega.,the champ stars john boyega.
169858,VERIFIABLE,SUPPORTS,Cary Grant appeared in a film.,"[[[195936, 206068, 'Cary_Grant', 8]], [[195936, 206069, 'Cary_Grant', 9]], [[195936, 206070, 'Cary_Grant', 10], [195936, 206070, 'None_but_the_Lonely_Heart_-LRB-film-RRB-', 0]], [[195936, 206071, 'Cary_Grant', 13]], [[195936, 206072, 'Cary_Grant', 15], [195936, 206072, 'Charade_-LRB-1963_film-RRB-', 0]]]",Cary Grant appeared in a film.,cary grant appeared in a film.
197982,VERIFIABLE,REFUTES,Pi is a rational number.,"[[[232755, 235877, 'Pi', 4]]]",Pi is a rational number.,pi is a rational number.
3422,NOT VERIFIABLE,NOT ENOUGH INFO,Jim Rash is a philosopher.,"[[[19443, None, None, None]]]",Jim Rash is a philosopher.,jim rash is a philosopher.
30212,VERIFIABLE,SUPPORTS,21 Jump Street was released by a production company.,"[[[84995, 97281, '21_Jump_Street_-LRB-film-RRB-', 4], [84995, 97281, 'Columbia_Pictures', 0]], [[87506, 99975, '21_Jump_Street_-LRB-film-RRB-', 4], [87506, 99975, 'Columbia_Pictures', 0], [87506, 99975, 'Metro–Goldwyn–Mayer', 0]], [[306345, 297044, '21_Jump_Street_-LRB-film-RRB-', 4], [306345, 297044, 'Columbia_Pictures', 0]], [[306348, 297045, '21_Jump_Street_-LRB-film-RRB-', 4], [306348, 297045, 'Columbia_Pictures', 0]]]",21 Jump Street was released by a production company.,21 jump street was released by a production company.
78661,VERIFIABLE,REFUTES,Toyota is incapable of creating anything.,"[[[95613, 108644, 'Toyota', 0]]]",Toyota is incapable of creating anything.,toyota is incapable of creating anything.
211347,VERIFIABLE,SUPPORTS,Halle Berry has a child.,"[[[250431, 250421, 'Halle_Berry', 17]]]",Halle Berry has a child.,halle berry has a child.
203291,VERIFIABLE,REFUTES,Extreme environments can only be caused by humans.,"[[[239786, 241512, 'Extreme_environment', 1]], [[239790, 241514, 'Extreme_environment', 1]]]",Extreme environments can only be caused by humans.,extreme environments can only be caused by humans.
213102,NOT VERIFIABLE,NOT ENOUGH INFO,Marlon Brando was in a film.,"[[[252761, None, None, None]]]",Marlon Brando was in a film.,marlon brando was in a film.
193365,VERIFIABLE,REFUTES,The Mummy is an Armenian film.,"[[[226409, 230985, 'The_Mummy_-LRB-2017_film-RRB-', 0]]]",The Mummy is an Armenian film.,the mummy is an armenian film.
206229,NOT VERIFIABLE,NOT ENOUGH INFO,Evan Goldberg is exclusively German.,"[[[243801, None, None, None]]]",Evan Goldberg is exclusively German.,evan goldberg is exclusively german.
185711,VERIFIABLE,SUPPORTS,Ben Whishaw was in a stage production.,"[[[216542, 223234, 'Ben_Whishaw', 1]]]",Ben Whishaw was in a stage production.,ben whishaw was in a stage production.
202336,VERIFIABLE,REFUTES,Destiny was released for the Wii.,"[[[241632, 243171, 'Destiny_-LRB-video_game-RRB-', 1]]]",Destiny was released for the Wii.,destiny was released for the wii.
85660,VERIFIABLE,SUPPORTS,Liev Schreiber performed in a play by David Mamet.,"[[[102824, 116113, 'Liev_Schreiber', 5], [102824, 116113, 'Glengarry_Glen_Ross', 0]]]",Liev Schreiber performed in a play by David Mamet.,liev schreiber performed in a play by david mamet.
158562,VERIFIABLE,SUPPORTS,Gayathri Raguram is a daughter.,"[[[182848, 194990, 'Gayathri_Raguram', 1]]]",Gayathri Raguram is a daughter.,gayathri raguram is a daughter.
12232,VERIFIABLE,SUPPORTS,Everton F.C. is not a football club.,"[[[27455, 33634, 'Everton_F.C.', 0]]]",Everton F.C. is not a football club.,everton f.c. is not a football club.
225134,VERIFIABLE,REFUTES,Chet Atkins only produced records for Michael Jackson.,"[[[268280, 264882, 'Chet_Atkins', 8]], [[268282, 264885, 'Chet_Atkins', 8]]]",Chet Atkins only produced records for Michael Jackson.,chet atkins only produced records for michael jackson.
191819,VERIFIABLE,SUPPORTS,"Portuguese, Spanish, Asturian-Leonese, Aragonese, Catalan, Gascon, Provençal, Gallo-Wallon, French, Franco-Provençal, Romansh, and Ladin are Western Romance Languages.","[[[224343, 229204, 'Western_Romance_languages', 6]]]","Portuguese, Spanish, Asturian-Leonese, Aragonese, Catalan, Gascon, Provençal, Gallo-Wallon, French, Franco-Provençal, Romansh, and Ladin are Western Romance Languages.","portuguese, spanish, asturian-leonese, aragonese, catalan, gascon, provençal, gallo-wallon, french, franco-provençal, romansh, and ladin are western romance languages."
190766,NOT VERIFIABLE,NOT ENOUGH INFO,Dysphonia can be characterized by some effect on vocal quality.,"[[[222957, None, None, None]]]",Dysphonia can be characterized by some effect on vocal quality.,dysphonia can be characterized by some effect on vocal quality.
191593,VERIFIABLE,REFUTES,Famous in Love failed to star any actors.,"[[[224063, 228939, 'Famous_in_Love', 1], [224063, 228939, 'Bella_Thorne', 0]]]",Famous in Love failed to star any actors.,famous in love failed to star any actors.
222509,NOT VERIFIABLE,NOT ENOUGH INFO,Horseshoe Falls is one of a set of three mountains.,"[[[265082, None, None, None]]]",Horseshoe Falls is one of a set of three mountains.,horseshoe falls is one of a set of three mountains.
129366,VERIFIABLE,SUPPORTS,Live Your Life was released in Britain.,"[[[151469, 166236, 'Live_Your_Life_-LRB-T.I._song-RRB-', 9]]]",Live Your Life was released in Britain.,live your life was released in britain.
126429,NOT VERIFIABLE,NOT ENOUGH INFO,Andrew Jackson was the founder of the Republican Party.,"[[[148275, None, None, None]]]",Andrew Jackson was the founder of the Republican Party.,andrew jackson was the founder of the republican party.
221822,VERIFIABLE,REFUTES,Tamera Mowry portrayed Tia Campbell.,"[[[264157, 261697, 'Tamera_Mowry', 1]]]",Tamera Mowry portrayed Tia Campbell.,tamera mowry portrayed tia campbell.
214218,VERIFIABLE,SUPPORTS,Syria includes various ethnic groups.,"[[[254309, 254021, 'Syria', 4]]]",Syria includes various ethnic groups.,syria includes various ethnic groups.
215195,VERIFIABLE,REFUTES,James and the Giant Peach was a silent animated film.,"[[[255545, 254980, 'James_and_the_Giant_Peach_-LRB-film-RRB-', 0]]]",James and the Giant Peach was a silent animated film.,james and the giant peach was a silent animated film.
144268,NOT VERIFIABLE,NOT ENOUGH INFO,Minos fathered Persephone.,"[[[167464, None, None, None]]]",Minos fathered Persephone.,minos fathered persephone.
201019,VERIFIABLE,REFUTES,The Midwestern United States includes South Korea.,"[[[236531, 238985, 'Midwestern_United_States', 0], [236531, 238985, 'United_States', 2], [236531, 238985, 'United_States', 4], [236531, 238985, 'South_Korea', 0]]]",The Midwestern United States includes South Korea.,the midwestern united states includes south korea.
186136,VERIFIABLE,REFUTES,There are zero bodies of water in Ontario.,"[[[217063, 223699, 'Ontario', 6]], [[217063, 223700, 'Ontario', 7]], [[217063, 223701, 'Ontario', 8]]]",There are zero bodies of water in Ontario.,there are zero bodies of water in ontario.
182738,VERIFIABLE,REFUTES,Pitch Perfect 3 stars Keanu Reeves.,"[[[212630, 220112, 'Pitch_Perfect_3', 1]]]",Pitch Perfect 3 stars Keanu Reeves.,pitch perfect 3 stars keanu reeves.
24234,NOT VERIFIABLE,NOT ENOUGH INFO,Hugo Weaving is in a boat.,"[[[40170, None, None, None]]]",Hugo Weaving is in a boat.,hugo weaving is in a boat.
55558,VERIFIABLE,SUPPORTS,Cancer can be prevented by taking certain measures.,"[[[71923, 82910, 'Cancer', 18]]]",Cancer can be prevented by taking certain measures.,cancer can be prevented by taking certain measures.
27509,VERIFIABLE,SUPPORTS,One World Trade Center is a skyscraper.,"[[[43634, 52272, 'One_World_Trade_Center', 3]]]",One World Trade Center is a skyscraper.,one world trade center is a skyscraper.
171385,VERIFIABLE,REFUTES,Blue Velvet stars a cat.,"[[[197777, 207730, 'Blue_Velvet_-LRB-film-RRB-', 1]]]",Blue Velvet stars a cat.,blue velvet stars a cat.
123102,VERIFIABLE,REFUTES,Doctor Who was written by the Ancient Greeks.,"[[[144566, 159579, 'Doctor_Who_-LRB-series_10-RRB-', 1], [144566, 159579, 'Steven_Moffat', 0]]]",Doctor Who was written by the Ancient Greeks.,doctor who was written by the ancient greeks.
92835,VERIFIABLE,SUPPORTS,"Michael Caine starred in Get Carter, The Last Valley, Sleuth, The Man Who Would Be King, and A Bridge Too Far.","[[[110147, 123775, 'Michael_Caine', 5]]]","Michael Caine starred in Get Carter, The Last Valley, Sleuth, The Man Who Would Be King, and A Bridge Too Far.","michael caine starred in get carter, the last valley, sleuth, the man who would be king, and a bridge too far."
61979,NOT VERIFIABLE,NOT ENOUGH INFO,Michael Jordan was a truck driver.,"[[[78452, None, None, None]]]",Michael Jordan was a truck driver.,michael jordan was a truck driver.
193111,VERIFIABLE,REFUTES,Woody Allen is a computer program.,"[[[226100, 230649, 'Woody_Allen', 0]], [[226100, 230650, 'Woody_Allen', 3]], [[226100, 230651, 'Woody_Allen', 4]], [[226100, 230652, 'Woody_Allen', 5]], [[226100, 230653, 'Woody_Allen', 6]], [[226100, 230654, 'Woody_Allen', 9]], [[226100, 230655, 'Woody_Allen', 10]], [[226100, 230656, 'Woody_Allen', 11]], [[226100, 230657, 'Woody_Allen', 12]], [[226100, 230658, 'Woody_Allen', 13]], [[226100, 230659, 'Woody_Allen', 14]], [[226100, 230660, 'Woody_Allen', 17]], [[226100, 230661, 'Woody_Allen', 18]], [[226100, 230662, 'Woody_Allen', 19]], [[226100, 230663, 'Woody_Allen', 20]]]",Woody Allen is a computer program.,woody allen is a computer program.
163409,VERIFIABLE,REFUTES,Ilkhanate contained Poland.,"[[[42621, 51278, 'Ilkhanate', 4]]]",Ilkhanate contained Poland.,ilkhanate contained poland.
149920,NOT VERIFIABLE,NOT ENOUGH INFO,Giacomo Casanova died in a box.,"[[[173823, None, None, None]]]",Giacomo Casanova died in a box.,giacomo casanova died in a box.
223892,VERIFIABLE,REFUTES,All original members of Stone Temple Pilots were exclusively from Somalia.,"[[[266734, 263626, 'Stone_Temple_Pilots', 0]]]",All original members of Stone Temple Pilots were exclusively from Somalia.,all original members of stone temple pilots were exclusively from somalia.
199142,NOT VERIFIABLE,NOT ENOUGH INFO,International Relations only includes the entertainment industry.,"[[[234139, None, None, None]]]",International Relations only includes the entertainment industry.,international relations only includes the entertainment industry.
116461,VERIFIABLE,REFUTES,Doctor Who was written by the Ancient Greeks.,"[[[136845, 151655, 'Doctor_Who_-LRB-series_10-RRB-', 1], [136845, 151655, 'Steven_Moffat', 0]], [[136845, 151656, 'Doctor_Who_-LRB-series_10-RRB-', 10], [136845, 151656, 'Steven_Moffat', 0]], [[136845, 151657, 'Doctor_Who_-LRB-series_10-RRB-', 2], [136845, 151657, 'Steven_Moffat', 0]], [[136845, 151658, 'Doctor_Who_-LRB-series_10-RRB-', 11], [136845, 151658, 'Frank_Cottrell-Boyce', 0], [136845, 151658, 'Jamie_Mathieson', 0], [136845, 151658, 'Mark_Gatiss', 0], [136845, 151658, 'Mike_Bartlett_-LRB-playwright-RRB-', 0], [136845, 151658, 'Peter_Harness', 0], [136845, 151658, 'Rona_Munro', 0], [136845, 151658, 'Sarah_Dollard', 0], [136845, 151658, 'Toby_Whithouse', 0]]]",Doctor Who was written by the Ancient Greeks.,doctor who was written by the ancient greeks.
225145,VERIFIABLE,REFUTES,Chet Atkins only produced records for Michael Jackson.,"[[[268304, 264910, 'Chet_Atkins', 8]]]",Chet Atkins only produced records for Michael Jackson.,chet atkins only produced records for michael jackson.
180925,VERIFIABLE,SUPPORTS,Tipper Gore is an artist.,"[[[210006, 217772, 'Tipper_Gore', 0], [210006, 217772, 'Photographer', 0]]]",Tipper Gore is an artist.,tipper gore is an artist.
205958,NOT VERIFIABLE,NOT ENOUGH INFO,Cosmopolitan as of 2011 contains content which includes articles on home decor.,"[[[243401, None, None, None], [243403, None, None, None]]]",Cosmopolitan as of 2011 contains content which includes articles on home decor.,cosmopolitan as of 2011 contains content which includes articles on home decor.
132829,VERIFIABLE,SUPPORTS,The Hermetic Order of the Golden Dawn was devoted to knowledge.,"[[[155305, 169994, 'Hermetic_Order_of_the_Golden_Dawn', 0], [155305, 169994, 'Occult', 0], [155305, 169994, 'Occult', 1], [155305, 169994, 'Occult', 2]]]",The Hermetic Order of the Golden Dawn was devoted to knowledge.,the hermetic order of the golden dawn was devoted to knowledge.
191896,NOT VERIFIABLE,NOT ENOUGH INFO,The Hangover Part III includes Dave Chapelle.,"[[[224441, None, None, None]]]",The Hangover Part III includes Dave Chapelle.,the hangover part iii includes dave chapelle.
140803,NOT VERIFIABLE,NOT ENOUGH INFO,Feels So Good was written by a man.,"[[[163789, None, None, None]]]",Feels So Good was written by a man.,feels so good was written by a man.
214912,VERIFIABLE,SUPPORTS,History of art includes aesthetics.,"[[[255799, 255159, 'History_of_art', 0]]]",History of art includes aesthetics.,history of art includes aesthetics.
197981,VERIFIABLE,SUPPORTS,Pi is an irrational number.,"[[[232748, 235872, 'Pi', 4]]]",Pi is an irrational number.,pi is an irrational number.
42220,VERIFIABLE,REFUTES,The Voice is broadcast by a subsidiary of Verizon.,"[[[126362, 140764, 'The_Voice_-LRB-U.S._TV_series-RRB-', 0], [126362, 140764, 'NBC', 0]], [[127763, 142421, 'The_Voice_-LRB-U.S._TV_series-RRB-', 0], [127763, 142421, 'NBC', 0]], [[129838, 144551, 'The_Voice_-LRB-U.S._TV_series-RRB-', 0], [129838, 144551, 'NBC', 0]], [[308922, 299203, 'The_Voice_-LRB-U.S._TV_series-RRB-', 0], [308922, 299203, 'NBC', 0]], [[310493, 300534, 'The_Voice_-LRB-U.S._TV_series-RRB-', 0], [310493, 300534, 'NBC', 0]]]",The Voice is broadcast by a subsidiary of Verizon.,the voice is broadcast by a subsidiary of verizon.
126793,VERIFIABLE,REFUTES,Giacomo Casanova died in a box.,"[[[148659, 163682, 'Giacomo_Casanova', 10]]]",Giacomo Casanova died in a box.,giacomo casanova died in a box.
195747,VERIFIABLE,SUPPORTS,A Nightmare on Elm Street stars Rooney Mara.,"[[[229965, 233751, 'A_Nightmare_on_Elm_Street_-LRB-2010_film-RRB-', 3]]]",A Nightmare on Elm Street stars Rooney Mara.,a nightmare on elm street stars rooney mara.
105621,NOT VERIFIABLE,NOT ENOUGH INFO,Michelle Pfeiffer lost a BAFTA Award.,"[[[279456, None, None, None], [327761, None, None, None], [328817, None, None, None]]]",Michelle Pfeiffer lost a BAFTA Award.,michelle pfeiffer lost a bafta award.
228657,VERIFIABLE,SUPPORTS,How to Lose Friends & Alienate People stars an english actor.,"[[[272872, 268529, 'How_to_Lose_Friends_&_Alienate_People_-LRB-film-RRB-', 6], [272872, 268529, 'Simon_Pegg', 0]]]",How to Lose Friends & Alienate People stars an english actor.,how to lose friends & alienate people stars an english actor.
66661,NOT VERIFIABLE,NOT ENOUGH INFO,Mary Marvel predates something.,"[[[83228, None, None, None]]]",Mary Marvel predates something.,mary marvel predates something.
71403,VERIFIABLE,SUPPORTS,Beauty Shop stars a human.,"[[[88083, 100615, 'Beauty_Shop', 2], [88083, 100615, 'Kevin_Bacon', 0], [88083, 100615, 'Alicia_Silverstone', 0]], [[88083, 100616, 'Beauty_Shop', 1], [88083, 100616, 'Queen_Latifah', 0]]]",Beauty Shop stars a human.,beauty shop stars a human.
191618,VERIFIABLE,SUPPORTS,Famous in Love failed to star any actors.,"[[[224096, 228963, 'Famous_in_Love', 1], [224096, 228963, 'Carter_Jenkins', 0], [224096, 228963, 'Keith_T._Powers', 0], [224096, 228963, 'Famous_in_Love', 0]]]",Famous in Love failed to star any actors.,famous in love failed to star any actors.
228897,VERIFIABLE,REFUTES,Drama school offers zero degrees.,"[[[273114, 268684, 'Drama_school', 1]]]",Drama school offers zero degrees.,drama school offers zero degrees.
186089,VERIFIABLE,SUPPORTS,There are bodies of water in Ontario.,"[[[216995, 223652, 'Ontario', 8]], [[217003, 223658, 'Ontario', 7], [217003, 223658, 'Lake_of_the_Woods', 0]], [[217003, 223659, 'Ontario', 8]]]",There are bodies of water in Ontario.,there are bodies of water in ontario.
218698,VERIFIABLE,SUPPORTS,Chris Hemsworth starred in Snow White and the Huntsman.,"[[[260001, 258491, 'Chris_Hemsworth', 2]]]",Chris Hemsworth starred in Snow White and the Huntsman.,chris hemsworth starred in snow white and the huntsman.
185692,VERIFIABLE,SUPPORTS,Ben Whishaw was in a stage production.,"[[[216522, 223215, 'Ben_Whishaw', 1]]]",Ben Whishaw was in a stage production.,ben whishaw was in a stage production.
49845,VERIFIABLE,REFUTES,Adrian Molina is a songwriter.,"[[[66163, 76994, 'Adrian_Molina', 0]]]",Adrian Molina is a songwriter.,adrian molina is a songwriter.
48000,VERIFIABLE,SUPPORTS,Grace Jones's style drew on sources.,"[[[64367, 75121, 'Grace_Jones', 7]]]",Grace Jones's style drew on sources.,grace jones's style drew on sources.
192401,NOT VERIFIABLE,NOT ENOUGH INFO,Francois de Belleforest translated the works of Elena Ferrante.,"[[[225064, None, None, None]]]",Francois de Belleforest translated the works of Elena Ferrante.,francois de belleforest translated the works of elena ferrante.
199028,VERIFIABLE,SUPPORTS,International Relations includes many subject matters.,"[[[234009, 236902, 'International_relations', 10]]]",International Relations includes many subject matters.,international relations includes many subject matters.
78347,NOT VERIFIABLE,NOT ENOUGH INFO,Chris Mckenna has written multiple episodes for the series Community.,"[[[95296, None, None, None]]]",Chris Mckenna has written multiple episodes for the series Community.,chris mckenna has written multiple episodes for the series community.
193109,NOT VERIFIABLE,NOT ENOUGH INFO,Woody Allen is a computer program.,"[[[226098, None, None, None]]]",Woody Allen is a computer program.,woody allen is a computer program.
77674,VERIFIABLE,SUPPORTS,The Academy Honorary Award was instituted.,"[[[94611, 107589, 'Academy_Honorary_Award', 0]]]",The Academy Honorary Award was instituted.,the academy honorary award was instituted.
203358,VERIFIABLE,REFUTES,Saratoga failed to be produced and so no actors were included.,"[[[239880, 241569, 'Saratoga_-LRB-film-RRB-', 1]]]",Saratoga failed to be produced and so no actors were included.,saratoga failed to be produced and so no actors were included.
123098,NOT VERIFIABLE,NOT ENOUGH INFO,Paris Hilton is Canadian.,"[[[286091, None, None, None], [287784, None, None, None], [332821, None, None, None], [332831, None, None, None]]]",Paris Hilton is Canadian.,paris hilton is canadian.
117845,NOT VERIFIABLE,NOT ENOUGH INFO,Iain Glen is a cat.,"[[[138290, None, None, None]]]",Iain Glen is a cat.,iain glen is a cat.
199095,VERIFIABLE,REFUTES,International Relations only includes the entertainment industry.,"[[[234087, 236979, 'International_relations', 0]], [[234087, 236980, 'International_relations', 1]], [[234087, 236981, 'International_relations', 2]], [[234087, 236982, 'International_relations', 9]], [[234087, 236983, 'International_relations', 10]]]",International Relations only includes the entertainment industry.,international relations only includes the entertainment industry.
48765,NOT VERIFIABLE,NOT ENOUGH INFO,A dog has written for Doctor Who.,"[[[65117, None, None, None]]]",A dog has written for Doctor Who.,a dog has written for doctor who.
97536,NOT VERIFIABLE,NOT ENOUGH INFO,There is a character in Star Wars sequel trilogy.,"[[[278313, None, None, None], [326236, None, None, None]]]",There is a character in Star Wars sequel trilogy.,there is a character in star wars sequel trilogy.
78358,VERIFIABLE,REFUTES,Ryder is an Armenian company.,"[[[95305, 108324, 'Ryder', 0]], [[95305, 108325, 'Ryder', 2]], [[95305, 108326, 'Ryder', 3]]]",Ryder is an Armenian company.,ryder is an armenian company.
113295,VERIFIABLE,REFUTES,The Legend of Tarzan (film) is based on a real person.,"[[[282157, 276393, 'The_Legend_of_Tarzan_-LRB-film-RRB-', 0]], [[285125, 278850, 'The_Legend_of_Tarzan_-LRB-film-RRB-', 0]], [[285126, 278851, 'The_Legend_of_Tarzan_-LRB-film-RRB-', 0]], [[330089, 316743, 'The_Legend_of_Tarzan_-LRB-film-RRB-', 0]], [[330091, 316744, 'The_Legend_of_Tarzan_-LRB-film-RRB-', 0]], [[330093, 316746, 'The_Legend_of_Tarzan_-LRB-film-RRB-', 0]], [[330095, 316747, 'The_Legend_of_Tarzan_-LRB-film-RRB-', 0]], [[330098, 316750, 'The_Legend_of_Tarzan_-LRB-film-RRB-', 0], [330098, 316750, 'Tarzan', 0], [330098, 316750, 'Tarzan', 1]], [[330099, 316751, 'The_Legend_of_Tarzan_-LRB-film-RRB-', 0]], [[330102, 316753, 'The_Legend_of_Tarzan_-LRB-film-RRB-', 0]]]",The Legend of Tarzan (film) is based on a real person.,the legend of tarzan (film) is based on a real person.
199032,VERIFIABLE,REFUTES,International Relations includes animals.,"[[[236074, 238617, 'International_relations', 9]], [[236074, 238618, 'International_relations', 10]]]",International Relations includes animals.,international relations includes animals.
201988,NOT VERIFIABLE,NOT ENOUGH INFO,Short Term 12 was produced by Destin Daniel Cretton.,"[[[237868, None, None, None], [237874, None, None, None]]]",Short Term 12 was produced by Destin Daniel Cretton.,short term 12 was produced by destin daniel cretton.
142269,NOT VERIFIABLE,NOT ENOUGH INFO,Before Night Falls is a bleak horror film.,"[[[165335, None, None, None]]]",Before Night Falls is a bleak horror film.,before night falls is a bleak horror film.
199068,NOT VERIFIABLE,NOT ENOUGH INFO,International Relations includes animals.,"[[[234051, None, None, None]]]",International Relations includes animals.,international relations includes animals.
15003,NOT VERIFIABLE,NOT ENOUGH INFO,"Imagine Dragons have an album called ""It's Time.""","[[[30291, None, None, None]]]","Imagine Dragons have an album called ""It's Time.""","imagine dragons have an album called ""it's time."""
218587,VERIFIABLE,REFUTES,Transformers: The Last Knight stars Tom Cruise.,"[[[259876, 258410, 'Transformers-COLON-_The_Last_Knight', 2]]]",Transformers: The Last Knight stars Tom Cruise.,transformers: the last knight stars tom cruise.
177808,VERIFIABLE,SUPPORTS,Labor Pains was released on August 4 in the United Kingdom.,"[[[206091, 214547, 'Labor_Pains', 6]]]",Labor Pains was released on August 4 in the United Kingdom.,labor pains was released on august 4 in the united kingdom.
225950,NOT VERIFIABLE,NOT ENOUGH INFO,Hate group practices a philosopy.,"[[[269358, None, None, None]]]",Hate group practices a philosopy.,hate group practices a philosopy.
206902,VERIFIABLE,SUPPORTS,"Ayutthaya was friendly towards Chinese, Dutch, English, Vietnamese, Indian, Japanese, Persian, Portuguese, Spanish, and French people.","[[[244665, 245598, 'Ayutthaya_Kingdom', 1]]]","Ayutthaya was friendly towards Chinese, Dutch, English, Vietnamese, Indian, Japanese, Persian, Portuguese, Spanish, and French people.","ayutthaya was friendly towards chinese, dutch, english, vietnamese, indian, japanese, persian, portuguese, spanish, and french people."
22211,NOT VERIFIABLE,NOT ENOUGH INFO,The Walt Disney Company owns the Rocky Mountains.,"[[[38056, None, None, None], [38069, None, None, None]]]",The Walt Disney Company owns the Rocky Mountains.,the walt disney company owns the rocky mountains.
141858,VERIFIABLE,REFUTES,Pablo Picasso was a novelist.,"[[[164922, 179112, 'Pablo_Picasso', 0]]]",Pablo Picasso was a novelist.,pablo picasso was a novelist.
50097,VERIFIABLE,REFUTES,Land Rover makes Lamborghini.,"[[[66619, 77429, 'Land_Rover', 5]]]",Land Rover makes Lamborghini.,land rover makes lamborghini.
224851,VERIFIABLE,REFUTES,Snoop Dogg is a Pisces.,"[[[267918, 264542, 'Snoop_Dogg', 0], [267918, 264542, 'Pisces_-LRB-astrology-RRB-', 2]]]",Snoop Dogg is a Pisces.,snoop dogg is a pisces.
86259,NOT VERIFIABLE,NOT ENOUGH INFO,Hugo Weaving is in a boat.,"[[[276546, None, None, None], [322265, None, None, None]]]",Hugo Weaving is in a boat.,hugo weaving is in a boat.
181814,VERIFIABLE,REFUTES,Beyoncé is Armenian.,"[[[211373, 219091, 'Beyoncé', 0]], [[211373, 219092, 'Beyoncé', 1]]]",Beyoncé is Armenian.,beyoncé is armenian.
218902,VERIFIABLE,SUPPORTS,"Renaissance art involved Masaccio, Brunelleschi, Ghiberti, Piero della Francesca, Donatello and Michelozzo, and Florence.","[[[260259, 258694, 'Renaissance_art', 30]]]","Renaissance art involved Masaccio, Brunelleschi, Ghiberti, Piero della Francesca, Donatello and Michelozzo, and Florence.","renaissance art involved masaccio, brunelleschi, ghiberti, piero della francesca, donatello and michelozzo, and florence."
132658,VERIFIABLE,REFUTES,Estella Warren is a current synchronized swimmer.,"[[[155086, 169800, 'Estella_Warren', 0]]]",Estella Warren is a current synchronized swimmer.,estella warren is a current synchronized swimmer.
219082,VERIFIABLE,REFUTES,Deadpool 2 only featured Tom Cruise.,"[[[260578, 258951, 'Deadpool_-LRB-film-RRB-', 1]], [[260580, 258952, 'Deadpool_-LRB-film-RRB-', 1]]]",Deadpool 2 only featured Tom Cruise.,deadpool 2 only featured tom cruise.
124191,NOT VERIFIABLE,NOT ENOUGH INFO,Get Out stars a wild truffle.,"[[[145719, None, None, None], [145722, None, None, None]]]",Get Out stars a wild truffle.,get out stars a wild truffle.
192888,VERIFIABLE,SUPPORTS,Lindsay Lohan has no experience as a fashion model.,"[[[225818, 230395, 'Lindsay_Lohan', 1]], [[225818, 230396, 'Lindsay_Lohan', 17]]]",Lindsay Lohan has no experience as a fashion model.,lindsay lohan has no experience as a fashion model.
188073,NOT VERIFIABLE,NOT ENOUGH INFO,Thiokol was also known as Thiokol Chemical Corporation.,"[[[219464, None, None, None]]]",Thiokol was also known as Thiokol Chemical Corporation.,thiokol was also known as thiokol chemical corporation.
108445,VERIFIABLE,SUPPORTS,"Beverly Hills, 90210 addressed numerous topical issues such as date rape, gay rights, animal rights, alcoholism, drug abuse, domestic violence, sex, antisemitism, racism, teenage suicide, teenage pregnancy, and AIDS.","[[[127257, 141800, 'Beverly_Hills,_90210', 10]]]","Beverly Hills, 90210 addressed numerous topical issues such as date rape, gay rights, animal rights, alcoholism, drug abuse, domestic violence, sex, antisemitism, racism, teenage suicide, teenage pregnancy, and AIDS.","beverly hills, 90210 addressed numerous topical issues such as date rape, gay rights, animal rights, alcoholism, drug abuse, domestic violence, sex, antisemitism, racism, teenage suicide, teenage pregnancy, and aids."
53238,VERIFIABLE,SUPPORTS,Leslie Howard was a director.,"[[[69521, 80345, 'Leslie_Howard_-LRB-actor-RRB-', 0]]]",Leslie Howard was a director.,leslie howard was a director.
63195,VERIFIABLE,SUPPORTS,Social justice is invoked today.,"[[[79606, 91348, 'Social_justice', 11]]]",Social justice is invoked today.,social justice is invoked today.
195709,NOT VERIFIABLE,NOT ENOUGH INFO,A Nightmare on Elm Street stars at least one actor.,"[[[229922, None, None, None]]]",A Nightmare on Elm Street stars at least one actor.,a nightmare on elm street stars at least one actor.
228671,VERIFIABLE,SUPPORTS,"How to Lose Friends & Alienate People stars Simon Pegg, Kirsten Dunst, Danny Huston, Gillian Anderson, Megan Fox and Jeff Bridges, alongside Max Minghella and Margo Stilley.","[[[272839, 268515, 'How_to_Lose_Friends_&_Alienate_People_-LRB-film-RRB-', 6]]]","How to Lose Friends & Alienate People stars Simon Pegg, Kirsten Dunst, Danny Huston, Gillian Anderson, Megan Fox and Jeff Bridges, alongside Max Minghella and Margo Stilley.","how to lose friends & alienate people stars simon pegg, kirsten dunst, danny huston, gillian anderson, megan fox and jeff bridges, alongside max minghella and margo stilley."
184779,VERIFIABLE,REFUTES,The Champ stars John Boyega.,"[[[215275, 222189, 'The_Champ_-LRB-1979_film-RRB-', 0], [215275, 222189, 'John_Boyega', 0]]]",The Champ stars John Boyega.,the champ stars john boyega.
94455,NOT VERIFIABLE,NOT ENOUGH INFO,The Weeknd is an actor.,"[[[111889, None, None, None]]]",The Weeknd is an actor.,the weeknd is an actor.
169053,NOT VERIFIABLE,NOT ENOUGH INFO,Mrs Henderson Presents is a horror film.,"[[[194821, None, None, None]]]",Mrs Henderson Presents is a horror film.,mrs henderson presents is a horror film.
166139,VERIFIABLE,REFUTES,Antonio Vivaldi died at the age of 23.,"[[[191048, 201974, 'Antonio_Vivaldi', 0]]]",Antonio Vivaldi died at the age of 23.,antonio vivaldi died at the age of 23.
182534,VERIFIABLE,SUPPORTS,Movies are a popular culture category.,"[[[212311, 219892, 'Popular_culture', 2]]]",Movies are a popular culture category.,movies are a popular culture category.
207903,NOT VERIFIABLE,NOT ENOUGH INFO,Edgar Award honors the best.,"[[[245952, None, None, None]]]",Edgar Award honors the best.,edgar award honors the best.
45497,NOT VERIFIABLE,NOT ENOUGH INFO,The Proposal stars Jim Gaffigan.,"[[[137886, None, None, None], [140038, None, None, None], [310211, None, None, None], [310213, None, None, None]]]",The Proposal stars Jim Gaffigan.,the proposal stars jim gaffigan.
213700,VERIFIABLE,REFUTES,The Man with the Iron Fists only stars Adam Sandler.,"[[[253645, 253453, 'The_Man_with_the_Iron_Fists', 1]], [[253646, 253454, 'The_Man_with_the_Iron_Fists', 1]], [[253647, 253455, 'The_Man_with_the_Iron_Fists', 1]]]",The Man with the Iron Fists only stars Adam Sandler.,the man with the iron fists only stars adam sandler.
163390,VERIFIABLE,SUPPORTS,"Ilkhanate contained Iran, Iraq, Armenia, Azerbaijan, Georgia, Turkmenistan, Turkey, western Afghanistan, and southwestern Pakistan.","[[[187946, 199498, 'Ilkhanate', 4]]]","Ilkhanate contained Iran, Iraq, Armenia, Azerbaijan, Georgia, Turkmenistan, Turkey, western Afghanistan, and southwestern Pakistan.","ilkhanate contained iran, iraq, armenia, azerbaijan, georgia, turkmenistan, turkey, western afghanistan, and southwestern pakistan."
225972,VERIFIABLE,SUPPORTS,Hate group practices a philosopy.,"[[[269393, 265730, 'Hate_group', 0]]]",Hate group practices a philosopy.,hate group practices a philosopy.
150717,VERIFIABLE,REFUTES,Keith Urban is a writer.,"[[[174528, 187720, 'Keith_Urban', 0]]]",Keith Urban is a writer.,keith urban is a writer.
176086,NOT VERIFIABLE,NOT ENOUGH INFO,Caryn Mandabach produced That '80s Show.,"[[[203904, None, None, None]]]",Caryn Mandabach produced That '80s Show.,caryn mandabach produced that '80s show.
184539,VERIFIABLE,REFUTES,The Shadow Line was written by James Cameron.,"[[[214967, 221920, 'The_Shadow_Line_-LRB-TV_series-RRB-', 2]]]",The Shadow Line was written by James Cameron.,the shadow line was written by james cameron.
194059,NOT VERIFIABLE,NOT ENOUGH INFO,Duane Hopwood includes a screenwriter.,"[[[227251, None, None, None]]]",Duane Hopwood includes a screenwriter.,duane hopwood includes a screenwriter.
160519,VERIFIABLE,SUPPORTS,Northeast megalopolis includes cities.,"[[[296581, 288390, 'Northeast_megalopolis', 1]], [[298198, 289737, 'Northeast_megalopolis', 1]], [[300290, 291554, 'Northeast_megalopolis', 1]], [[343450, 327229, 'Northeast_megalopolis', 1]], [[343452, 327230, 'Northeast_megalopolis', 1]]]",Northeast megalopolis includes cities.,northeast megalopolis includes cities.
209469,NOT VERIFIABLE,NOT ENOUGH INFO,Unleashed stars Jackie Chan.,"[[[247991, None, None, None], [247998, None, None, None]]]",Unleashed stars Jackie Chan.,unleashed stars jackie chan.
27007,NOT VERIFIABLE,NOT ENOUGH INFO,John McCain is a person.,"[[[43139, None, None, None]]]",John McCain is a person.,john mccain is a person.
205962,NOT VERIFIABLE,NOT ENOUGH INFO,Cosmopolitan as of 2011 contains content which includes articles on home decor.,"[[[243408, None, None, None]]]",Cosmopolitan as of 2011 contains content which includes articles on home decor.,cosmopolitan as of 2011 contains content which includes articles on home decor.
159894,VERIFIABLE,SUPPORTS,Melisandre appeared in the fifth novel in A Song of Ice and Fire.,"[[[296513, 288347, 'Melisandre', 0], [296513, 288347, 'A_Song_of_Ice_and_Fire', 3]], [[298115, 289671, 'Melisandre', 6], [298115, 289671, 'A_Dance_with_Dragons', 0]], [[300244, 291505, 'Melisandre', 6], [300244, 291505, 'A_Dance_with_Dragons', 0]], [[343274, 327096, 'Melisandre', 6], [343274, 327096, 'A_Dance_with_Dragons', 0]], [[343280, 327103, 'Melisandre', 6], [343280, 327103, 'A_Dance_with_Dragons', 0]]]",Melisandre appeared in the fifth novel in A Song of Ice and Fire.,melisandre appeared in the fifth novel in a song of ice and fire.
179536,NOT VERIFIABLE,NOT ENOUGH INFO,The Singing Detective had an episode called Runaway.,"[[[208351, None, None, None], [208356, None, None, None]]]",The Singing Detective had an episode called Runaway.,the singing detective had an episode called runaway.
22705,VERIFIABLE,REFUTES,Girls' Generation is Japanese.,"[[[38551, 46501, ""Girls'_Generation"", 0]]]",Girls' Generation is Japanese.,girls' generation is japanese.
191754,NOT VERIFIABLE,NOT ENOUGH INFO,German is a Western Romance Language.,"[[[225729, None, None, None]]]",German is a Western Romance Language.,german is a western romance language.
199122,VERIFIABLE,SUPPORTS,International Relations includes many subject matters.,"[[[234118, 237016, 'International_relations', 0]], [[234118, 237017, 'International_relations', 9]], [[234118, 237018, 'International_relations', 10]]]",International Relations includes many subject matters.,international relations includes many subject matters.
191939,NOT VERIFIABLE,NOT ENOUGH INFO,The Hangover Part III includes Dave Chapelle.,"[[[224488, None, None, None]]]",The Hangover Part III includes Dave Chapelle.,the hangover part iii includes dave chapelle.
199124,VERIFIABLE,SUPPORTS,International Relations includes many subject matters.,"[[[234119, 237019, 'International_relations', 9]], [[234119, 237020, 'International_relations', 10]]]",International Relations includes many subject matters.,international relations includes many subject matters.
166572,VERIFIABLE,REFUTES,Christine Daaé is a character from Twilight.,"[[[191586, 202416, 'Christine_Daaé', 0]], [[191588, 202418, 'Christine_Daaé', 0]]]",Christine Daaé is a character from Twilight.,christine daaé is a character from twilight.
105117,NOT VERIFIABLE,NOT ENOUGH INFO,Feels So Good was released as an album.,"[[[123430, None, None, None]]]",Feels So Good was released as an album.,feels so good was released as an album.
199066,NOT VERIFIABLE,NOT ENOUGH INFO,International Relations includes animals.,"[[[234049, None, None, None]]]",International Relations includes animals.,international relations includes animals.
203309,NOT VERIFIABLE,NOT ENOUGH INFO,Extreme environments can be caused by factors.,"[[[239817, None, None, None]]]",Extreme environments can be caused by factors.,extreme environments can be caused by factors.
214891,NOT VERIFIABLE,NOT ENOUGH INFO,History of art includes various subjects.,"[[[255201, None, None, None]]]",History of art includes various subjects.,history of art includes various subjects.
42908,NOT VERIFIABLE,NOT ENOUGH INFO,The Hunger Games is a television show.,"[[[59213, None, None, None]]]",The Hunger Games is a television show.,the hunger games is a television show.
81453,NOT VERIFIABLE,NOT ENOUGH INFO,A block is also called a dead body.,"[[[98501, None, None, None]]]",A block is also called a dead body.,a block is also called a dead body.
174218,VERIFIABLE,REFUTES,Oliver Reed was in a movie in 1936.,"[[[201339, 210802, 'Oliver_Reed', 0]]]",Oliver Reed was in a movie in 1936.,oliver reed was in a movie in 1936.
31068,VERIFIABLE,REFUTES,Snooki is a Pisces.,"[[[47227, 56356, 'Snooki', 0], [47227, 56356, 'Pisces_-LRB-astrology-RRB-', 2]]]",Snooki is a Pisces.,snooki is a pisces.
203255,VERIFIABLE,SUPPORTS,Extreme environments can be caused by a variety of factors that push equilibrium off.,"[[[239745, 241494, 'Extreme_environment', 1]]]",Extreme environments can be caused by a variety of factors that push equilibrium off.,extreme environments can be caused by a variety of factors that push equilibrium off.
206978,NOT VERIFIABLE,NOT ENOUGH INFO,The Meyerowitz stories stars a cat.,"[[[246820, None, None, None]]]",The Meyerowitz stories stars a cat.,the meyerowitz stories stars a cat.
12212,VERIFIABLE,SUPPORTS,John Denver is a farmer.,"[[[27444, 33626, 'John_Denver', 0]]]",John Denver is a farmer.,john denver is a farmer.
180839,NOT VERIFIABLE,NOT ENOUGH INFO,Central America contains agriculture.,"[[[209897, None, None, None]]]",Central America contains agriculture.,central america contains agriculture.
225085,VERIFIABLE,SUPPORTS,Chet Atkins produced records for Elvis Presley.,"[[[268217, 264841, 'Chet_Atkins', 8]]]",Chet Atkins produced records for Elvis Presley.,chet atkins produced records for elvis presley.
67161,NOT VERIFIABLE,NOT ENOUGH INFO,Sunburn is a title.,"[[[83740, None, None, None]]]",Sunburn is a title.,sunburn is a title.
103077,NOT VERIFIABLE,NOT ENOUGH INFO,Saturn is a Christian state.,"[[[121040, None, None, None]]]",Saturn is a Christian state.,saturn is a christian state.
138660,VERIFIABLE,REFUTES,Semitic languages are spoken in South Africa.,"[[[161458, 175941, 'Semitic_languages', 1]]]",Semitic languages are spoken in South Africa.,semitic languages are spoken in south africa.
228866,NOT VERIFIABLE,NOT ENOUGH INFO,Drama school offers a Ph.D.,"[[[273070, None, None, None]]]",Drama school offers a Ph.D.,drama school offers a ph.d.
205558,NOT VERIFIABLE,NOT ENOUGH INFO,Wyatt Earp worked to extract minerals.,"[[[242887, None, None, None]]]",Wyatt Earp worked to extract minerals.,wyatt earp worked to extract minerals.
79409,NOT VERIFIABLE,NOT ENOUGH INFO,Spider-Man won an Academy Award for Best Sound Mixing.,"[[[96344, None, None, None]]]",Spider-Man won an Academy Award for Best Sound Mixing.,spider-man won an academy award for best sound mixing.
213215,NOT VERIFIABLE,NOT ENOUGH INFO,The Nile drains through a region.,"[[[252938, None, None, None]]]",The Nile drains through a region.,the nile drains through a region.
201673,VERIFIABLE,SUPPORTS,Matt Sorum's touring project Kings of Chaos features members of at least one rock band.,"[[[237489, 239696, 'Matt_Sorum', 2], [237489, 239696, 'The_Cult', 0]]]",Matt Sorum's touring project Kings of Chaos features members of at least one rock band.,matt sorum's touring project kings of chaos features members of at least one rock band.
179610,NOT VERIFIABLE,NOT ENOUGH INFO,Michael Giacchino composed the score for Dunkirk.,"[[[208512, None, None, None]]]",Michael Giacchino composed the score for Dunkirk.,michael giacchino composed the score for dunkirk.
80885,VERIFIABLE,REFUTES,Mel Brooks is a producer.,"[[[97893, 111041, 'Mel_Brooks', 0]]]",Mel Brooks is a producer.,mel brooks is a producer.
148692,VERIFIABLE,SUPPORTS,Jacqueline Kennedy Onassis was American.,"[[[172371, 185692, 'Jacqueline_Kennedy_Onassis', 18]]]",Jacqueline Kennedy Onassis was American.,jacqueline kennedy onassis was american.
171980,VERIFIABLE,SUPPORTS,Warm Leatherette is by a woman.,"[[[199405, 209092, 'Warm_Leatherette_-LRB-album-RRB-', 0], [199405, 209092, 'Grace_Jones', 0]]]",Warm Leatherette is by a woman.,warm leatherette is by a woman.
20746,VERIFIABLE,REFUTES,Helena Bonham Carter is unable to act in movies.,"[[[39546, 47638, 'Helena_Bonham_Carter', 2]], [[39546, 47639, 'Helena_Bonham_Carter', 3]]]",Helena Bonham Carter is unable to act in movies.,helena bonham carter is unable to act in movies.
203259,VERIFIABLE,SUPPORTS,Extreme environments can be caused by factors.,"[[[239755, 241499, 'Extreme_environment', 1]]]",Extreme environments can be caused by factors.,extreme environments can be caused by factors.
115877,NOT VERIFIABLE,NOT ENOUGH INFO,"Graciosa, Canary Islands is across from the peninsula El Río.","[[[136591, None, None, None]]]","Graciosa, Canary Islands is across from the peninsula El Río.","graciosa, canary islands is across from the peninsula el río."
228672,VERIFIABLE,SUPPORTS,"How to Lose Friends & Alienate People stars Simon Pegg, Kirsten Dunst, Danny Huston, Gillian Anderson, Megan Fox and Jeff Bridges, alongside Max Minghella and Margo Stilley.","[[[272842, 268517, 'How_to_Lose_Friends_&_Alienate_People_-LRB-film-RRB-', 6]]]","How to Lose Friends & Alienate People stars Simon Pegg, Kirsten Dunst, Danny Huston, Gillian Anderson, Megan Fox and Jeff Bridges, alongside Max Minghella and Margo Stilley.","how to lose friends & alienate people stars simon pegg, kirsten dunst, danny huston, gillian anderson, megan fox and jeff bridges, alongside max minghella and margo stilley."
163375,VERIFIABLE,REFUTES,Ilkhanate contained Poland.,"[[[187937, 199493, 'Ilkhanate', 4]]]",Ilkhanate contained Poland.,ilkhanate contained poland.
203302,VERIFIABLE,REFUTES,Extreme environments can only be caused by humans.,"[[[239808, 241518, 'Extreme_environment', 1]]]",Extreme environments can only be caused by humans.,extreme environments can only be caused by humans.
219104,VERIFIABLE,SUPPORTS,Deadpool 2 featured superheroes.,"[[[260624, 258971, 'Deadpool_-LRB-film-RRB-', 0], [260624, 258971, 'Deadpool', 0]]]",Deadpool 2 featured superheroes.,deadpool 2 featured superheroes.
184832,VERIFIABLE,REFUTES,Hungary is bordered by China.,"[[[215345, 222237, 'Hungary', 1]]]",Hungary is bordered by China.,hungary is bordered by china.
62188,VERIFIABLE,SUPPORTS,Mackenzie Foy starred in Twilight.,"[[[78645, 90188, 'Mackenzie_Foy', 1]]]",Mackenzie Foy starred in Twilight.,mackenzie foy starred in twilight.
213047,VERIFIABLE,SUPPORTS,Marlon Brando was in a film.,"[[[252704, 252484, 'Marlon_Brando', 3], [252704, 252484, 'On_the_Waterfront', 0]], [[252704, 252485, 'Marlon_Brando', 4], [252704, 252485, 'Apocalypse_Now', 0], [252704, 252485, 'Apocalypse_Now', 2]], [[252704, 252486, 'Marlon_Brando', 8]], [[252704, 252487, 'Marlon_Brando', 9], [252704, 252487, 'On_the_Waterfront', 0]], [[252704, 252488, 'Marlon_Brando', 11]], [[252704, 252489, 'Marlon_Brando', 16]], [[252704, 252490, 'Marlon_Brando', 17], [252704, 252490, 'The_Godfather', 0]], [[252704, 252491, 'Marlon_Brando', 19], [252704, 252491, 'Last_Tango_in_Paris', 0]], [[252704, 252492, 'Marlon_Brando', 20], [252704, 252492, 'The_Missouri_Breaks', 0]], [[252704, 252493, 'Marlon_Brando', 21], [252704, 252493, 'Superman_-LRB-1978_film-RRB-', 0]], [[252704, 252494, 'Marlon_Brando', 23]], [[252704, 252495, 'Marlon_Brando', 26]]]",Marlon Brando was in a film.,marlon brando was in a film.
186165,NOT VERIFIABLE,NOT ENOUGH INFO,There are bodies of water in Ontario.,"[[[217098, None, None, None]]]",There are bodies of water in Ontario.,there are bodies of water in ontario.
36039,VERIFIABLE,SUPPORTS,Grant Gustin is a dancer.,"[[[52216, 62178, 'Grant_Gustin', 0]]]",Grant Gustin is a dancer.,grant gustin is a dancer.
140304,NOT VERIFIABLE,NOT ENOUGH INFO,The Champ stars a film producer.,"[[[163264, None, None, None]]]",The Champ stars a film producer.,the champ stars a film producer.
208960,NOT VERIFIABLE,NOT ENOUGH INFO,Funny or Die produces The Late Show.,"[[[247349, None, None, None]]]",Funny or Die produces The Late Show.,funny or die produces the late show.
180845,NOT VERIFIABLE,NOT ENOUGH INFO,Central America contains England.,"[[[209902, None, None, None]]]",Central America contains England.,central america contains england.
131829,VERIFIABLE,REFUTES,The Supernatural pilot was directed by Eric Kripke.,"[[[154204, 168990, 'Pilot_-LRB-Supernatural-RRB-', 1]]]",The Supernatural pilot was directed by Eric Kripke.,the supernatural pilot was directed by eric kripke.
226363,NOT VERIFIABLE,NOT ENOUGH INFO,Gift of the Night Fury exclusively stars the voices of people from Kenya.,"[[[269877, None, None, None]]]",Gift of the Night Fury exclusively stars the voices of people from Kenya.,gift of the night fury exclusively stars the voices of people from kenya.
138662,NOT VERIFIABLE,NOT ENOUGH INFO,Life After Death is by an opera singer.,"[[[161460, None, None, None]]]",Life After Death is by an opera singer.,life after death is by an opera singer.
219080,NOT VERIFIABLE,NOT ENOUGH INFO,Deadpool 2 featured superheroes.,"[[[260579, None, None, None]]]",Deadpool 2 featured superheroes.,deadpool 2 featured superheroes.
210028,VERIFIABLE,SUPPORTS,Afghanistan is the source of an empire.,"[[[248760, 248846, 'Afghanistan', 8]], [[248761, 248847, 'Afghanistan', 8]], [[248768, 248851, 'Afghanistan', 8], [248768, 248851, 'Hephthalite_Empire', 0]]]",Afghanistan is the source of an empire.,afghanistan is the source of an empire.
226218,VERIFIABLE,SUPPORTS,Gift of the Night Fury stars the voice of a screenwriter.,"[[[269699, 265952, 'Gift_of_the_Night_Fury', 6], [269699, 265952, 'Jay_Baruchel', 0], [269699, 265952, 'Jonah_Hill', 0]]]",Gift of the Night Fury stars the voice of a screenwriter.,gift of the night fury stars the voice of a screenwriter.
60372,VERIFIABLE,SUPPORTS,Northeast megalopolis includes cities.,"[[[76811, 88170, 'Northeast_megalopolis', 1]]]",Northeast megalopolis includes cities.,northeast megalopolis includes cities.
84461,VERIFIABLE,REFUTES,The Proposal stars Kittens.,"[[[101509, 114757, 'The_Proposal_-LRB-film-RRB-', 1]]]",The Proposal stars Kittens.,the proposal stars kittens.
191194,NOT VERIFIABLE,NOT ENOUGH INFO,James Bryant Conant wrote Slums and Suburbs.,"[[[223535, None, None, None]]]",James Bryant Conant wrote Slums and Suburbs.,james bryant conant wrote slums and suburbs.
213608,NOT VERIFIABLE,NOT ENOUGH INFO,Kate & Leopold is a horror film.,"[[[253505, None, None, None]]]",Kate & Leopold is a horror film.,kate & leopold is a horror film.
194160,NOT VERIFIABLE,NOT ENOUGH INFO,To The Bone includes Emma Stone.,"[[[227380, None, None, None]]]",To The Bone includes Emma Stone.,to the bone includes emma stone.
169061,VERIFIABLE,REFUTES,Mrs Henderson Presents is a horror film.,"[[[194834, 205187, 'Mrs_Henderson_Presents', 0]], [[194836, 205189, 'Mrs_Henderson_Presents', 0]], [[194837, 205190, 'Mrs_Henderson_Presents', 0]]]",Mrs Henderson Presents is a horror film.,mrs henderson presents is a horror film.
196957,VERIFIABLE,REFUTES,"Worcester, Massachusetts is 40 mi from the capital of Texas.","[[[231439, 234940, 'Worcester,_Massachusetts', 2], [231439, 234940, 'Boston', 0]]]","Worcester, Massachusetts is 40 mi from the capital of Texas.","worcester, massachusetts is 40 mi from the capital of texas."
169854,VERIFIABLE,SUPPORTS,Cary Grant appeared in a film.,"[[[195932, 206056, 'Cary_Grant', 8]], [[195932, 206057, 'Cary_Grant', 9]], [[195932, 206058, 'Cary_Grant', 13]], [[195932, 206059, 'Cary_Grant', 15]], [[195932, 206060, 'Cary_Grant', 10], [195932, 206060, 'None_but_the_Lonely_Heart_-LRB-film-RRB-', 0]]]",Cary Grant appeared in a film.,cary grant appeared in a film.
188036,VERIFIABLE,SUPPORTS,Thiokol was also known as Thiokol Chemical Corporation.,"[[[219420, 225430, 'Thiokol', 0]]]",Thiokol was also known as Thiokol Chemical Corporation.,thiokol was also known as thiokol chemical corporation.
73751,VERIFIABLE,SUPPORTS,Beauty Shop stars a human.,"[[[90538, 103291, 'Beauty_Shop', 2], [90538, 103291, 'Alicia_Silverstone', 0]], [[90538, 103292, 'Beauty_Shop', 1], [90538, 103292, 'Queen_Latifah', 0]]]",Beauty Shop stars a human.,beauty shop stars a human.
218501,NOT VERIFIABLE,NOT ENOUGH INFO,Colin Quinn is an American producer.,"[[[259755, None, None, None]]]",Colin Quinn is an American producer.,colin quinn is an american producer.
117791,NOT VERIFIABLE,NOT ENOUGH INFO,Egypt is a member of the Boys and Girls Club.,"[[[138331, None, None, None]]]",Egypt is a member of the Boys and Girls Club.,egypt is a member of the boys and girls club.
115053,VERIFIABLE,REFUTES,Anti-nuclear antibodies has zero subtypes.,"[[[135069, 149976, 'Anti-nuclear_antibody', 5]]]",Anti-nuclear antibodies has zero subtypes.,anti-nuclear antibodies has zero subtypes.
69762,VERIFIABLE,REFUTES,Anne Frank's full last name was Annelies.,"[[[86450, 98855, 'Anne_Frank', 0]]]",Anne Frank's full last name was Annelies.,anne frank's full last name was annelies.
192458,NOT VERIFIABLE,NOT ENOUGH INFO,Francois de Belleforest translated the works of Elena Ferrante.,"[[[225143, None, None, None]]]",Francois de Belleforest translated the works of Elena Ferrante.,francois de belleforest translated the works of elena ferrante.
176953,VERIFIABLE,SUPPORTS,Underworld's supporting character hunts Lycans.,"[[[205058, 213691, 'Underworld_-LRB-2003_film-RRB-', 3]]]",Underworld's supporting character hunts Lycans.,underworld's supporting character hunts lycans.
97157,VERIFIABLE,SUPPORTS,Willie Nelson joined his first band at sixteen.,"[[[114749, 128492, 'Willie_Nelson', 6]]]",Willie Nelson joined his first band at sixteen.,willie nelson joined his first band at sixteen.
71838,NOT VERIFIABLE,NOT ENOUGH INFO,Maggie Gyllenhaal is a Canadian.,"[[[88521, None, None, None]]]",Maggie Gyllenhaal is a Canadian.,maggie gyllenhaal is a canadian.
25265,NOT VERIFIABLE,NOT ENOUGH INFO,Rio de Janeiro is in hell.,"[[[41213, None, None, None]]]",Rio de Janeiro is in hell.,rio de janeiro is in hell.
203250,VERIFIABLE,SUPPORTS,Extreme environments can be caused by factors.,"[[[239740, 241490, 'Extreme_environment', 1]]]",Extreme environments can be caused by factors.,extreme environments can be caused by factors.
37069,VERIFIABLE,SUPPORTS,Eragon is a film starring a dragon.,"[[[105912, 119287, 'Eragon_-LRB-film-RRB-', 1]], [[109030, 122734, 'Eragon_-LRB-film-RRB-', 1]], [[110832, 124484, 'Eragon_-LRB-film-RRB-', 1]]]",Eragon is a film starring a dragon.,eragon is a film starring a dragon.
9473,VERIFIABLE,SUPPORTS,Bermuda is part of one of the largest empires in history.,"[[[24280, 30004, 'Bermuda', 7], [24280, 30004, 'Spanish_Empire', 0]]]",Bermuda is part of one of the largest empires in history.,bermuda is part of one of the largest empires in history.
119798,NOT VERIFIABLE,NOT ENOUGH INFO,A Perfect Circle is a Canadian supergroup.,"[[[283049, None, None, None], [285667, None, None, None], [331510, None, None, None], [332280, None, None, None]]]",A Perfect Circle is a Canadian supergroup.,a perfect circle is a canadian supergroup.
145671,VERIFIABLE,SUPPORTS,"Beverly Hills, 90210 addressed numerous topical issues such as date rape, gay rights, animal rights, alcoholism, drug abuse, domestic violence, sex, antisemitism, racism, teenage suicide, teenage pregnancy, and AIDS.","[[[169004, 182689, 'Beverly_Hills,_90210', 10]]]","Beverly Hills, 90210 addressed numerous topical issues such as date rape, gay rights, animal rights, alcoholism, drug abuse, domestic violence, sex, antisemitism, racism, teenage suicide, teenage pregnancy, and AIDS.","beverly hills, 90210 addressed numerous topical issues such as date rape, gay rights, animal rights, alcoholism, drug abuse, domestic violence, sex, antisemitism, racism, teenage suicide, teenage pregnancy, and aids."
125767,VERIFIABLE,REFUTES,All the Pretty Horses is an action film.,"[[[147564, 162576, 'All_the_Pretty_Horses_-LRB-film-RRB-', 0]]]",All the Pretty Horses is an action film.,all the pretty horses is an action film.
197988,NOT VERIFIABLE,NOT ENOUGH INFO,Pi is a rational number.,"[[[232756, None, None, None]]]",Pi is a rational number.,pi is a rational number.
228677,NOT VERIFIABLE,NOT ENOUGH INFO,How to Lose Friends & Alienate People stars an english actor.,"[[[272844, None, None, None]]]",How to Lose Friends & Alienate People stars an english actor.,how to lose friends & alienate people stars an english actor.
199140,VERIFIABLE,REFUTES,International Relations only includes the entertainment industry.,"[[[234140, 237053, 'International_relations', 9]], [[234140, 237054, 'International_relations', 10]]]",International Relations only includes the entertainment industry.,international relations only includes the entertainment industry.
116157,VERIFIABLE,REFUTES,True Detective is a TV show.,"[[[136460, 151250, 'True_Detective', 0]]]",True Detective is a TV show.,true detective is a tv show.
51732,NOT VERIFIABLE,NOT ENOUGH INFO,Jim Carrey is a singer.,"[[[68055, None, None, None]]]",Jim Carrey is a singer.,jim carrey is a singer.
226317,VERIFIABLE,REFUTES,Gift of the Night Fury stars the voice of an actor whose middle name is Brandon.,"[[[269821, 266025, 'Gift_of_the_Night_Fury', 6]]]",Gift of the Night Fury stars the voice of an actor whose middle name is Brandon.,gift of the night fury stars the voice of an actor whose middle name is brandon.
53423,VERIFIABLE,SUPPORTS,Jim Parsons stars in a show.,"[[[165282, 179391, 'Jim_Parsons', 1], [165282, 179391, 'The_Big_Bang_Theory', 0]], [[167490, 181291, 'Jim_Parsons', 1]], [[167491, 181292, 'Jim_Parsons', 1]], [[312368, 302171, 'Jim_Parsons', 1]], [[313576, 303148, 'Jim_Parsons', 1]]]",Jim Parsons stars in a show.,jim parsons stars in a show.
228881,NOT VERIFIABLE,NOT ENOUGH INFO,"Drama school offers a Bachelor of Arts, Bachelor of Fine Arts, or, occasionally, Bachelor of Science or Bachelor of Design. Graduate students may take a Master of Arts, Master of Science, Master of Fine Arts, Doctor of Arts, Doctor of Fine Arts, or Doctor of Philosophy degree.","[[[273090, None, None, None]]]","Drama school offers a Bachelor of Arts, Bachelor of Fine Arts, or, occasionally, Bachelor of Science or Bachelor of Design. Graduate students may take a Master of Arts, Master of Science, Master of Fine Arts, Doctor of Arts, Doctor of Fine Arts, or Doctor of Philosophy degree.","drama school offers a bachelor of arts, bachelor of fine arts, or, occasionally, bachelor of science or bachelor of design. graduate students may take a master of arts, master of science, master of fine arts, doctor of arts, doctor of fine arts, or doctor of philosophy degree."
146339,VERIFIABLE,SUPPORTS,Tony Blair is a leader of the Labour Party.,"[[[169828, 183414, 'Tony_Blair', 1]], [[169828, 183415, 'Tony_Blair', 0]], [[169828, 183416, 'Tony_Blair', 5]], [[169828, 183417, 'Tony_Blair', 6], [169828, 183417, 'Labour_Party_-LRB-UK-RRB-', 0]], [[169828, 183418, 'Tony_Blair', 14]], [[169828, 183419, 'Tony_Blair', 26]]]",Tony Blair is a leader of the Labour Party.,tony blair is a leader of the labour party.
196240,VERIFIABLE,SUPPORTS,The Prince of Egypt takes place in Egypt.,"[[[230581, 234236, 'The_Prince_of_Egypt', 1]]]",The Prince of Egypt takes place in Egypt.,the prince of egypt takes place in egypt.
205926,VERIFIABLE,REFUTES,Cosmopolitan as of 2011 contains content which includes articles on home decor.,"[[[243363, 244588, 'Cosmopolitan_-LRB-magazine-RRB-', 2]]]",Cosmopolitan as of 2011 contains content which includes articles on home decor.,cosmopolitan as of 2011 contains content which includes articles on home decor.
52955,VERIFIABLE,SUPPORTS,Feels So Good was written by a man.,"[[[69241, 80013, 'Feels_So_Good_-LRB-Mel_B_song-RRB-', 1]]]",Feels So Good was written by a man.,feels so good was written by a man.
78658,VERIFIABLE,SUPPORTS,Scanline VFX created the train crash sequence in The Avengers.,"[[[97673, 110821, 'Scanline_VFX', 12], [97673, 110821, 'Scanline_VFX', 0]]]",Scanline VFX created the train crash sequence in The Avengers.,scanline vfx created the train crash sequence in the avengers.
128652,NOT VERIFIABLE,NOT ENOUGH INFO,Deadpool won an award.,"[[[150685, None, None, None]]]",Deadpool won an award.,deadpool won an award.
126697,NOT VERIFIABLE,NOT ENOUGH INFO,Christina Aguilera is afraid to be on television.,"[[[148548, None, None, None]]]",Christina Aguilera is afraid to be on television.,christina aguilera is afraid to be on television.
115622,VERIFIABLE,REFUTES,Christina Aguilera is afraid to be on television.,"[[[135728, 150577, 'Christina_Aguilera', 0]], [[135728, 150578, 'Christina_Aguilera', 1]], [[135728, 150579, 'Christina_Aguilera', 8]]]",Christina Aguilera is afraid to be on television.,christina aguilera is afraid to be on television.
113768,VERIFIABLE,SUPPORTS,Taiwan is a nation.,"[[[133676, 148541, 'Taiwan', 0]]]",Taiwan is a nation.,taiwan is a nation.
133399,NOT VERIFIABLE,NOT ENOUGH INFO,Sally Field was in Mordor.,"[[[155944, None, None, None]]]",Sally Field was in Mordor.,sally field was in mordor.
157621,VERIFIABLE,SUPPORTS,Claudia Leitte is on TV.,"[[[181832, 194106, 'Claudia_Leitte', 0]], [[181832, 194107, 'Claudia_Leitte', 13]]]",Claudia Leitte is on TV.,claudia leitte is on tv.
34208,NOT VERIFIABLE,NOT ENOUGH INFO,Pregnancy symptoms include various ailments.,"[[[50328, None, None, None]]]",Pregnancy symptoms include various ailments.,pregnancy symptoms include various ailments.
199049,NOT VERIFIABLE,NOT ENOUGH INFO,International Relations includes animals.,"[[[234030, None, None, None]]]",International Relations includes animals.,international relations includes animals.
100376,VERIFIABLE,SUPPORTS,Little Mix is a band.,"[[[118044, 131903, 'Little_Mix', 0]]]",Little Mix is a band.,little mix is a band.
126203,NOT VERIFIABLE,NOT ENOUGH INFO,Saturn is a Christian state.,"[[[148048, None, None, None]]]",Saturn is a Christian state.,saturn is a christian state.
79528,VERIFIABLE,REFUTES,Natasha Richardson starred in The Handmaid's Tale.,"[[[96481, 109651, 'Natasha_Richardson', 0], [96481, 109651, ""The_Handmaid's_Tale_-LRB-TV_series-RRB-"", 1]]]",Natasha Richardson starred in The Handmaid's Tale.,natasha richardson starred in the handmaid's tale.
194075,NOT VERIFIABLE,NOT ENOUGH INFO,Duane Hopwood includes Ryan Gosling.,"[[[227274, None, None, None]]]",Duane Hopwood includes Ryan Gosling.,duane hopwood includes ryan gosling.
47854,VERIFIABLE,SUPPORTS,Lightning rod are called air terminals.,"[[[64229, 74973, 'Lightning_rod', 2]]]",Lightning rod are called air terminals.,lightning rod are called air terminals.
199141,VERIFIABLE,REFUTES,International Relations only includes the entertainment industry.,"[[[234141, 237055, 'International_relations', 0]], [[234141, 237056, 'International_relations', 1]], [[234141, 237057, 'International_relations', 2]], [[234141, 237058, 'International_relations', 9]], [[234141, 237059, 'International_relations', 10]]]",International Relations only includes the entertainment industry.,international relations only includes the entertainment industry.
39932,VERIFIABLE,REFUTES,Apple Inc.'s consumer software includes dead people.,"[[[58915, 69230, 'Apple_Inc.', 2]]]",Apple Inc.'s consumer software includes dead people.,apple inc.'s consumer software includes dead people.
184927,VERIFIABLE,REFUTES,Winnipeg is home to the Parliament of Canada.,"[[[215480, 222352, 'Winnipeg', 0], [215480, 222352, 'Parliament_of_Canada', 0]]]",Winnipeg is home to the Parliament of Canada.,winnipeg is home to the parliament of canada.
196228,VERIFIABLE,SUPPORTS,The Prince of Egypt is a creative work.,"[[[230564, 234220, 'The_Prince_of_Egypt', 0]], [[230564, 234221, 'The_Prince_of_Egypt', 12]]]",The Prince of Egypt is a creative work.,the prince of egypt is a creative work.
209502,NOT VERIFIABLE,NOT ENOUGH INFO,Sleep can be disrupted by sleep paralysis.,"[[[248041, None, None, None]]]",Sleep can be disrupted by sleep paralysis.,sleep can be disrupted by sleep paralysis.
146373,NOT VERIFIABLE,NOT ENOUGH INFO,Elephants have been featured in places.,"[[[169863, None, None, None]]]",Elephants have been featured in places.,elephants have been featured in places.
51641,VERIFIABLE,REFUTES,"Red Headed Stranger contained the movie ""Time of the Preacher.""","[[[67985, 78846, 'Red_Headed_Stranger', 21]]]","Red Headed Stranger contained the movie ""Time of the Preacher.""","red headed stranger contained the movie ""time of the preacher."""
112384,VERIFIABLE,REFUTES,Doctor Who was written by the Ancient Greeks.,"[[[133525, 148379, 'Doctor_Who_-LRB-series_10-RRB-', 1]]]",Doctor Who was written by the Ancient Greeks.,doctor who was written by the ancient greeks.
107376,VERIFIABLE,REFUTES,The Supernatural pilot was written by David Nutter.,"[[[126040, 140445, 'Pilot_-LRB-Supernatural-RRB-', 1]]]",The Supernatural pilot was written by David Nutter.,the supernatural pilot was written by david nutter.
56416,VERIFIABLE,SUPPORTS,Boromir is mentioned in The Lord of the Rings series.,"[[[72770, 83832, 'Boromir', 1]], [[72770, 83833, 'Boromir', 4], [72770, 83833, 'The_Fellowship_of_the_Ring', 0]], [[72770, 83834, 'Boromir', 10], [72770, 83834, 'Rivendell', 0], [72770, 83834, 'Sauron', 0]]]",Boromir is mentioned in The Lord of the Rings series.,boromir is mentioned in the lord of the rings series.
92700,VERIFIABLE,REFUTES,Elephants have been featured in status reports.,"[[[110015, 123640, 'Elephant', 33]]]",Elephants have been featured in status reports.,elephants have been featured in status reports.
191193,NOT VERIFIABLE,NOT ENOUGH INFO,James Bryant Conant wrote The Education of American Teachers.,"[[[223529, None, None, None]]]",James Bryant Conant wrote The Education of American Teachers.,james bryant conant wrote the education of american teachers.
187717,VERIFIABLE,SUPPORTS,United Kingdom is a member of the United Nations.,"[[[219033, 225168, 'United_Kingdom', 36]]]",United Kingdom is a member of the United Nations.,united kingdom is a member of the united nations.
108789,VERIFIABLE,REFUTES,Socrates was a founder of Eastern philosophy.,"[[[127641, 142233, 'Socrates', 0]], [[127641, 142234, 'Socrates', 7]]]",Socrates was a founder of Eastern philosophy.,socrates was a founder of eastern philosophy.
137151,VERIFIABLE,SUPPORTS,Burundi is a sovereign state.,"[[[159910, 174417, 'Burundi', 13]]]",Burundi is a sovereign state.,burundi is a sovereign state.
192422,NOT VERIFIABLE,NOT ENOUGH INFO,Francois de Belleforest translated the works of Elena Ferrante.,"[[[225091, None, None, None], [225094, None, None, None]]]",Francois de Belleforest translated the works of Elena Ferrante.,francois de belleforest translated the works of elena ferrante.
163367,NOT VERIFIABLE,NOT ENOUGH INFO,Ilkhanate contained large amounts of territory.,"[[[298555, None, None, None], [344203, None, None, None]]]",Ilkhanate contained large amounts of territory.,ilkhanate contained large amounts of territory.
152633,VERIFIABLE,SUPPORTS,Beauty Shop stars a human.,"[[[176571, 189514, 'Beauty_Shop', 1], [176571, 189514, 'Queen_Latifah', 0], [176571, 189514, 'Queen_Latifah', 1], [176571, 189514, 'Beauty_Shop', 0]], [[176571, 189515, 'Beauty_Shop', 2], [176571, 189515, 'Alicia_Silverstone', 0], [176571, 189515, 'Andie_MacDowell', 0], [176571, 189515, 'Djimon_Hounsou', 0], [176571, 189515, 'Kevin_Bacon', 0], [176571, 189515, 'Mena_Suvari', 0], [176571, 189515, 'Beauty_Shop', 0]]]",Beauty Shop stars a human.,beauty shop stars a human.
127944,NOT VERIFIABLE,NOT ENOUGH INFO,Germans emigrated to Iceland.,"[[[149924, None, None, None], [149929, None, None, None]]]",Germans emigrated to Iceland.,germans emigrated to iceland.
163384,NOT VERIFIABLE,NOT ENOUGH INFO,"Ilkhanate contained Iran, Iraq, Armenia, Azerbaijan, Georgia, Turkmenistan, Turkey, western Afghanistan, and southwestern Pakistan.","[[[187944, None, None, None]]]","Ilkhanate contained Iran, Iraq, Armenia, Azerbaijan, Georgia, Turkmenistan, Turkey, western Afghanistan, and southwestern Pakistan.","ilkhanate contained iran, iraq, armenia, azerbaijan, georgia, turkmenistan, turkey, western afghanistan, and southwestern pakistan."
188712,NOT VERIFIABLE,NOT ENOUGH INFO,Crash starred a Canadian actor.,"[[[220293, None, None, None]]]",Crash starred a Canadian actor.,crash starred a canadian actor.
199017,NOT VERIFIABLE,NOT ENOUGH INFO,International Relations includes the U.N.,"[[[233997, None, None, None]]]",International Relations includes the U.N.,international relations includes the u.n.
209550,VERIFIABLE,SUPPORTS,"Sleep can be disrupted by dyssomnia, insomnia, hypersomnia, narcolepsy, sleep apnea, parasomnia, sleepwalking, REM behavior disorder, bruxism, and circadian rhythm sleep disorders.","[[[248108, 248352, 'Sleep', 13]], [[248110, 248353, 'Sleep', 13]]]","Sleep can be disrupted by dyssomnia, insomnia, hypersomnia, narcolepsy, sleep apnea, parasomnia, sleepwalking, REM behavior disorder, bruxism, and circadian rhythm sleep disorders.","sleep can be disrupted by dyssomnia, insomnia, hypersomnia, narcolepsy, sleep apnea, parasomnia, sleepwalking, rem behavior disorder, bruxism, and circadian rhythm sleep disorders."
98481,VERIFIABLE,SUPPORTS,"Beverly Hills, 90210 addressed numerous topical issues such as date rape, gay rights, animal rights, alcoholism, drug abuse, domestic violence, sex, antisemitism, racism, teenage suicide, teenage pregnancy, and AIDS.","[[[116132, 130050, 'Beverly_Hills,_90210', 10]]]","Beverly Hills, 90210 addressed numerous topical issues such as date rape, gay rights, animal rights, alcoholism, drug abuse, domestic violence, sex, antisemitism, racism, teenage suicide, teenage pregnancy, and AIDS.","beverly hills, 90210 addressed numerous topical issues such as date rape, gay rights, animal rights, alcoholism, drug abuse, domestic violence, sex, antisemitism, racism, teenage suicide, teenage pregnancy, and aids."
54362,VERIFIABLE,SUPPORTS,Ringo Starr released the album Back Off Boogaloo.,"[[[70720, 81597, 'Ringo_Starr', 15]]]",Ringo Starr released the album Back Off Boogaloo.,ringo starr released the album back off boogaloo.
87555,NOT VERIFIABLE,NOT ENOUGH INFO,Appian Way Productions is in a box.,"[[[104747, None, None, None]]]",Appian Way Productions is in a box.,appian way productions is in a box.
99403,NOT VERIFIABLE,NOT ENOUGH INFO,David Carradine was a dancer.,"[[[276331, None, None, None], [278575, None, None, None], [280412, None, None, None], [326503, None, None, None], [326505, None, None, None]]]",David Carradine was a dancer.,david carradine was a dancer.
63347,NOT VERIFIABLE,NOT ENOUGH INFO,Josh Homme has been involved with things.,"[[[79767, None, None, None]]]",Josh Homme has been involved with things.,josh homme has been involved with things.
70572,NOT VERIFIABLE,NOT ENOUGH INFO,"Eminem sings ""Lose Yourself.""","[[[87244, None, None, None]]]","Eminem sings ""Lose Yourself.""","eminem sings ""lose yourself."""
20018,NOT VERIFIABLE,NOT ENOUGH INFO,Asia is landlocked.,"[[[35829, None, None, None]]]",Asia is landlocked.,asia is landlocked.
142788,NOT VERIFIABLE,NOT ENOUGH INFO,"Views had the album ""Pop Style.""","[[[165845, None, None, None]]]","Views had the album ""Pop Style.""","views had the album ""pop style."""
47575,VERIFIABLE,REFUTES,Helike was a Roman city.,"[[[63885, 74596, 'Helike', 0]]]",Helike was a Roman city.,helike was a roman city.
198154,VERIFIABLE,SUPPORTS,Julie Walters was in series.,"[[[232974, 236009, 'Julie_Walters', 8]]]",Julie Walters was in series.,julie walters was in series.
214202,VERIFIABLE,SUPPORTS,Syria includes various ethnic groups.,"[[[254291, 254006, 'Syria', 4]]]",Syria includes various ethnic groups.,syria includes various ethnic groups.
170352,NOT VERIFIABLE,NOT ENOUGH INFO,Juris Doctor is earned by completing law school.,"[[[196529, None, None, None]]]",Juris Doctor is earned by completing law school.,juris doctor is earned by completing law school.
197213,VERIFIABLE,REFUTES,Omar Sharif was fluent exclusively in Hebrew.,"[[[231774, 235143, 'Omar_Sharif', 7]], [[231775, 235144, 'Omar_Sharif', 7]]]",Omar Sharif was fluent exclusively in Hebrew.,omar sharif was fluent exclusively in hebrew.
174239,VERIFIABLE,REFUTES,Oliver Reed was in a movie in 1936.,"[[[201365, 210825, 'Oliver_Reed', 0]], [[201371, 210829, 'Oliver_Reed', 0]]]",Oliver Reed was in a movie in 1936.,oliver reed was in a movie in 1936.
186145,VERIFIABLE,SUPPORTS,There are bodies of water in Ontario.,"[[[217070, 223704, 'Ontario', 8]], [[217071, 223705, 'Ontario', 8]]]",There are bodies of water in Ontario.,there are bodies of water in ontario.
176518,VERIFIABLE,SUPPORTS,Sunrise created anime.,"[[[204467, 213246, 'Sunrise_-LRB-company-RRB-', 6]], [[204467, 213247, 'Sunrise_-LRB-company-RRB-', 7], [204467, 213247, 'Gin_Tama', 5]], [[204467, 213248, 'Sunrise_-LRB-company-RRB-', 19]]]",Sunrise created anime.,sunrise created anime.
191177,VERIFIABLE,SUPPORTS,James Bryant Conant wrote The Education of American Teachers.,"[[[225616, 230246, 'James_Bryant_Conant', 23]]]",James Bryant Conant wrote The Education of American Teachers.,james bryant conant wrote the education of american teachers.
144174,NOT VERIFIABLE,NOT ENOUGH INFO,George Foreman worked.,"[[[167344, None, None, None]]]",George Foreman worked.,george foreman worked.
214216,VERIFIABLE,SUPPORTS,Syria includes various ethnic groups.,"[[[254312, 254022, 'Syria', 4]]]",Syria includes various ethnic groups.,syria includes various ethnic groups.
37124,NOT VERIFIABLE,NOT ENOUGH INFO,Clint Eastwood is a person.,"[[[53340, None, None, None]]]",Clint Eastwood is a person.,clint eastwood is a person.
39057,VERIFIABLE,REFUTES,Brigitte Macron is a high-school principal.,"[[[55289, 65344, 'Brigitte_Macron', 0]]]",Brigitte Macron is a high-school principal.,brigitte macron is a high-school principal.
226214,NOT VERIFIABLE,NOT ENOUGH INFO,Gift of the Night Fury exclusively stars the voices of people from Kenya.,"[[[269692, None, None, None]]]",Gift of the Night Fury exclusively stars the voices of people from Kenya.,gift of the night fury exclusively stars the voices of people from kenya.
176977,NOT VERIFIABLE,NOT ENOUGH INFO,Underworld's supporting character is named Selene.,"[[[206624, None, None, None]]]",Underworld's supporting character is named Selene.,underworld's supporting character is named selene.
54971,VERIFIABLE,REFUTES,Wyatt Earp was British.,"[[[71324, 82259, 'Wyatt_Earp', 0]]]",Wyatt Earp was British.,wyatt earp was british.
177617,NOT VERIFIABLE,NOT ENOUGH INFO,Fences stars Emma Stone.,"[[[205866, None, None, None]]]",Fences stars Emma Stone.,fences stars emma stone.
85938,VERIFIABLE,SUPPORTS,Connie Britton played a role in American Crime Story.,"[[[103100, 116423, 'Connie_Britton', 15]]]",Connie Britton played a role in American Crime Story.,connie britton played a role in american crime story.
177890,VERIFIABLE,SUPPORTS,Sophie Turner starred in a film.,"[[[206192, 214616, 'Sophie_Turner', 5], [206192, 214616, 'Another_Me_-LRB-film-RRB-', 0]], [[206192, 214617, 'Sophie_Turner', 6], [206192, 214617, 'Barely_Lethal', 0]]]",Sophie Turner starred in a film.,sophie turner starred in a film.
226366,NOT VERIFIABLE,NOT ENOUGH INFO,Gift of the Night Fury stars actors and actresses with no middle name.,"[[[269883, None, None, None]]]",Gift of the Night Fury stars actors and actresses with no middle name.,gift of the night fury stars actors and actresses with no middle name.
208954,NOT VERIFIABLE,NOT ENOUGH INFO,Funny or Die produces The Late Show.,"[[[247337, None, None, None]]]",Funny or Die produces The Late Show.,funny or die produces the late show.
59811,NOT VERIFIABLE,NOT ENOUGH INFO,Dopamine is a gas.,"[[[76263, None, None, None]]]",Dopamine is a gas.,dopamine is a gas.
187702,NOT VERIFIABLE,NOT ENOUGH INFO,United Kingdom is a member of the United Nations.,"[[[219014, None, None, None]]]",United Kingdom is a member of the United Nations.,united kingdom is a member of the united nations.
186130,VERIFIABLE,REFUTES,There are zero bodies of water in Ontario.,"[[[217052, 223691, 'Ontario', 8]]]",There are zero bodies of water in Ontario.,there are zero bodies of water in ontario.
30070,NOT VERIFIABLE,NOT ENOUGH INFO,The Proposal stars Jim Gaffigan.,"[[[46190, None, None, None]]]",The Proposal stars Jim Gaffigan.,the proposal stars jim gaffigan.
97316,NOT VERIFIABLE,NOT ENOUGH INFO,Seven Days in May stars Robert Pattinson.,"[[[114953, None, None, None]]]",Seven Days in May stars Robert Pattinson.,seven days in may stars robert pattinson.
223114,NOT VERIFIABLE,NOT ENOUGH INFO,Your Highness stars a bird.,"[[[265770, None, None, None]]]",Your Highness stars a bird.,your highness stars a bird.
94347,NOT VERIFIABLE,NOT ENOUGH INFO,Jim Rash is a brand name.,"[[[111774, None, None, None]]]",Jim Rash is a brand name.,jim rash is a brand name.
123706,VERIFIABLE,SUPPORTS,Clint Eastwood is a person.,"[[[145207, 160197, 'Clint_Eastwood', 0]], [[145207, 160198, 'Clint_Eastwood', 1]], [[145207, 160199, 'Clint_Eastwood', 2]], [[145207, 160200, 'Clint_Eastwood', 5]], [[145207, 160201, 'Clint_Eastwood', 10]], [[145207, 160202, 'Clint_Eastwood', 14]], [[145207, 160203, 'Clint_Eastwood', 15]], [[145207, 160204, 'Clint_Eastwood', 16]], [[145207, 160205, 'Clint_Eastwood', 19]], [[145207, 160206, 'Clint_Eastwood', 20]]]",Clint Eastwood is a person.,clint eastwood is a person.
102893,NOT VERIFIABLE,NOT ENOUGH INFO,Frank Ocean was denied American citizenship.,"[[[279069, None, None, None], [279070, None, None, None], [327242, None, None, None], [328567, None, None, None], [328570, None, None, None]]]",Frank Ocean was denied American citizenship.,frank ocean was denied american citizenship.
176531,VERIFIABLE,SUPPORTS,Sunrise created anime.,"[[[204480, 213253, 'Sunrise_-LRB-company-RRB-', 19]], [[204486, 213256, 'Sunrise_-LRB-company-RRB-', 6]]]",Sunrise created anime.,sunrise created anime.
216043,NOT VERIFIABLE,NOT ENOUGH INFO,The 19th G7 summit included Mexico.,"[[[256674, None, None, None]]]",The 19th G7 summit included Mexico.,the 19th g7 summit included mexico.
137932,NOT VERIFIABLE,NOT ENOUGH INFO,Egypt is a member of the Boys and Girls Club.,"[[[160687, None, None, None]]]",Egypt is a member of the Boys and Girls Club.,egypt is a member of the boys and girls club.
185670,VERIFIABLE,SUPPORTS,Ben Whishaw was in a stage production.,"[[[216492, 223187, 'Ben_Whishaw', 1]]]",Ben Whishaw was in a stage production.,ben whishaw was in a stage production.
199085,NOT VERIFIABLE,NOT ENOUGH INFO,International Relations includes the U.N.,"[[[234072, None, None, None]]]",International Relations includes the U.N.,international relations includes the u.n.
215157,VERIFIABLE,REFUTES,James and the Giant Peach was a silent animated film.,"[[[255505, 254954, 'James_and_the_Giant_Peach_-LRB-film-RRB-', 3]]]",James and the Giant Peach was a silent animated film.,james and the giant peach was a silent animated film.
209464,NOT VERIFIABLE,NOT ENOUGH INFO,Unleashed stars Jackie Chan.,"[[[247981, None, None, None], [247983, None, None, None]]]",Unleashed stars Jackie Chan.,unleashed stars jackie chan.
207917,VERIFIABLE,SUPPORTS,Edgar Award honors the best.,"[[[245972, 246609, 'Edgar_Award', 1]]]",Edgar Award honors the best.,edgar award honors the best.
152012,VERIFIABLE,REFUTES,The 2013 NBA draft was not held in New York.,"[[[175959, 188929, '2013_NBA_draft', 0]]]",The 2013 NBA draft was not held in New York.,the 2013 nba draft was not held in new york.
199006,VERIFIABLE,REFUTES,International Relations only includes the entertainment industry.,"[[[233985, 236879, 'International_relations', 0]], [[233985, 236880, 'International_relations', 1]], [[233985, 236881, 'International_relations', 2]], [[233985, 236882, 'International_relations', 5]], [[233985, 236883, 'International_relations', 6]], [[233985, 236884, 'International_relations', 9]], [[233985, 236885, 'International_relations', 10]]]",International Relations only includes the entertainment industry.,international relations only includes the entertainment industry.
104784,VERIFIABLE,REFUTES,Cirrhosis can cause blue skin.,"[[[123135, 137474, 'Cirrhosis', 4]]]",Cirrhosis can cause blue skin.,cirrhosis can cause blue skin.
86680,VERIFIABLE,REFUTES,Anti-nuclear antibodies has zero subtypes.,"[[[103834, 117331, 'Anti-nuclear_antibody', 5]]]",Anti-nuclear antibodies has zero subtypes.,anti-nuclear antibodies has zero subtypes.
214896,VERIFIABLE,SUPPORTS,History of art includes aesthetics.,"[[[255176, 254663, 'History_of_art', 0], [255176, 254663, 'Aesthetics', 0]]]",History of art includes aesthetics.,history of art includes aesthetics.
68033,VERIFIABLE,REFUTES,Land Rover lacks the ability to make cars.,"[[[84636, 96834, 'Land_Rover', 0]]]",Land Rover lacks the ability to make cars.,land rover lacks the ability to make cars.
79193,NOT VERIFIABLE,NOT ENOUGH INFO,A block is also called a dead body.,"[[[96147, None, None, None]]]",A block is also called a dead body.,a block is also called a dead body.
200415,NOT VERIFIABLE,NOT ENOUGH INFO,"Snoop Dogg has the albums Da Game Is to Be Sold, Not to Be Told and No Limit Top Dogg.","[[[235753, None, None, None]]]","Snoop Dogg has the albums Da Game Is to Be Sold, Not to Be Told and No Limit Top Dogg.","snoop dogg has the albums da game is to be sold, not to be told and no limit top dogg."
132154,VERIFIABLE,REFUTES,The Great Gatsby explores themes of dogs.,"[[[154575, 169297, 'The_Great_Gatsby', 2]]]",The Great Gatsby explores themes of dogs.,the great gatsby explores themes of dogs.
203986,VERIFIABLE,SUPPORTS,"Laura Linney was in Lorenzo's Oil, You Can Count on Me (2000), Kinsey (2004) and The Savages (2007), Primal Fear (1996), The Truman Show (1998), Mystic River (2003), Love Actually (2003) and The Squid and the Whale (2005).","[[[240784, 242397, 'Laura_Linney', 8]], [[240784, 242398, 'Laura_Linney', 7]]]","Laura Linney was in Lorenzo's Oil, You Can Count on Me (2000), Kinsey (2004) and The Savages (2007), Primal Fear (1996), The Truman Show (1998), Mystic River (2003), Love Actually (2003) and The Squid and the Whale (2005).","laura linney was in lorenzo's oil, you can count on me (2000), kinsey (2004) and the savages (2007), primal fear (1996), the truman show (1998), mystic river (2003), love actually (2003) and the squid and the whale (2005)."
179243,NOT VERIFIABLE,NOT ENOUGH INFO,Up All Night is One Direction's debut album.,"[[[207949, None, None, None]]]",Up All Night is One Direction's debut album.,up all night is one direction's debut album.
146052,NOT VERIFIABLE,NOT ENOUGH INFO,Janet Varney is a German.,"[[[292267, None, None, None], [294277, None, None, None], [294278, None, None, None], [294285, None, None, None], [339577, None, None, None], [339579, None, None, None]]]",Janet Varney is a German.,janet varney is a german.
191823,VERIFIABLE,REFUTES,German is a Western Romance Language.,"[[[224347, 229212, 'Western_Romance_languages', 0], [224347, 229212, 'German_language', 0]]]",German is a Western Romance Language.,german is a western romance language.
171942,NOT VERIFIABLE,NOT ENOUGH INFO,Warm Leatherette is by a government official.,"[[[198414, None, None, None]]]",Warm Leatherette is by a government official.,warm leatherette is by a government official.
221833,NOT VERIFIABLE,NOT ENOUGH INFO,Tamera Mowry portrayed Tia Campbell.,"[[[264173, None, None, None]]]",Tamera Mowry portrayed Tia Campbell.,tamera mowry portrayed tia campbell.
191778,VERIFIABLE,REFUTES,German is a Western Romance Language.,"[[[224296, 229130, 'Western_Romance_languages', 0], [224296, 229130, 'German_language', 0]]]",German is a Western Romance Language.,german is a western romance language.
7875,NOT VERIFIABLE,NOT ENOUGH INFO,Ethiopia is a state.,"[[[12880, None, None, None]]]",Ethiopia is a state.,ethiopia is a state.
209822,VERIFIABLE,REFUTES,Patch Adams (film) is the name of a film University.,"[[[248482, 248655, 'Patch_Adams_-LRB-film-RRB-', 0]]]",Patch Adams (film) is the name of a film University.,patch adams (film) is the name of a film university.
203260,VERIFIABLE,SUPPORTS,Extreme environments can be caused by a variety of factors that push equilibrium off.,"[[[239754, 241498, 'Extreme_environment', 1]]]",Extreme environments can be caused by a variety of factors that push equilibrium off.,extreme environments can be caused by a variety of factors that push equilibrium off.
198138,VERIFIABLE,SUPPORTS,Julie Walters was in series.,"[[[232959, 236003, 'Julie_Walters', 8]]]",Julie Walters was in series.,julie walters was in series.
193504,NOT VERIFIABLE,NOT ENOUGH INFO,Maisie Williams stars in Game of Thrones.,"[[[226575, None, None, None]]]",Maisie Williams stars in Game of Thrones.,maisie williams stars in game of thrones.
199082,VERIFIABLE,REFUTES,International Relations only includes the entertainment industry.,"[[[234068, 236960, 'International_relations', 0]]]",International Relations only includes the entertainment industry.,international relations only includes the entertainment industry.
198984,VERIFIABLE,SUPPORTS,International Relations includes many subject matters.,"[[[233965, 236843, 'International_relations', 10]], [[233965, 236844, 'International_relations', 9]], [[233965, 236845, 'International_relations', 2]], [[233965, 236846, 'International_relations', 0]], [[233965, 236847, 'International_relations', 1]]]",International Relations includes many subject matters.,international relations includes many subject matters.
179653,VERIFIABLE,REFUTES,Michael Giacchino composed the score for Dunkirk.,"[[[208506, 216516, 'Michael_Giacchino', 1]]]",Michael Giacchino composed the score for Dunkirk.,michael giacchino composed the score for dunkirk.
101743,VERIFIABLE,REFUTES,Portal 2 was only released for PlayStation 4.,"[[[119473, 133485, 'Portal_2', 1]], [[119473, 133486, 'Portal_2', 2]]]",Portal 2 was only released for PlayStation 4.,portal 2 was only released for playstation 4.
206877,VERIFIABLE,REFUTES,Ayutthaya refused all foreigners.,"[[[246676, 247144, 'Ayutthaya_Kingdom', 1]]]",Ayutthaya refused all foreigners.,ayutthaya refused all foreigners.
14142,NOT VERIFIABLE,NOT ENOUGH INFO,Galaxy Quest is a horror movie.,"[[[29409, None, None, None]]]",Galaxy Quest is a horror movie.,galaxy quest is a horror movie.
145511,VERIFIABLE,SUPPORTS,Northeast megalopolis includes cities.,"[[[168837, 182542, 'Northeast_megalopolis', 1]], [[168838, 182543, 'Northeast_megalopolis', 1]]]",Northeast megalopolis includes cities.,northeast megalopolis includes cities.
62315,VERIFIABLE,SUPPORTS,Vincent Cassel starred in Ocean's Thirteen.,"[[[78763, 90335, 'Vincent_Cassel', 0]]]",Vincent Cassel starred in Ocean's Thirteen.,vincent cassel starred in ocean's thirteen.
203933,NOT VERIFIABLE,NOT ENOUGH INFO,Laura Linney was on the Titanic.,"[[[240744, None, None, None]]]",Laura Linney was on the Titanic.,laura linney was on the titanic.
228661,NOT VERIFIABLE,NOT ENOUGH INFO,How to Lose Friends & Alienate People stars an english actor.,"[[[272824, None, None, None]]]",How to Lose Friends & Alienate People stars an english actor.,how to lose friends & alienate people stars an english actor.
13454,NOT VERIFIABLE,NOT ENOUGH INFO,A person was a music video director.,"[[[28700, None, None, None]]]",A person was a music video director.,a person was a music video director.
116455,VERIFIABLE,REFUTES,Dopamine is released by ions.,"[[[33464, 40608, 'Dopamine', 5]]]",Dopamine is released by ions.,dopamine is released by ions.
129545,VERIFIABLE,SUPPORTS,Empress Matilda married the future pope.,"[[[151759, 166492, 'Empress_Matilda', 1]]]",Empress Matilda married the future pope.,empress matilda married the future pope.
218600,NOT VERIFIABLE,NOT ENOUGH INFO,Transformers: The Last Knight stars Tom Cruise.,"[[[259887, None, None, None]]]",Transformers: The Last Knight stars Tom Cruise.,transformers: the last knight stars tom cruise.
127708,NOT VERIFIABLE,NOT ENOUGH INFO,Zach Galifianakis starred in The Matrix.,"[[[286611, None, None, None], [288372, None, None, None], [288779, None, None, None], [333584, None, None, None], [334842, None, None, None]]]",Zach Galifianakis starred in The Matrix.,zach galifianakis starred in the matrix.
191826,VERIFIABLE,REFUTES,German is a Western Romance Language.,"[[[224351, 229214, 'Western_Romance_languages', 0], [224351, 229214, 'German_language', 0]]]",German is a Western Romance Language.,german is a western romance language.
219244,NOT VERIFIABLE,NOT ENOUGH INFO,Robert Browning was a film director.,"[[[260835, None, None, None]]]",Robert Browning was a film director.,robert browning was a film director.
74708,VERIFIABLE,SUPPORTS,Jack Black starred in Gulliver's Travels.,"[[[238230, 240327, 'Jack_Black', 2]], [[241790, 243340, 'Jack_Black', 2]], [[319049, 307847, 'Jack_Black', 2]], [[320312, 308921, 'Jack_Black', 2]]]",Jack Black starred in Gulliver's Travels.,jack black starred in gulliver's travels.
127824,VERIFIABLE,SUPPORTS,Prometheus is a science-fiction horror film that involves aliens.,"[[[149806, 164744, 'Prometheus_-LRB-2012_film-RRB-', 0], [149806, 164744, 'Prometheus_-LRB-2012_film-RRB-', 5], [149806, 164744, 'Prometheus_-LRB-2012_film-RRB-', 10]]]",Prometheus is a science-fiction horror film that involves aliens.,prometheus is a science-fiction horror film that involves aliens.
69708,VERIFIABLE,SUPPORTS,Tokyo Ghoul has a character.,"[[[86398, 98803, 'Tokyo_Ghoul_-LRB-film-RRB-', 1]]]",Tokyo Ghoul has a character.,tokyo ghoul has a character.
89244,VERIFIABLE,REFUTES,Logan is a magazine.,"[[[106463, 119883, 'Logan_-LRB-film-RRB-', 0]]]",Logan is a magazine.,logan is a magazine.
35038,NOT VERIFIABLE,NOT ENOUGH INFO,The Walt Disney Company owns Nickelodeon.,"[[[51230, None, None, None]]]",The Walt Disney Company owns Nickelodeon.,the walt disney company owns nickelodeon.
56956,NOT VERIFIABLE,NOT ENOUGH INFO,Athletics at the Summer Olympics includes field events.,"[[[77306, None, None, None]]]",Athletics at the Summer Olympics includes field events.,athletics at the summer olympics includes field events.
52227,VERIFIABLE,REFUTES,"Tyler, The Creator died as Tyler Gregory Okonma.","[[[68533, 79394, 'Tyler,_The_Creator', 0]]]","Tyler, The Creator died as Tyler Gregory Okonma.","tyler, the creator died as tyler gregory okonma."
157409,VERIFIABLE,REFUTES,Appian Way Productions was established by a murderer.,"[[[181594, 193841, 'Appian_Way_Productions', 0]]]",Appian Way Productions was established by a murderer.,appian way productions was established by a murderer.
203294,NOT VERIFIABLE,NOT ENOUGH INFO,Extreme environments can be caused by factors.,"[[[239792, None, None, None]]]",Extreme environments can be caused by factors.,extreme environments can be caused by factors.
155886,NOT VERIFIABLE,NOT ENOUGH INFO,Taiwan is a nation.,"[[[179950, None, None, None]]]",Taiwan is a nation.,taiwan is a nation.
55019,NOT VERIFIABLE,NOT ENOUGH INFO,Bradley Cooper is a director.,"[[[71369, None, None, None]]]",Bradley Cooper is a director.,bradley cooper is a director.
85246,VERIFIABLE,REFUTES,Lee Majors is a dead body.,"[[[102350, 115621, 'Lee_Majors', 0]]]",Lee Majors is a dead body.,lee majors is a dead body.
46530,VERIFIABLE,SUPPORTS,Taylor Kitsch only worked on the 2012 film Savages.,"[[[62850, 73504, 'Taylor_Kitsch', 1]]]",Taylor Kitsch only worked on the 2012 film Savages.,taylor kitsch only worked on the 2012 film savages.
191202,VERIFIABLE,SUPPORTS,James Bryant Conant wrote Slums and Suburbs.,"[[[225621, 230251, 'James_Bryant_Conant', 23]]]",James Bryant Conant wrote Slums and Suburbs.,james bryant conant wrote slums and suburbs.
160996,NOT VERIFIABLE,NOT ENOUGH INFO,"Beverly Hills, 90210 addressed global human rights.","[[[296633, None, None, None], [300320, None, None, None], [343715, None, None, None], [343719, None, None, None]]]","Beverly Hills, 90210 addressed global human rights.","beverly hills, 90210 addressed global human rights."
226346,VERIFIABLE,REFUTES,Gift of the Night Fury exclusively stars the voices of people from Kenya.,"[[[269859, 266044, 'Gift_of_the_Night_Fury', 6], [269859, 266044, 'Jay_Baruchel', 0], [269859, 266044, 'Jonah_Hill', 0]]]",Gift of the Night Fury exclusively stars the voices of people from Kenya.,gift of the night fury exclusively stars the voices of people from kenya.
83568,VERIFIABLE,SUPPORTS,The Academy Honorary Award was instituted.,"[[[100618, 113915, 'Academy_Honorary_Award', 0]]]",The Academy Honorary Award was instituted.,the academy honorary award was instituted.
189590,NOT VERIFIABLE,NOT ENOUGH INFO,Doctor Zhivago is a script.,"[[[221430, None, None, None]]]",Doctor Zhivago is a script.,doctor zhivago is a script.
182766,NOT VERIFIABLE,NOT ENOUGH INFO,Pitch Perfect 3 stars Keanu Reeves.,"[[[212669, None, None, None]]]",Pitch Perfect 3 stars Keanu Reeves.,pitch perfect 3 stars keanu reeves.
198975,VERIFIABLE,SUPPORTS,International Relations includes many subject matters.,"[[[233952, 236839, 'International_relations', 10]]]",International Relations includes many subject matters.,international relations includes many subject matters.
50561,VERIFIABLE,REFUTES,Snooki is a Gemini.,"[[[66918, 77726, 'Snooki', 0], [66918, 77726, 'Gemini_-LRB-astrology-RRB-', 1]]]",Snooki is a Gemini.,snooki is a gemini.
182729,VERIFIABLE,SUPPORTS,"Pitch Perfect 3 stars Anna Kendrick, Anna Camp, Rebel Wilson, Brittany Snow, Hailee Steinfeld, Alexis Knapp, Ester Dean, Hana Mae Lee, Chrissie Fit, Kelley Jakle.","[[[212615, 220100, 'Pitch_Perfect_3', 1]]]","Pitch Perfect 3 stars Anna Kendrick, Anna Camp, Rebel Wilson, Brittany Snow, Hailee Steinfeld, Alexis Knapp, Ester Dean, Hana Mae Lee, Chrissie Fit, Kelley Jakle.","pitch perfect 3 stars anna kendrick, anna camp, rebel wilson, brittany snow, hailee steinfeld, alexis knapp, ester dean, hana mae lee, chrissie fit, kelley jakle."
9005,VERIFIABLE,SUPPORTS,Michael Jackson was a musician.,"[[[14863, 18495, 'Michael_Jackson', 0]], [[14863, 18496, 'Michael_Jackson', 7], [14863, 18496, 'Beat_It', 0]], [[14863, 18497, 'Michael_Jackson', 9], [14863, 18497, 'Man_in_the_Mirror', 0]], [[14863, 18498, 'Michael_Jackson', 10], [14863, 18498, 'Black_or_White', 0]], [[14863, 18499, 'Michael_Jackson', 19], [14863, 18499, 'Grammy_Legend_Award', 6], [14863, 18499, 'Grammy_Legend_Award', 7]], [[14863, 18500, 'Michael_Jackson', 21], [14863, 18500, 'Love_Never_Felt_So_Good', 0]]]",Michael Jackson was a musician.,michael jackson was a musician.
209222,NOT VERIFIABLE,NOT ENOUGH INFO,The Outcasts is a 1993 film.,"[[[247698, None, None, None]]]",The Outcasts is a 1993 film.,the outcasts is a 1993 film.
121456,NOT VERIFIABLE,NOT ENOUGH INFO,Egypt is a member of the Organisation of Islamic Noncooperation.,"[[[142639, None, None, None]]]",Egypt is a member of the Organisation of Islamic Noncooperation.,egypt is a member of the organisation of islamic noncooperation.
203960,VERIFIABLE,SUPPORTS,Laura Linney was in a movie.,"[[[240752, 242332, 'Laura_Linney', 7]], [[240752, 242333, 'Laura_Linney', 8]]]",Laura Linney was in a movie.,laura linney was in a movie.
199139,NOT VERIFIABLE,NOT ENOUGH INFO,International Relations only includes the entertainment industry.,"[[[234138, None, None, None]]]",International Relations only includes the entertainment industry.,international relations only includes the entertainment industry.
5388,VERIFIABLE,REFUTES,Helena Bonham Carter is unable to act in movies.,"[[[21782, 26775, 'Helena_Bonham_Carter', 1]], [[21782, 26776, 'Helena_Bonham_Carter', 2], [21782, 26776, 'The_Wings_of_the_Dove_-LRB-1997_film-RRB-', 0]], [[21782, 26777, 'Helena_Bonham_Carter', 3]], [[21782, 26778, 'Helena_Bonham_Carter', 7], [21782, 26778, 'A_Room_with_a_View_-LRB-1985_film-RRB-', 0], [21782, 26778, 'Lady_Jane_-LRB-1986_film-RRB-', 0]], [[21782, 26779, 'Helena_Bonham_Carter', 8]], [[21782, 26780, 'Helena_Bonham_Carter', 9]]]",Helena Bonham Carter is unable to act in movies.,helena bonham carter is unable to act in movies.
206905,VERIFIABLE,SUPPORTS,"Ayutthaya was friendly towards Chinese, Dutch, English, Vietnamese, Indian, Japanese, Persian, Portuguese, Spanish, and French people.","[[[244650, 245583, 'Ayutthaya_Kingdom', 1]]]","Ayutthaya was friendly towards Chinese, Dutch, English, Vietnamese, Indian, Japanese, Persian, Portuguese, Spanish, and French people.","ayutthaya was friendly towards chinese, dutch, english, vietnamese, indian, japanese, persian, portuguese, spanish, and french people."
180829,NOT VERIFIABLE,NOT ENOUGH INFO,Central America contains agriculture.,"[[[209883, None, None, None]]]",Central America contains agriculture.,central america contains agriculture.
219078,NOT VERIFIABLE,NOT ENOUGH INFO,Deadpool 2 only featured Tom Cruise.,"[[[260570, None, None, None]]]",Deadpool 2 only featured Tom Cruise.,deadpool 2 only featured tom cruise.
202332,NOT VERIFIABLE,NOT ENOUGH INFO,Destiny was released for the Wii.,"[[[238368, None, None, None], [238370, None, None, None]]]",Destiny was released for the Wii.,destiny was released for the wii.
219073,VERIFIABLE,REFUTES,Deadpool 2 only featured Tom Cruise.,"[[[260568, 258947, 'Deadpool_-LRB-film-RRB-', 1]], [[260586, 258954, 'Deadpool_-LRB-film-RRB-', 1]], [[260586, 258955, 'Deadpool_-LRB-film-RRB-', 12]]]",Deadpool 2 only featured Tom Cruise.,deadpool 2 only featured tom cruise.
205055,VERIFIABLE,REFUTES,Jane Eyre was originally published as Jane Eyre: A Biography.,"[[[242274, 243684, 'Jane_Eyre', 0]]]",Jane Eyre was originally published as Jane Eyre: A Biography.,jane eyre was originally published as jane eyre: a biography.
219091,NOT VERIFIABLE,NOT ENOUGH INFO,Deadpool 2 featured Scarlett Johansson.,"[[[260592, None, None, None], [260594, None, None, None]]]",Deadpool 2 featured Scarlett Johansson.,deadpool 2 featured scarlett johansson.
203990,VERIFIABLE,SUPPORTS,"Laura Linney was in Lorenzo's Oil, You Can Count on Me (2000), Kinsey (2004) and The Savages (2007), Primal Fear (1996), The Truman Show (1998), Mystic River (2003), Love Actually (2003) and The Squid and the Whale (2005).","[[[240791, 242402, 'Laura_Linney', 7], [240791, 242402, 'Laura_Linney', 8]], [[240791, 242403, 'Laura_Linney', 8], [240791, 242403, 'Laura_Linney', 7]]]","Laura Linney was in Lorenzo's Oil, You Can Count on Me (2000), Kinsey (2004) and The Savages (2007), Primal Fear (1996), The Truman Show (1998), Mystic River (2003), Love Actually (2003) and The Squid and the Whale (2005).","laura linney was in lorenzo's oil, you can count on me (2000), kinsey (2004) and the savages (2007), primal fear (1996), the truman show (1998), mystic river (2003), love actually (2003) and the squid and the whale (2005)."
177587,VERIFIABLE,REFUTES,Fences stars Emma Stone.,"[[[205835, 214310, 'Fences_-LRB-film-RRB-', 0]], [[205835, 214311, 'Fences_-LRB-film-RRB-', 1]]]",Fences stars Emma Stone.,fences stars emma stone.
19366,VERIFIABLE,REFUTES,Tesla Model S is a sports car.,"[[[35139, 42599, 'Tesla_Model_S', 0], [35139, 42599, 'Hatchback', 0]]]",Tesla Model S is a sports car.,tesla model s is a sports car.
132282,VERIFIABLE,REFUTES,Hypothyroidism can cause headaches.,"[[[154696, 169452, 'Hypothyroidism', 1]]]",Hypothyroidism can cause headaches.,hypothyroidism can cause headaches.
95820,VERIFIABLE,SUPPORTS,There are Christian states in the world.,"[[[113338, 127200, 'Christian_state', 1]]]",There are Christian states in the world.,there are christian states in the world.
205936,NOT VERIFIABLE,NOT ENOUGH INFO,Cosmopolitan as of 2011 contains content which includes articles on political dialogue.,"[[[243372, None, None, None]]]",Cosmopolitan as of 2011 contains content which includes articles on political dialogue.,cosmopolitan as of 2011 contains content which includes articles on political dialogue.
229262,VERIFIABLE,SUPPORTS,Cara Delevingne was involved in a film.,"[[[273591, 268981, 'Cara_Delevingne', 4]]]",Cara Delevingne was involved in a film.,cara delevingne was involved in a film.
57971,NOT VERIFIABLE,NOT ENOUGH INFO,Linux distributes tombs.,"[[[74305, None, None, None]]]",Linux distributes tombs.,linux distributes tombs.
202212,VERIFIABLE,REFUTES,Murder on the Orient Express starred an Armenian actor.,"[[[238195, 240298, 'Murder_on_the_Orient_Express_-LRB-2017_film-RRB-', 2], [238195, 240298, 'Derek_Jacobi', 0], [238195, 240298, 'Johnny_Depp', 0], [238195, 240298, 'Josh_Gad', 0], [238195, 240298, 'Manuel_Garcia-Rulfo', 0], [238195, 240298, 'Marwan_Kenzari', 0], [238195, 240298, 'Sergei_Polunin', 0], [238195, 240298, 'Willem_Dafoe', 0]]]",Murder on the Orient Express starred an Armenian actor.,murder on the orient express starred an armenian actor.
30580,VERIFIABLE,SUPPORTS,Barack Obama will have a presidential library built in his honor.,"[[[46739, 55751, 'Barack_Obama', 32]]]",Barack Obama will have a presidential library built in his honor.,barack obama will have a presidential library built in his honor.
129101,VERIFIABLE,SUPPORTS,Donald Sutherland is a person.,"[[[151183, 165989, 'Donald_Sutherland', 3]], [[151183, 165990, 'Donald_Sutherland', 7]]]",Donald Sutherland is a person.,donald sutherland is a person.
20247,VERIFIABLE,SUPPORTS,Merlin was created by a person.,"[[[36087, 43616, 'Merlin_-LRB-2008_TV_series-RRB-', 0]]]",Merlin was created by a person.,merlin was created by a person.
24263,NOT VERIFIABLE,NOT ENOUGH INFO,Jim Rash is a philosopher.,"[[[40202, None, None, None]]]",Jim Rash is a philosopher.,jim rash is a philosopher.
214217,VERIFIABLE,REFUTES,Syria includes only one ethnic group which is Italian.,"[[[254307, 254020, 'Syria', 4]]]",Syria includes only one ethnic group which is Italian.,syria includes only one ethnic group which is italian.
97214,VERIFIABLE,SUPPORTS,Paul Thomas Anderson produced a film.,"[[[114813, 128557, 'Paul_Thomas_Anderson', 0]], [[114813, 128558, 'Paul_Thomas_Anderson', 6], [114813, 128558, 'Boogie_Nights', 0]], [[114813, 128559, 'Paul_Thomas_Anderson', 14]]]",Paul Thomas Anderson produced a film.,paul thomas anderson produced a film.
201655,VERIFIABLE,SUPPORTS,Matt Sorum's touring project Kings of Chaos features members of at least one rock band.,"[[[237371, 239590, 'Matt_Sorum', 17], [237371, 239590, 'Aerosmith', 0]]]",Matt Sorum's touring project Kings of Chaos features members of at least one rock band.,matt sorum's touring project kings of chaos features members of at least one rock band.
186138,NOT VERIFIABLE,NOT ENOUGH INFO,There are zero bodies of water in Ontario.,"[[[217060, None, None, None]]]",There are zero bodies of water in Ontario.,there are zero bodies of water in ontario.
120719,NOT VERIFIABLE,NOT ENOUGH INFO,Eragon is a film starring a dragon.,"[[[141746, None, None, None]]]",Eragon is a film starring a dragon.,eragon is a film starring a dragon.
182555,VERIFIABLE,SUPPORTS,There are popular culture categories.,"[[[212334, 219905, 'Popular_culture', 2]]]",There are popular culture categories.,there are popular culture categories.
91522,VERIFIABLE,REFUTES,The Champ stars Robert Pattinson.,"[[[108870, 122568, 'The_Champ_-LRB-1979_film-RRB-', 0], [108870, 122568, 'Robert_Pattinson', 0]]]",The Champ stars Robert Pattinson.,the champ stars robert pattinson.
168257,NOT VERIFIABLE,NOT ENOUGH INFO,Iran is a power.,"[[[193736, None, None, None]]]",Iran is a power.,iran is a power.
192407,NOT VERIFIABLE,NOT ENOUGH INFO,Francois de Belleforest translated the works of Elena Ferrante.,"[[[225071, None, None, None]]]",Francois de Belleforest translated the works of Elena Ferrante.,francois de belleforest translated the works of elena ferrante.
226207,VERIFIABLE,REFUTES,Gift of the Night Fury only stars the voices of actors and actresses born in October.,"[[[269686, 265944, 'Gift_of_the_Night_Fury', 6], [269686, 265944, 'America_Ferrera', 0], [269686, 265944, 'Christopher_Mintz-Plasse', 0], [269686, 265944, 'Craig_Ferguson', 0], [269686, 265944, 'Gerard_Butler', 0], [269686, 265944, 'Jay_Baruchel', 0], [269686, 265944, 'Jonah_Hill', 0], [269686, 265944, 'Kristen_Wiig', 0], [269686, 265944, 'T._J._Miller', 0]]]",Gift of the Night Fury only stars the voices of actors and actresses born in October.,gift of the night fury only stars the voices of actors and actresses born in october.
135298,VERIFIABLE,SUPPORTS,In & Out is a film.,"[[[157886, 172487, 'In_&_Out_-LRB-film-RRB-', 0]], [[157890, 172489, 'In_&_Out_-LRB-film-RRB-', 0]], [[157890, 172490, 'In_&_Out_-LRB-film-RRB-', 2], [157890, 172490, 'Joan_Cusack', 1]], [[157890, 172491, 'In_&_Out_-LRB-film-RRB-', 6], [157890, 172491, 'Kevin_Kline', 14]]]",In & Out is a film.,in & out is a film.
176429,NOT VERIFIABLE,NOT ENOUGH INFO,Sunrise created Ghost in the Shell.,"[[[207404, None, None, None]]]",Sunrise created Ghost in the Shell.,sunrise created ghost in the shell.
200802,VERIFIABLE,SUPPORTS,A Song of Ice and Fire is a work.,"[[[236268, 238775, 'A_Song_of_Ice_and_Fire', 0]], [[236268, 238776, 'A_Song_of_Ice_and_Fire', 1]], [[236268, 238777, 'A_Song_of_Ice_and_Fire', 2]], [[236268, 238778, 'A_Song_of_Ice_and_Fire', 3]], [[236268, 238779, 'A_Song_of_Ice_and_Fire', 4]], [[236268, 238780, 'A_Song_of_Ice_and_Fire', 7], [236268, 238780, 'World_of_A_Song_of_Ice_and_Fire', 0]], [[236268, 238781, 'A_Song_of_Ice_and_Fire', 8]], [[236268, 238782, 'A_Song_of_Ice_and_Fire', 9], [236268, 238782, 'Daenerys_Targaryen', 0]], [[236268, 238783, 'A_Song_of_Ice_and_Fire', 18]], [[236268, 238784, 'A_Song_of_Ice_and_Fire', 19]]]",A Song of Ice and Fire is a work.,a song of ice and fire is a work.
201674,NOT VERIFIABLE,NOT ENOUGH INFO,Matt Sorum's touring project Kings of Chaos features members of at least one rock band.,"[[[237392, None, None, None]]]",Matt Sorum's touring project Kings of Chaos features members of at least one rock band.,matt sorum's touring project kings of chaos features members of at least one rock band.
89467,VERIFIABLE,REFUTES,Alice is a reworking of a 2017 film.,"[[[106701, 120101, 'Alice_-LRB-1990_film-RRB-', 0]]]",Alice is a reworking of a 2017 film.,alice is a reworking of a 2017 film.
130030,VERIFIABLE,REFUTES,Taipei is the least important city of Taiwan.,"[[[286885, 280361, 'Taipei', 0], [286885, 280361, 'Capital_city', 0]], [[286885, 280362, 'Taipei', 11]], [[286885, 280363, 'Taipei', 19], [286885, 280363, 'Capital_city', 0], [286885, 280363, 'Synecdoche', 0], [286885, 280363, 'Synecdoche', 1]], [[333993, 320162, 'Taipei', 0]]]",Taipei is the least important city of Taiwan.,taipei is the least important city of taiwan.
203305,VERIFIABLE,SUPPORTS,Extreme environments can be caused by factors.,"[[[239814, 241519, 'Extreme_environment', 1]]]",Extreme environments can be caused by factors.,extreme environments can be caused by factors.
226372,VERIFIABLE,REFUTES,Gift of the Night Fury only stars the voices of actors and actresses born in October.,"[[[270972, 266921, 'Gift_of_the_Night_Fury', 6], [270972, 266921, 'America_Ferrera', 0]]]",Gift of the Night Fury only stars the voices of actors and actresses born in October.,gift of the night fury only stars the voices of actors and actresses born in october.
203271,NOT VERIFIABLE,NOT ENOUGH INFO,Extreme environments can be caused by carbon monoxide.,"[[[239765, None, None, None]]]",Extreme environments can be caused by carbon monoxide.,extreme environments can be caused by carbon monoxide.
213008,VERIFIABLE,SUPPORTS,Marlon Brando was in a film.,"[[[252673, 252434, 'Marlon_Brando', 3], [252673, 252434, 'On_the_Waterfront', 0], [252673, 252434, 'On_the_Waterfront', 1], [252673, 252434, 'The_Godfather', 0], [252673, 252434, 'The_Godfather', 1]], [[252673, 252435, 'Marlon_Brando', 4], [252673, 252435, 'Apocalypse_Now', 0], [252673, 252435, 'Apocalypse_Now', 2], [252673, 252435, 'Last_Tango_in_Paris', 0], [252673, 252435, 'Last_Tango_in_Paris', 1], [252673, 252435, 'Reflections_in_a_Golden_Eye_-LRB-film-RRB-', 0], [252673, 252435, 'Reflections_in_a_Golden_Eye_-LRB-film-RRB-', 2], [252673, 252435, 'Sayonara', 0], [252673, 252435, 'The_Wild_One', 0], [252673, 252435, 'The_Wild_One', 1]], [[252673, 252436, 'Marlon_Brando', 9], [252673, 252436, 'On_the_Waterfront', 0], [252673, 252436, 'On_the_Waterfront', 1], [252673, 252436, 'The_Wild_One', 0], [252673, 252436, 'The_Wild_One', 1]], [[252673, 252437, 'Marlon_Brando', 11], [252673, 252437, 'Julius_Caesar_-LRB-1953_film-RRB-', 0], [252673, 252437, 'Julius_Caesar_-LRB-1953_film-RRB-', 2]], [[252673, 252438, 'Marlon_Brando', 16], [252673, 252438, 'Mutiny_on_the_Bounty_-LRB-1962_film-RRB-', 0], [252673, 252438, 'One-Eyed_Jacks', 0], [252673, 252438, 'One-Eyed_Jacks', 2]], [[252673, 252439, 'Marlon_Brando', 17], [252673, 252439, 'The_Godfather', 0], [252673, 252439, 'The_Godfather', 1]], [[252673, 252440, 'Marlon_Brando', 19], [252673, 252440, 'Last_Tango_in_Paris', 0], [252673, 252440, 'Last_Tango_in_Paris', 1]], [[252673, 252441, 'Marlon_Brando', 20], [252673, 252441, 'The_Missouri_Breaks', 0]], [[252673, 252442, 'Marlon_Brando', 21], [252673, 252442, 'Superman_-LRB-1978_film-RRB-', 0], [252673, 252442, 'Superman_-LRB-1978_film-RRB-', 2], [252673, 252442, 'The_Formula_-LRB-1980_film-RRB-', 0], [252673, 252442, 'The_Formula_-LRB-1980_film-RRB-', 1]], [[252673, 252443, 'Marlon_Brando', 23], [252673, 252443, 'Apocalypse_Now', 0], [252673, 252443, 'Apocalypse_Now', 2]]]",Marlon Brando was in a film.,marlon brando was in a film.
182728,VERIFIABLE,SUPPORTS,"Pitch Perfect 3 stars Anna Kendrick, Anna Camp, Rebel Wilson, Brittany Snow, Hailee Steinfeld, Alexis Knapp, Ester Dean, Hana Mae Lee, Chrissie Fit, Kelley Jakle.","[[[212607, 220092, 'Pitch_Perfect_3', 1]]]","Pitch Perfect 3 stars Anna Kendrick, Anna Camp, Rebel Wilson, Brittany Snow, Hailee Steinfeld, Alexis Knapp, Ester Dean, Hana Mae Lee, Chrissie Fit, Kelley Jakle.","pitch perfect 3 stars anna kendrick, anna camp, rebel wilson, brittany snow, hailee steinfeld, alexis knapp, ester dean, hana mae lee, chrissie fit, kelley jakle."
202722,NOT VERIFIABLE,NOT ENOUGH INFO,Luxo Jr. was filmed in front of a live audience.,"[[[238903, None, None, None]]]",Luxo Jr. was filmed in front of a live audience.,luxo jr. was filmed in front of a live audience.
23043,NOT VERIFIABLE,NOT ENOUGH INFO,The Fosters is a country.,"[[[39009, None, None, None]]]",The Fosters is a country.,the fosters is a country.
124442,NOT VERIFIABLE,NOT ENOUGH INFO,Edward VIII was succeeded by George VI.,"[[[145977, None, None, None]]]",Edward VIII was succeeded by George VI.,edward viii was succeeded by george vi.
79184,NOT VERIFIABLE,NOT ENOUGH INFO,"Beverly Hills, 90210 addressed global human rights.","[[[96116, None, None, None]]]","Beverly Hills, 90210 addressed global human rights.","beverly hills, 90210 addressed global human rights."
107526,NOT VERIFIABLE,NOT ENOUGH INFO,Ryder has a fleet of trucks to buy.,"[[[279725, None, None, None], [281433, None, None, None], [283567, None, None, None], [328130, None, None, None], [329058, None, None, None]]]",Ryder has a fleet of trucks to buy.,ryder has a fleet of trucks to buy.
229259,VERIFIABLE,SUPPORTS,Cara Delevingne was involved in a film.,"[[[273589, 268980, 'Cara_Delevingne', 4]]]",Cara Delevingne was involved in a film.,cara delevingne was involved in a film.
178981,NOT VERIFIABLE,NOT ENOUGH INFO,Lamniformes include at least one rare species of shark.,"[[[207624, None, None, None]]]",Lamniformes include at least one rare species of shark.,lamniformes include at least one rare species of shark.
180812,VERIFIABLE,REFUTES,Central America contains England.,"[[[209880, 217676, 'Central_America', 2]]]",Central America contains England.,central america contains england.
72827,NOT VERIFIABLE,NOT ENOUGH INFO,Jack Black starred in Gulliver's Travels.,"[[[89550, None, None, None]]]",Jack Black starred in Gulliver's Travels.,jack black starred in gulliver's travels.
196947,NOT VERIFIABLE,NOT ENOUGH INFO,"Worcester, Massachusetts is 40 mi south of Providence.","[[[231428, None, None, None]]]","Worcester, Massachusetts is 40 mi south of Providence.","worcester, massachusetts is 40 mi south of providence."
125601,VERIFIABLE,SUPPORTS,Elephants have been featured in places.,"[[[147338, 162354, 'Elephant', 33]]]",Elephants have been featured in places.,elephants have been featured in places.
191609,NOT VERIFIABLE,NOT ENOUGH INFO,Famous in Love stars sea otters.,"[[[224081, None, None, None]]]",Famous in Love stars sea otters.,famous in love stars sea otters.
117502,VERIFIABLE,SUPPORTS,The Prestige is an American film.,"[[[137871, 152826, 'The_Prestige_-LRB-film-RRB-', 0]]]",The Prestige is an American film.,the prestige is an american film.
132009,NOT VERIFIABLE,NOT ENOUGH INFO,Jesse Eisenberg starred in a film.,"[[[154395, None, None, None]]]",Jesse Eisenberg starred in a film.,jesse eisenberg starred in a film.
141170,NOT VERIFIABLE,NOT ENOUGH INFO,Clarence Thomas was exclusively self-educated.,"[[[164203, None, None, None]]]",Clarence Thomas was exclusively self-educated.,clarence thomas was exclusively self-educated.
186101,VERIFIABLE,REFUTES,There are zero bodies of water in Ontario.,"[[[217013, 223668, 'Ontario', 6]], [[217013, 223669, 'Ontario', 7], [217013, 223669, 'Lake_of_the_Woods', 0]], [[217013, 223670, 'Ontario', 8]]]",There are zero bodies of water in Ontario.,there are zero bodies of water in ontario.
50912,NOT VERIFIABLE,NOT ENOUGH INFO,Cricket is followed in Australasia.,"[[[67247, None, None, None]]]",Cricket is followed in Australasia.,cricket is followed in australasia.
98294,NOT VERIFIABLE,NOT ENOUGH INFO,A dog has written for Doctor Who.,"[[[276134, None, None, None], [278413, None, None, None]]]",A dog has written for Doctor Who.,a dog has written for doctor who.
52000,NOT VERIFIABLE,NOT ENOUGH INFO,Jennifer Hudson was on the first season of American Idol.,"[[[70597, None, None, None]]]",Jennifer Hudson was on the first season of American Idol.,jennifer hudson was on the first season of american idol.
228167,VERIFIABLE,SUPPORTS,Kafka stars an english actor.,"[[[272196, 267892, 'Kafka_-LRB-film-RRB-', 2], [272196, 267892, 'Jeremy_Irons', 0]]]",Kafka stars an english actor.,kafka stars an english actor.
225486,NOT VERIFIABLE,NOT ENOUGH INFO,Ice Hockey is popular in Russia.,"[[[268700, None, None, None]]]",Ice Hockey is popular in Russia.,ice hockey is popular in russia.
113815,VERIFIABLE,SUPPORTS,Unforgettable is written by Stephenie Meyer.,"[[[133719, 148606, 'Unforgettable_-LRB-2017_film-RRB-', 0]]]",Unforgettable is written by Stephenie Meyer.,unforgettable is written by stephenie meyer.
157603,NOT VERIFIABLE,NOT ENOUGH INFO,Semitic languages are spoken in a country.,"[[[181822, None, None, None]]]",Semitic languages are spoken in a country.,semitic languages are spoken in a country.
15671,VERIFIABLE,REFUTES,Adrian Molina has worked on live action films.,"[[[31068, 37736, 'Adrian_Molina', 1], [31068, 37736, 'Pixar', 0]]]",Adrian Molina has worked on live action films.,adrian molina has worked on live action films.
214539,NOT VERIFIABLE,NOT ENOUGH INFO,Evolution was exclusively by an Armenian.,"[[[254705, None, None, None]]]",Evolution was exclusively by an Armenian.,evolution was exclusively by an armenian.
226350,VERIFIABLE,REFUTES,Gift of the Night Fury only stars the voices of actors and actresses born in October.,"[[[269864, 266048, 'Gift_of_the_Night_Fury', 6]]]",Gift of the Night Fury only stars the voices of actors and actresses born in October.,gift of the night fury only stars the voices of actors and actresses born in october.
160980,NOT VERIFIABLE,NOT ENOUGH INFO,"Beverly Hills, 90210 addressed global human rights.","[[[187075, None, None, None]]]","Beverly Hills, 90210 addressed global human rights.","beverly hills, 90210 addressed global human rights."
161669,NOT VERIFIABLE,NOT ENOUGH INFO,Streptococcus belongs to an order.,"[[[186208, None, None, None]]]",Streptococcus belongs to an order.,streptococcus belongs to an order.
216045,NOT VERIFIABLE,NOT ENOUGH INFO,The 19th G7 summit included politicians.,"[[[256676, None, None, None]]]",The 19th G7 summit included politicians.,the 19th g7 summit included politicians.
192393,NOT VERIFIABLE,NOT ENOUGH INFO,Francois de Belleforest translated scientific articles.,"[[[225055, None, None, None]]]",Francois de Belleforest translated scientific articles.,francois de belleforest translated scientific articles.
146383,NOT VERIFIABLE,NOT ENOUGH INFO,John Constantine got his own comic in 2017.,"[[[169876, None, None, None]]]",John Constantine got his own comic in 2017.,john constantine got his own comic in 2017.
106495,VERIFIABLE,SUPPORTS,A person was a music video director.,"[[[125015, 139358, 'Music_video_director', 8]], [[125015, 139359, 'Music_video_director', 9]], [[125015, 139360, 'Music_video_director', 10], [125015, 139360, 'Chris_Cunningham', 0], [125015, 139360, 'Spike_Jonze', 0]]]",A person was a music video director.,a person was a music video director.
187077,VERIFIABLE,REFUTES,James Blake (musician) released his first album in 2016.,"[[[218267, 224587, 'James_Blake_-LRB-musician-RRB-', 1]]]",James Blake (musician) released his first album in 2016.,james blake (musician) released his first album in 2016.
226367,VERIFIABLE,REFUTES,Gift of the Night Fury stars actors and actresses with no middle name.,"[[[269882, 266058, 'Gift_of_the_Night_Fury', 6], [269882, 266058, 'Gerard_Butler', 0], [269882, 266058, 'Jay_Baruchel', 0]]]",Gift of the Night Fury stars actors and actresses with no middle name.,gift of the night fury stars actors and actresses with no middle name.
214857,NOT VERIFIABLE,NOT ENOUGH INFO,History of art includes various subjects.,"[[[255129, None, None, None]]]",History of art includes various subjects.,history of art includes various subjects.
162388,VERIFIABLE,SUPPORTS,Helios is the son of Olympian deities.,"[[[186938, 198670, 'Helios', 1]]]",Helios is the son of Olympian deities.,helios is the son of olympian deities.
109389,VERIFIABLE,REFUTES,Land Rover lacks the ability to make cars.,"[[[128306, 143021, 'Land_Rover', 11]], [[128306, 143022, 'Land_Rover', 5], [128306, 143022, 'Land_Rover_Discovery', 0], [128306, 143022, 'Land_Rover_Freelander', 0], [128306, 143022, 'Range_Rover_Evoque', 0], [128306, 143022, 'Range_Rover_Sport', 0]]]",Land Rover lacks the ability to make cars.,land rover lacks the ability to make cars.
214844,VERIFIABLE,SUPPORTS,"History of art includes architecture, dance, sculpture, music, painting, poetry literature, theatre, narrative, film, photography and graphic arts.","[[[255787, 255152, 'History_of_art', 2]]]","History of art includes architecture, dance, sculpture, music, painting, poetry literature, theatre, narrative, film, photography and graphic arts.","history of art includes architecture, dance, sculpture, music, painting, poetry literature, theatre, narrative, film, photography and graphic arts."
202546,NOT VERIFIABLE,NOT ENOUGH INFO,Little Boy was dropped by a plane piloted by a robot.,"[[[238653, None, None, None]]]",Little Boy was dropped by a plane piloted by a robot.,little boy was dropped by a plane piloted by a robot.
203363,VERIFIABLE,REFUTES,Saratoga failed to be produced and so no actors were included.,"[[[239887, 241574, 'Saratoga_-LRB-film-RRB-', 1]]]",Saratoga failed to be produced and so no actors were included.,saratoga failed to be produced and so no actors were included.
147867,VERIFIABLE,SUPPORTS,Pregnancy symptoms include various ailments.,"[[[171464, 184951, 'Pregnancy', 7]]]",Pregnancy symptoms include various ailments.,pregnancy symptoms include various ailments.
177702,NOT VERIFIABLE,NOT ENOUGH INFO,Tubelight is produced by a man.,"[[[205961, None, None, None]]]",Tubelight is produced by a man.,tubelight is produced by a man.
225919,NOT VERIFIABLE,NOT ENOUGH INFO,Hate group practices a philosopy.,"[[[269318, None, None, None]]]",Hate group practices a philosopy.,hate group practices a philosopy.
148997,VERIFIABLE,SUPPORTS,Ethiopia is a state.,"[[[172734, 185990, 'Ethiopia', 0]], [[172734, 185991, 'Ethiopia', 2]], [[172734, 185992, 'Ethiopia', 20]], [[172734, 185993, 'Ethiopia', 22]], [[172734, 185994, 'Ethiopia', 23]], [[172734, 185995, 'Ethiopia', 37]]]",Ethiopia is a state.,ethiopia is a state.
67882,NOT VERIFIABLE,NOT ENOUGH INFO,Mark Bomback is from Boston.,"[[[84471, None, None, None]]]",Mark Bomback is from Boston.,mark bomback is from boston.
180833,NOT VERIFIABLE,NOT ENOUGH INFO,Central America contains England.,"[[[211134, None, None, None]]]",Central America contains England.,central america contains england.
68227,NOT VERIFIABLE,NOT ENOUGH INFO,Adrian Molina is a songwriter.,"[[[84831, None, None, None]]]",Adrian Molina is a songwriter.,adrian molina is a songwriter.
142745,VERIFIABLE,REFUTES,Ryder has a fleet of trucks to buy.,"[[[165798, 179781, 'Ryder', 0]]]",Ryder has a fleet of trucks to buy.,ryder has a fleet of trucks to buy.
58474,NOT VERIFIABLE,NOT ENOUGH INFO,Tamera Mowry has a fraternal twin.,"[[[74850, None, None, None]]]",Tamera Mowry has a fraternal twin.,tamera mowry has a fraternal twin.
205553,VERIFIABLE,SUPPORTS,Wyatt Earp worked to extract minerals.,"[[[242876, 244107, 'Wyatt_Earp', 5], [242876, 244107, 'Mining', 0]]]",Wyatt Earp worked to extract minerals.,wyatt earp worked to extract minerals.
66195,VERIFIABLE,REFUTES,Atomic Blonde is based on Watchmen.,"[[[82750, 94602, 'Atomic_Blonde', 1]]]",Atomic Blonde is based on Watchmen.,atomic blonde is based on watchmen.
199069,NOT VERIFIABLE,NOT ENOUGH INFO,International Relations includes the U.N.,"[[[234052, None, None, None]]]",International Relations includes the U.N.,international relations includes the u.n.
56598,VERIFIABLE,SUPPORTS,Paul Pogba has won zero Coppa Italia titles.,"[[[72940, 84078, 'Paul_Pogba', 4]]]",Paul Pogba has won zero Coppa Italia titles.,paul pogba has won zero coppa italia titles.
60679,VERIFIABLE,REFUTES,Me Before You stars Tom Hanks.,"[[[77124, 88540, 'Me_Before_You_-LRB-film-RRB-', 1]]]",Me Before You stars Tom Hanks.,me before you stars tom hanks.
76164,VERIFIABLE,REFUTES,C. S. Forester wrote tales of land-based warfare.,"[[[93000, 105878, 'C._S._Forester', 0]]]",C. S. Forester wrote tales of land-based warfare.,c. s. forester wrote tales of land-based warfare.
132640,NOT VERIFIABLE,NOT ENOUGH INFO,Northeast megalopolis includes Portland.,"[[[155074, None, None, None]]]",Northeast megalopolis includes Portland.,northeast megalopolis includes portland.
225351,NOT VERIFIABLE,NOT ENOUGH INFO,Absolute Beginners featured someone.,"[[[270501, None, None, None]]]",Absolute Beginners featured someone.,absolute beginners featured someone.
155578,NOT VERIFIABLE,NOT ENOUGH INFO,The Ten Commandments is an action film.,"[[[179633, None, None, None]]]",The Ten Commandments is an action film.,the ten commandments is an action film.
213100,VERIFIABLE,SUPPORTS,Marlon Brando was in a film.,"[[[252777, 252643, 'Marlon_Brando', 3], [252777, 252643, 'On_the_Waterfront', 0]], [[252777, 252644, 'Marlon_Brando', 4], [252777, 252644, 'Apocalypse_Now', 0], [252777, 252644, 'Apocalypse_Now', 2]], [[252777, 252645, 'Marlon_Brando', 8]], [[252777, 252646, 'Marlon_Brando', 9], [252777, 252646, 'On_the_Waterfront', 0]], [[252777, 252647, 'Marlon_Brando', 10]], [[252777, 252648, 'Marlon_Brando', 11]], [[252777, 252649, 'Marlon_Brando', 12], [252777, 252649, 'Top_Ten_Money_Making_Stars_Poll', 4]], [[252777, 252650, 'Marlon_Brando', 16]], [[252777, 252651, 'Marlon_Brando', 17]], [[252777, 252652, 'Marlon_Brando', 18], [252777, 252652, 'The_Godfather', 1]], [[252777, 252653, 'Marlon_Brando', 19]], [[252777, 252654, 'Marlon_Brando', 20], [252777, 252654, 'The_Missouri_Breaks', 0]], [[252777, 252655, 'Marlon_Brando', 21]], [[252777, 252656, 'Marlon_Brando', 22], [252777, 252656, 'Superman_-LRB-1978_film-RRB-', 0]], [[252777, 252657, 'Marlon_Brando', 23]], [[252777, 252658, 'Marlon_Brando', 26]]]",Marlon Brando was in a film.,marlon brando was in a film.
150413,VERIFIABLE,REFUTES,Get Out stars a wild truffle.,"[[[174240, 187461, 'Get_Out_-LRB-film-RRB-', 1]], [[174243, 187462, 'Get_Out_-LRB-film-RRB-', 1]]]",Get Out stars a wild truffle.,get out stars a wild truffle.
179525,VERIFIABLE,REFUTES,Every episode of The Singing Detective is called Pilot.,"[[[208336, 216423, 'The_Singing_Detective', 1]], [[208338, 216424, 'The_Singing_Detective', 1]], [[208344, 216427, 'The_Singing_Detective', 1]]]",Every episode of The Singing Detective is called Pilot.,every episode of the singing detective is called pilot.
151588,VERIFIABLE,REFUTES,Jim Rash is a philosopher.,"[[[175456, 188459, 'Jim_Rash', 0]], [[175457, 188460, 'Jim_Rash', 0]]]",Jim Rash is a philosopher.,jim rash is a philosopher.
126147,VERIFIABLE,REFUTES,Elsa Pataky is a dancer.,"[[[147981, 162975, 'Elsa_Pataky', 0]]]",Elsa Pataky is a dancer.,elsa pataky is a dancer.
203287,NOT VERIFIABLE,NOT ENOUGH INFO,Extreme environments can be caused by carbon monoxide.,"[[[239795, None, None, None]]]",Extreme environments can be caused by carbon monoxide.,extreme environments can be caused by carbon monoxide.
19238,VERIFIABLE,SUPPORTS,There are Christian states in the world.,"[[[35004, 42443, 'Christian_state', 1]], [[35004, 42444, 'Christian_state', 2]]]",There are Christian states in the world.,there are christian states in the world.
91953,VERIFIABLE,SUPPORTS,Modern liberalism in the United States strongly endorses stuff.,"[[[109272, 122944, 'Modern_liberalism_in_the_United_States', 6]]]",Modern liberalism in the United States strongly endorses stuff.,modern liberalism in the united states strongly endorses stuff.
220780,NOT VERIFIABLE,NOT ENOUGH INFO,The Royal Tenenbaum stars Dolly Parton.,"[[[262776, None, None, None]]]",The Royal Tenenbaum stars Dolly Parton.,the royal tenenbaum stars dolly parton.
155288,VERIFIABLE,SUPPORTS,Willow Smith is not a singer.,"[[[179350, 191905, 'Willow_Smith', 0]], [[179350, 191906, 'Willow_Smith', 6], [179350, 191906, '21st_Century_Girl_-LRB-Willow_song-RRB-', 0]], [[179350, 191907, 'Willow_Smith', 7], [179350, 191907, 'Whip_My_Hair', 0]], [[179350, 191908, 'Willow_Smith', 9], [179350, 191908, 'Ardipithecus_-LRB-album-RRB-', 0]]]",Willow Smith is not a singer.,willow smith is not a singer.
51883,VERIFIABLE,SUPPORTS,Jim Rash is a man.,"[[[70042, 80920, 'Jim_Rash', 1]], [[70042, 80921, 'Jim_Rash', 3]]]",Jim Rash is a man.,jim rash is a man.
20069,NOT VERIFIABLE,NOT ENOUGH INFO,Socrates was a founder of Eastern philosophy.,"[[[35879, None, None, None]]]",Socrates was a founder of Eastern philosophy.,socrates was a founder of eastern philosophy.
199136,VERIFIABLE,REFUTES,International Relations only includes the entertainment industry.,"[[[234133, 237039, 'International_relations', 0]], [[234133, 237040, 'International_relations', 1]], [[234133, 237041, 'International_relations', 2]], [[234133, 237042, 'International_relations', 9]], [[234133, 237043, 'International_relations', 10]]]",International Relations only includes the entertainment industry.,international relations only includes the entertainment industry.
214128,VERIFIABLE,SUPPORTS,Celeste and Jesse Forever was co-written by Rashida Jones.,"[[[254195, 253934, 'Celeste_and_Jesse_Forever', 1]]]",Celeste and Jesse Forever was co-written by Rashida Jones.,celeste and jesse forever was co-written by rashida jones.
188039,NOT VERIFIABLE,NOT ENOUGH INFO,Thiokol was also known as Satan.,"[[[219425, None, None, None]]]",Thiokol was also known as Satan.,thiokol was also known as satan.
152547,NOT VERIFIABLE,NOT ENOUGH INFO,Nikola Tesla was a person.,"[[[176490, None, None, None]]]",Nikola Tesla was a person.,nikola tesla was a person.
120195,NOT VERIFIABLE,NOT ENOUGH INFO,Seven Days in May stars Robert Pattinson.,"[[[142940, None, None, None]]]",Seven Days in May stars Robert Pattinson.,seven days in may stars robert pattinson.
33814,NOT VERIFIABLE,NOT ENOUGH INFO,Paul Simon is a Pisces.,"[[[49922, None, None, None]]]",Paul Simon is a Pisces.,paul simon is a pisces.
127698,NOT VERIFIABLE,NOT ENOUGH INFO,The Champ stars Robert Pattinson.,"[[[149646, None, None, None]]]",The Champ stars Robert Pattinson.,the champ stars robert pattinson.
113654,NOT VERIFIABLE,NOT ENOUGH INFO,A crown colony is now known as a royal colony.,"[[[133340, None, None, None]]]",A crown colony is now known as a royal colony.,a crown colony is now known as a royal colony.
226279,VERIFIABLE,SUPPORTS,Gift of the Night Fury stars the voice of an Canadian filmmaker.,"[[[269772, 265996, 'Gift_of_the_Night_Fury', 6], [269772, 265996, 'Jay_Baruchel', 0]]]",Gift of the Night Fury stars the voice of an Canadian filmmaker.,gift of the night fury stars the voice of an canadian filmmaker.
215194,VERIFIABLE,REFUTES,James and the Giant Peach was a silent animated film.,"[[[255544, 254979, 'James_and_the_Giant_Peach_-LRB-film-RRB-', 0]]]",James and the Giant Peach was a silent animated film.,james and the giant peach was a silent animated film.
171356,NOT VERIFIABLE,NOT ENOUGH INFO,Blue Velvet stars a cat.,"[[[197744, None, None, None]]]",Blue Velvet stars a cat.,blue velvet stars a cat.
18471,NOT VERIFIABLE,NOT ENOUGH INFO,Bonnie Hunt was in Shawshank Redemption.,"[[[34061, None, None, None]]]",Bonnie Hunt was in Shawshank Redemption.,bonnie hunt was in shawshank redemption.
42384,VERIFIABLE,REFUTES,Machete appears in the Grindhouse real trailer.,"[[[58676, 68979, 'Machete_-LRB-character-RRB-', 0]]]",Machete appears in the Grindhouse real trailer.,machete appears in the grindhouse real trailer.
100553,VERIFIABLE,REFUTES,Ubisoft is a tech company.,"[[[118228, 132072, 'Ubisoft', 0]]]",Ubisoft is a tech company.,ubisoft is a tech company.
105472,NOT VERIFIABLE,NOT ENOUGH INFO,Broadchurch is a movie.,"[[[123794, None, None, None]]]",Broadchurch is a movie.,broadchurch is a movie.
147712,VERIFIABLE,SUPPORTS,Melanie Griffith has performed in New York.,"[[[171311, 184795, 'Melanie_Griffith', 11], [171311, 184795, 'Broadway_theatre', 1]]]",Melanie Griffith has performed in New York.,melanie griffith has performed in new york.
194079,VERIFIABLE,SUPPORTS,Duane Hopwood includes a screenwriter.,"[[[227284, 231685, 'Duane_Hopwood', 1], [227284, 231685, 'Matt_Mulhern', 18]]]",Duane Hopwood includes a screenwriter.,duane hopwood includes a screenwriter.
106773,VERIFIABLE,REFUTES,Anti-nuclear antibodies has zero subtypes.,"[[[125406, 139746, 'Anti-nuclear_antibody', 5]], [[125406, 139748, 'Anti-nuclear_antibody', 6]]]",Anti-nuclear antibodies has zero subtypes.,anti-nuclear antibodies has zero subtypes.
203288,NOT VERIFIABLE,NOT ENOUGH INFO,Extreme environments can be caused by a variety of factors that push equilibrium off.,"[[[239779, None, None, None]]]",Extreme environments can be caused by a variety of factors that push equilibrium off.,extreme environments can be caused by a variety of factors that push equilibrium off.
203989,VERIFIABLE,SUPPORTS,Laura Linney was in a movie.,"[[[240808, 242420, 'Laura_Linney', 1], [240808, 242420, 'Wild_Iris_-LRB-film-RRB-', 0]], [[240808, 242421, 'Laura_Linney', 7], [240808, 242421, 'Kinsey_-LRB-film-RRB-', 3]], [[240808, 242422, 'Laura_Linney', 8]]]",Laura Linney was in a movie.,laura linney was in a movie.
182774,NOT VERIFIABLE,NOT ENOUGH INFO,"Pitch Perfect 3 stars Anna Kendrick, Anna Camp, Rebel Wilson, Brittany Snow, Hailee Steinfeld, Alexis Knapp, Ester Dean, Hana Mae Lee, Chrissie Fit, Kelley Jakle.","[[[212681, None, None, None]]]","Pitch Perfect 3 stars Anna Kendrick, Anna Camp, Rebel Wilson, Brittany Snow, Hailee Steinfeld, Alexis Knapp, Ester Dean, Hana Mae Lee, Chrissie Fit, Kelley Jakle.","pitch perfect 3 stars anna kendrick, anna camp, rebel wilson, brittany snow, hailee steinfeld, alexis knapp, ester dean, hana mae lee, chrissie fit, kelley jakle."
188058,NOT VERIFIABLE,NOT ENOUGH INFO,Thiokol was also known as Satan.,"[[[219449, None, None, None]]]",Thiokol was also known as Satan.,thiokol was also known as satan.
57968,VERIFIABLE,REFUTES,Mark Bomback is a songwriter.,"[[[74307, 85522, 'Mark_Bomback', 0]]]",Mark Bomback is a songwriter.,mark bomback is a songwriter.
196925,VERIFIABLE,REFUTES,"Worcester, Massachusetts is 50 mi west of Springfield.","[[[231399, 234910, 'Worcester,_Massachusetts', 2]]]","Worcester, Massachusetts is 50 mi west of Springfield.","worcester, massachusetts is 50 mi west of springfield."
199134,VERIFIABLE,REFUTES,International Relations only includes the entertainment industry.,"[[[234134, 237044, 'International_relations', 9]], [[234134, 237045, 'International_relations', 10]]]",International Relations only includes the entertainment industry.,international relations only includes the entertainment industry.
172627,NOT VERIFIABLE,NOT ENOUGH INFO,Floyd Mayweather Jr. is British.,"[[[199303, None, None, None]]]",Floyd Mayweather Jr. is British.,floyd mayweather jr. is british.
219085,VERIFIABLE,SUPPORTS,Deadpool 2 features actors.,"[[[261502, 259620, 'Deadpool_-LRB-film-RRB-', 1]]]",Deadpool 2 features actors.,deadpool 2 features actors.
78113,NOT VERIFIABLE,NOT ENOUGH INFO,Eragon is a film starring a dragon.,"[[[95049, None, None, None]]]",Eragon is a film starring a dragon.,eragon is a film starring a dragon.
186100,VERIFIABLE,SUPPORTS,There are people in Ontario.,"[[[217008, 223663, 'Ontario', 1]], [[217016, 223673, 'Ontario', 1]], [[217016, 223674, 'Ontario', 3]]]",There are people in Ontario.,there are people in ontario.
159369,NOT VERIFIABLE,NOT ENOUGH INFO,Lee Harvey Oswald was Canadian.,"[[[183732, None, None, None], [183734, None, None, None]]]",Lee Harvey Oswald was Canadian.,lee harvey oswald was canadian.
186160,VERIFIABLE,SUPPORTS,There are bodies of water in Ontario.,"[[[217091, 223730, 'Ontario', 7]], [[217091, 223731, 'Ontario', 8]]]",There are bodies of water in Ontario.,there are bodies of water in ontario.
214897,VERIFIABLE,SUPPORTS,"History of art includes architecture, dance, sculpture, music, painting, poetry literature, theatre, narrative, film, photography and graphic arts.","[[[255795, 255155, 'History_of_art', 2]]]","History of art includes architecture, dance, sculpture, music, painting, poetry literature, theatre, narrative, film, photography and graphic arts.","history of art includes architecture, dance, sculpture, music, painting, poetry literature, theatre, narrative, film, photography and graphic arts."
199040,VERIFIABLE,SUPPORTS,International Relations includes many subject matters.,"[[[234023, 236919, 'International_relations', 0]], [[234023, 236920, 'International_relations', 9]], [[234023, 236921, 'International_relations', 10]]]",International Relations includes many subject matters.,international relations includes many subject matters.
78897,NOT VERIFIABLE,NOT ENOUGH INFO,"Beverly Hills, 90210 addressed global human rights.","[[[95848, None, None, None]]]","Beverly Hills, 90210 addressed global human rights.","beverly hills, 90210 addressed global human rights."
203931,VERIFIABLE,SUPPORTS,Laura Linney was in a movie.,"[[[240715, 242287, 'Laura_Linney', 7]], [[240715, 242288, 'Laura_Linney', 8]]]",Laura Linney was in a movie.,laura linney was in a movie.
23918,VERIFIABLE,REFUTES,Leyton Orient F.C. is in a place.,"[[[39854, 47942, 'Leyton_Orient_F.C.', 0]]]",Leyton Orient F.C. is in a place.,leyton orient f.c. is in a place.
213249,NOT VERIFIABLE,NOT ENOUGH INFO,The Nile drains through Russia.,"[[[252979, None, None, None]]]",The Nile drains through Russia.,the nile drains through russia.
213233,NOT VERIFIABLE,NOT ENOUGH INFO,The Nile drains through Russia.,"[[[252958, None, None, None], [252959, None, None, None]]]",The Nile drains through Russia.,the nile drains through russia.
197191,VERIFIABLE,REFUTES,Omar Sharif was fluent exclusively in Hebrew.,"[[[231741, 235117, 'Omar_Sharif', 7]], [[231742, 235118, 'Omar_Sharif', 7]]]",Omar Sharif was fluent exclusively in Hebrew.,omar sharif was fluent exclusively in hebrew.
179553,NOT VERIFIABLE,NOT ENOUGH INFO,The Singing Detective had an episode called Runaway.,"[[[208369, None, None, None]]]",The Singing Detective had an episode called Runaway.,the singing detective had an episode called runaway.
117594,VERIFIABLE,SUPPORTS,Natasha Richardson starred in The Handmaid's Tale.,"[[[137987, 152959, 'Natasha_Richardson', 9]]]",Natasha Richardson starred in The Handmaid's Tale.,natasha richardson starred in the handmaid's tale.
26020,NOT VERIFIABLE,NOT ENOUGH INFO,Kalpana Raghavendar is a grave robber.,"[[[42023, None, None, None]]]",Kalpana Raghavendar is a grave robber.,kalpana raghavendar is a grave robber.
214869,VERIFIABLE,SUPPORTS,"History of art includes architecture, dance, sculpture, music, painting, poetry literature, theatre, narrative, film, photography and graphic arts.","[[[255791, 255153, 'History_of_art', 2]]]","History of art includes architecture, dance, sculpture, music, painting, poetry literature, theatre, narrative, film, photography and graphic arts.","history of art includes architecture, dance, sculpture, music, painting, poetry literature, theatre, narrative, film, photography and graphic arts."
226225,VERIFIABLE,SUPPORTS,Gift of the Night Fury stars the voice of an Canadian filmmaker.,"[[[269706, 265958, 'Gift_of_the_Night_Fury', 6], [269706, 265958, 'Jay_Baruchel', 0], [269706, 265958, 'Gift_of_the_Night_Fury', 0]]]",Gift of the Night Fury stars the voice of an Canadian filmmaker.,gift of the night fury stars the voice of an canadian filmmaker.
213096,VERIFIABLE,SUPPORTS,Marlon Brando was in a film.,"[[[252776, 252632, 'Marlon_Brando', 4], [252776, 252632, 'Apocalypse_Now', 0], [252776, 252632, 'Last_Tango_in_Paris', 0], [252776, 252632, 'Reflections_in_a_Golden_Eye_-LRB-film-RRB-', 0], [252776, 252632, 'Sayonara', 0], [252776, 252632, 'The_Wild_One', 0]], [[252776, 252633, 'Marlon_Brando', 3], [252776, 252633, 'On_the_Waterfront', 0], [252776, 252633, 'The_Godfather', 0]], [[252776, 252634, 'Marlon_Brando', 8], [252776, 252634, 'Julius_Caesar_-LRB-1953_film-RRB-', 0]], [[252776, 252635, 'Marlon_Brando', 9], [252776, 252635, 'On_the_Waterfront', 0], [252776, 252635, 'The_Wild_One', 0]], [[252776, 252636, 'Marlon_Brando', 11], [252776, 252636, 'Julius_Caesar_-LRB-1953_film-RRB-', 0], [252776, 252636, 'Sayonara', 0]], [[252776, 252637, 'Marlon_Brando', 16], [252776, 252637, 'Julius_Caesar_-LRB-1953_film-RRB-', 0], [252776, 252637, 'Mutiny_on_the_Bounty_-LRB-1962_film-RRB-', 0], [252776, 252637, 'One-Eyed_Jacks', 0]], [[252776, 252638, 'Marlon_Brando', 17], [252776, 252638, 'The_Godfather', 0]], [[252776, 252639, 'Marlon_Brando', 19], [252776, 252639, 'Last_Tango_in_Paris', 0]], [[252776, 252640, 'Marlon_Brando', 20], [252776, 252640, 'The_Missouri_Breaks', 0]], [[252776, 252641, 'Marlon_Brando', 22], [252776, 252641, 'Superman_-LRB-1978_film-RRB-', 0]], [[252776, 252642, 'Marlon_Brando', 23], [252776, 252642, 'Apocalypse_Now', 0]]]",Marlon Brando was in a film.,marlon brando was in a film.
179554,NOT VERIFIABLE,NOT ENOUGH INFO,The Singing Detective has episodes.,"[[[208372, None, None, None]]]",The Singing Detective has episodes.,the singing detective has episodes.
225774,VERIFIABLE,REFUTES,Cher has only won awards for film.,"[[[269138, 265538, 'Cher', 25]]]",Cher has only won awards for film.,cher has only won awards for film.
93160,VERIFIABLE,REFUTES,Friday the 13th is a single film.,"[[[110519, 124122, 'Friday_the_13th_-LRB-franchise-RRB-', 0]], [[110519, 124123, 'Friday_the_13th_-LRB-franchise-RRB-', 5]], [[110519, 124124, 'Friday_the_13th_-LRB-franchise-RRB-', 8]], [[110519, 124125, 'Friday_the_13th_-LRB-franchise-RRB-', 9]], [[110519, 124126, 'Friday_the_13th_-LRB-franchise-RRB-', 11]], [[110519, 124127, 'Friday_the_13th_-LRB-franchise-RRB-', 16]], [[110519, 124128, 'Friday_the_13th_-LRB-franchise-RRB-', 17]]]",Friday the 13th is a single film.,friday the 13th is a single film.
32921,VERIFIABLE,REFUTES,Jim Parsons stars in an NBC show.,"[[[49010, 58351, 'Jim_Parsons', 1]]]",Jim Parsons stars in an NBC show.,jim parsons stars in an nbc show.
168250,VERIFIABLE,SUPPORTS,Iran is a power.,"[[[193727, 204207, 'Iran', 35]]]",Iran is a power.,iran is a power.
194161,VERIFIABLE,REFUTES,To The Bone includes Emma Stone.,"[[[227384, 231767, 'To_the_Bone_-LRB-film-RRB-', 1]]]",To The Bone includes Emma Stone.,to the bone includes emma stone.
184840,VERIFIABLE,REFUTES,Hungary is surrounded by water.,"[[[215383, 222267, 'Hungary', 1]]]",Hungary is surrounded by water.,hungary is surrounded by water.
153792,NOT VERIFIABLE,NOT ENOUGH INFO,Aix-Marseille-Provence Metropolis is in America.,"[[[177758, None, None, None]]]",Aix-Marseille-Provence Metropolis is in America.,aix-marseille-provence metropolis is in america.
188114,VERIFIABLE,SUPPORTS,Thiokol was also known as Thiokol Chemical Corporation.,"[[[219519, 225513, 'Thiokol', 0]]]",Thiokol was also known as Thiokol Chemical Corporation.,thiokol was also known as thiokol chemical corporation.
151967,NOT VERIFIABLE,NOT ENOUGH INFO,Andy Kaufman was a performer.,"[[[175992, None, None, None]]]",Andy Kaufman was a performer.,andy kaufman was a performer.
72105,NOT VERIFIABLE,NOT ENOUGH INFO,Olivia Wilde is a dancer.,"[[[88787, None, None, None]]]",Olivia Wilde is a dancer.,olivia wilde is a dancer.
135333,NOT VERIFIABLE,NOT ENOUGH INFO,Frank Sinatra died in December.,"[[[157922, None, None, None]]]",Frank Sinatra died in December.,frank sinatra died in december.
179202,VERIFIABLE,SUPPORTS,Up All Night is One Direction's debut album.,"[[[207900, 216088, 'Up_All_Night_-LRB-One_Direction_album-RRB-', 0]]]",Up All Night is One Direction's debut album.,up all night is one direction's debut album.
49826,VERIFIABLE,REFUTES,Akshay Kumar is on Forbes' global list of least-paid actors.,"[[[66149, 76986, 'Akshay_Kumar', 33]]]",Akshay Kumar is on Forbes' global list of least-paid actors.,akshay kumar is on forbes' global list of least-paid actors.
226268,VERIFIABLE,SUPPORTS,Gift of the Night Fury stars the voice of an Canadian filmmaker.,"[[[269762, 265989, 'Gift_of_the_Night_Fury', 6], [269762, 265989, 'Jay_Baruchel', 0]]]",Gift of the Night Fury stars the voice of an Canadian filmmaker.,gift of the night fury stars the voice of an canadian filmmaker.
214866,VERIFIABLE,SUPPORTS,History of art includes aesthetics.,"[[[255140, 254647, 'History_of_art', 0], [255140, 254647, 'Aesthetics', 0]]]",History of art includes aesthetics.,history of art includes aesthetics.
147350,NOT VERIFIABLE,NOT ENOUGH INFO,Nosedive is an episode of a romance series.,"[[[170900, None, None, None]]]",Nosedive is an episode of a romance series.,nosedive is an episode of a romance series.
65163,NOT VERIFIABLE,NOT ENOUGH INFO,The Ten Commandments is an epic poem.,"[[[81649, None, None, None]]]",The Ten Commandments is an epic poem.,the ten commandments is an epic poem.
182552,VERIFIABLE,REFUTES,Popular culture is only about computers.,"[[[212331, 219903, 'Popular_culture', 0]]]",Popular culture is only about computers.,popular culture is only about computers.
93306,NOT VERIFIABLE,NOT ENOUGH INFO,Cirrhosis can cause blue skin.,"[[[110686, None, None, None]]]",Cirrhosis can cause blue skin.,cirrhosis can cause blue skin.
209475,NOT VERIFIABLE,NOT ENOUGH INFO,Unleashed stars Jackie Chan.,"[[[248002, None, None, None]]]",Unleashed stars Jackie Chan.,unleashed stars jackie chan.
61436,NOT VERIFIABLE,NOT ENOUGH INFO,Buddhism is a god.,"[[[77919, None, None, None]]]",Buddhism is a god.,buddhism is a god.
26861,VERIFIABLE,SUPPORTS,Pregnancy symptoms include various ailments.,"[[[43005, 51650, 'Pregnancy', 7]]]",Pregnancy symptoms include various ailments.,pregnancy symptoms include various ailments.
203280,VERIFIABLE,SUPPORTS,Extreme environments can be caused by factors.,"[[[239771, 241507, 'Extreme_environment', 1]]]",Extreme environments can be caused by factors.,extreme environments can be caused by factors.
150853,VERIFIABLE,SUPPORTS,Josh Homme has been involved with things.,"[[[174659, 187816, 'Josh_Homme', 9]]]",Josh Homme has been involved with things.,josh homme has been involved with things.
200560,VERIFIABLE,SUPPORTS,Johan Heldenbergh starred in a movie.,"[[[235920, 238505, 'Johan_Heldenbergh', 1]]]",Johan Heldenbergh starred in a movie.,johan heldenbergh starred in a movie.
88618,VERIFIABLE,REFUTES,The Champ stars Robert Pattinson.,"[[[276806, 271858, 'The_Champ_-LRB-1979_film-RRB-', 1]], [[276807, 271859, 'The_Champ_-LRB-1979_film-RRB-', 1]], [[322814, 311092, 'The_Champ_-LRB-1979_film-RRB-', 1]]]",The Champ stars Robert Pattinson.,the champ stars robert pattinson.
130283,VERIFIABLE,REFUTES,Land Rover lacks the ability to make cars.,"[[[152551, 167344, 'Land_Rover', 0]], [[152551, 167345, 'Land_Rover', 10], [152551, 167345, 'Jaguar_Cars', 0]], [[152551, 167346, 'Land_Rover', 4], [152551, 167346, 'Rover_Company', 4]], [[152551, 167347, 'Land_Rover', 5], [152551, 167347, 'Land_Rover_Discovery', 0]]]",Land Rover lacks the ability to make cars.,land rover lacks the ability to make cars.
186155,VERIFIABLE,SUPPORTS,There are people in Ontario.,"[[[217084, 223726, 'Ontario', 1]]]",There are people in Ontario.,there are people in ontario.
78717,NOT VERIFIABLE,NOT ENOUGH INFO,The World According to Paris starred Hilton's then-girlfriend.,"[[[95675, None, None, None]]]",The World According to Paris starred Hilton's then-girlfriend.,the world according to paris starred hilton's then-girlfriend.
193520,VERIFIABLE,REFUTES,Maisie Williams portrays Sansa Stark.,"[[[226596, 231130, 'Maisie_Williams', 1]]]",Maisie Williams portrays Sansa Stark.,maisie williams portrays sansa stark.
62739,VERIFIABLE,SUPPORTS,Nikola Tesla was a person.,"[[[79165, 90792, 'Nikola_Tesla', 0]]]",Nikola Tesla was a person.,nikola tesla was a person.
200425,VERIFIABLE,SUPPORTS,"Snoop Dogg has the albums Da Game Is to Be Sold, Not to Be Told and No Limit Top Dogg.","[[[235758, 238322, 'Snoop_Dogg', 13], [235758, 238322, 'Snoop_Dogg', 14]]]","Snoop Dogg has the albums Da Game Is to Be Sold, Not to Be Told and No Limit Top Dogg.","snoop dogg has the albums da game is to be sold, not to be told and no limit top dogg."
192099,VERIFIABLE,REFUTES,The Long Run was rejected by the Eagles.,"[[[224681, 229474, 'The_Long_Run_-LRB-song-RRB-', 0]]]",The Long Run was rejected by the Eagles.,the long run was rejected by the eagles.
64862,VERIFIABLE,REFUTES,Adele is an actress.,"[[[81342, 93125, 'Adele', 0]]]",Adele is an actress.,adele is an actress.
86273,VERIFIABLE,SUPPORTS,"Vikrant Massey starred in Dharam Veer, Balika Vadhu, Baba Aiso Varr Dhoondo, V The Serial, and Qubool Hai.","[[[274178, 269497, 'Vikrant_Massey', 1]], [[274188, 269501, 'Vikrant_Massey', 1]], [[276561, 271663, 'Vikrant_Massey', 1]], [[322269, 310619, 'Vikrant_Massey', 1]], [[322270, 310620, 'Vikrant_Massey', 1]], [[322283, 310648, 'Vikrant_Massey', 1]]]","Vikrant Massey starred in Dharam Veer, Balika Vadhu, Baba Aiso Varr Dhoondo, V The Serial, and Qubool Hai.","vikrant massey starred in dharam veer, balika vadhu, baba aiso varr dhoondo, v the serial, and qubool hai."
116141,VERIFIABLE,SUPPORTS,Jim Parsons stars in a show.,"[[[282538, 276725, 'Jim_Parsons', 1]], [[282543, 276728, 'Jim_Parsons', 1], [282543, 276728, 'The_Big_Bang_Theory', 0]], [[282544, 276729, 'Jim_Parsons', 1], [282544, 276729, 'The_Big_Bang_Theory', 0]], [[282545, 276730, 'Jim_Parsons', 1]], [[330692, 317294, 'Jim_Parsons', 1]]]",Jim Parsons stars in a show.,jim parsons stars in a show.
206310,NOT VERIFIABLE,NOT ENOUGH INFO,Billy Bob Thornton appeared in a film.,"[[[243915, None, None, None]]]",Billy Bob Thornton appeared in a film.,billy bob thornton appeared in a film.
213219,VERIFIABLE,SUPPORTS,The Nile drains through a forest.,"[[[252941, 252823, 'Nile', 2], [252941, 252823, 'Kenya', 11]]]",The Nile drains through a forest.,the nile drains through a forest.
34224,NOT VERIFIABLE,NOT ENOUGH INFO,Ron Perlman is a singer.,"[[[50342, None, None, None]]]",Ron Perlman is a singer.,ron perlman is a singer.
81414,NOT VERIFIABLE,NOT ENOUGH INFO,Apple Inc.'s consumer software includes dead people.,"[[[98461, None, None, None]]]",Apple Inc.'s consumer software includes dead people.,apple inc.'s consumer software includes dead people.
202353,VERIFIABLE,REFUTES,Destiny was released exclusively for the Wii.,"[[[238391, 240432, 'Destiny_-LRB-video_game-RRB-', 1]], [[238394, 240434, 'Destiny_-LRB-video_game-RRB-', 1]]]",Destiny was released exclusively for the Wii.,destiny was released exclusively for the wii.
74199,VERIFIABLE,REFUTES,Willie Nelson joined his first band at sixteen.,"[[[93343, 106299, 'Willie_Nelson', 6]]]",Willie Nelson joined his first band at sixteen.,willie nelson joined his first band at sixteen.
147385,VERIFIABLE,SUPPORTS,Minos fathered a child.,"[[[170932, 184477, 'Minos', 4]], [[170932, 184478, 'Minos', 5]], [[170932, 184479, 'Minos', 6]], [[170932, 184480, 'Minos', 7]]]",Minos fathered a child.,minos fathered a child.
93975,NOT VERIFIABLE,NOT ENOUGH INFO,"Views had the album ""One Dance.""","[[[111377, None, None, None]]]","Views had the album ""One Dance.""","views had the album ""one dance."""
88713,VERIFIABLE,REFUTES,Hugo Weaving is a voice actor.,"[[[105945, 119323, 'Hugo_Weaving', 7]]]",Hugo Weaving is a voice actor.,hugo weaving is a voice actor.
206879,NOT VERIFIABLE,NOT ENOUGH INFO,"Ayutthaya was friendly towards Chinese, Dutch, English, Vietnamese, Indian, Japanese, Persian, Portuguese, Spanish, and French people.","[[[244619, None, None, None]]]","Ayutthaya was friendly towards Chinese, Dutch, English, Vietnamese, Indian, Japanese, Persian, Portuguese, Spanish, and French people.","ayutthaya was friendly towards chinese, dutch, english, vietnamese, indian, japanese, persian, portuguese, spanish, and french people."
176522,VERIFIABLE,SUPPORTS,Sunrise created anime.,"[[[206454, 214802, 'Sunrise_-LRB-company-RRB-', 0], [206454, 214802, 'Anime', 2]], [[206454, 214803, 'Sunrise_-LRB-company-RRB-', 6]], [[206454, 214804, 'Sunrise_-LRB-company-RRB-', 10]], [[206454, 214805, 'Sunrise_-LRB-company-RRB-', 19]]]",Sunrise created anime.,sunrise created anime.
186137,NOT VERIFIABLE,NOT ENOUGH INFO,There are bodies of water in Ontario.,"[[[217058, None, None, None]]]",There are bodies of water in Ontario.,there are bodies of water in ontario.
140831,VERIFIABLE,REFUTES,The Walt Disney Company owns the Rocky Mountains.,"[[[163833, 178073, 'The_Walt_Disney_Company', 10]]]",The Walt Disney Company owns the Rocky Mountains.,the walt disney company owns the rocky mountains.
171978,VERIFIABLE,SUPPORTS,Warm Leatherette is by a woman.,"[[[198462, 208313, 'Warm_Leatherette_-LRB-album-RRB-', 0], [198462, 208313, 'Grace_Jones', 1]]]",Warm Leatherette is by a woman.,warm leatherette is by a woman.
88767,NOT VERIFIABLE,NOT ENOUGH INFO,Venus Williams is one of the best female tennis players.,"[[[105984, None, None, None]]]",Venus Williams is one of the best female tennis players.,venus williams is one of the best female tennis players.
179914,VERIFIABLE,SUPPORTS,Cape Fear involved a writer.,"[[[208848, 216818, 'Cape_Fear_-LRB-1991_film-RRB-', 0], [208848, 216818, 'Martin_Scorsese', 0]]]",Cape Fear involved a writer.,cape fear involved a writer.
206303,VERIFIABLE,SUPPORTS,Billy Bob Thornton appeared in U Turn.,"[[[246119, 246712, 'Billy_Bob_Thornton', 4]]]",Billy Bob Thornton appeared in U Turn.,billy bob thornton appeared in u turn.
136259,NOT VERIFIABLE,NOT ENOUGH INFO,One America News Network is a Canadian television channel.,"[[[291180, None, None, None], [293313, None, None, None], [337005, None, None, None], [337010, None, None, None]]]",One America News Network is a Canadian television channel.,one america news network is a canadian television channel.
176781,NOT VERIFIABLE,NOT ENOUGH INFO,Legion was written by a man.,"[[[204827, None, None, None]]]",Legion was written by a man.,legion was written by a man.
135060,NOT VERIFIABLE,NOT ENOUGH INFO,Bonnie Hunt was in Shawshank Redemption.,"[[[157639, None, None, None]]]",Bonnie Hunt was in Shawshank Redemption.,bonnie hunt was in shawshank redemption.
101411,VERIFIABLE,REFUTES,Henry V is an American film.,"[[[120939, 135247, 'Henry_V_-LRB-2012_film-RRB-', 0]], [[120948, 135254, 'Henry_V_-LRB-2012_film-RRB-', 0]]]",Henry V is an American film.,henry v is an american film.
32337,NOT VERIFIABLE,NOT ENOUGH INFO,IBM invented the personal computer.,"[[[48447, None, None, None]]]",IBM invented the personal computer.,ibm invented the personal computer.
197235,VERIFIABLE,REFUTES,Omar Sharif was fluent exclusively in Hebrew.,"[[[231807, 235165, 'Omar_Sharif', 7]], [[231808, 235166, 'Omar_Sharif', 7]]]",Omar Sharif was fluent exclusively in Hebrew.,omar sharif was fluent exclusively in hebrew.
18721,VERIFIABLE,SUPPORTS,Patty Hearst was kidnapped.,"[[[34345, 41664, 'Patty_Hearst', 1]]]",Patty Hearst was kidnapped.,patty hearst was kidnapped.
223108,NOT VERIFIABLE,NOT ENOUGH INFO,Your Highness stars a bird.,"[[[265764, None, None, None]]]",Your Highness stars a bird.,your highness stars a bird.
143162,NOT VERIFIABLE,NOT ENOUGH INFO,Snooki is a Pisces.,"[[[166229, None, None, None]]]",Snooki is a Pisces.,snooki is a pisces.
44623,NOT VERIFIABLE,NOT ENOUGH INFO,One America News Network is a science fiction television channel.,"[[[60989, None, None, None]]]",One America News Network is a science fiction television channel.,one america news network is a science fiction television channel.
52886,NOT VERIFIABLE,NOT ENOUGH INFO,Jim Parsons stars in an NBC show.,"[[[69168, None, None, None]]]",Jim Parsons stars in an NBC show.,jim parsons stars in an nbc show.
215168,NOT VERIFIABLE,NOT ENOUGH INFO,James and the Giant Peach was a silent animated film.,"[[[255521, None, None, None]]]",James and the Giant Peach was a silent animated film.,james and the giant peach was a silent animated film.
199044,NOT VERIFIABLE,NOT ENOUGH INFO,International Relations includes animals.,"[[[234026, None, None, None]]]",International Relations includes animals.,international relations includes animals.
152295,VERIFIABLE,REFUTES,Kurt Russell signed a contract with Time Warner.,"[[[177945, 190625, 'Kurt_Russell', 2]]]",Kurt Russell signed a contract with Time Warner.,kurt russell signed a contract with time warner.
113964,VERIFIABLE,SUPPORTS,Bal Gangadhar Tilak taught.,"[[[133860, 148724, 'Bal_Gangadhar_Tilak', 0]]]",Bal Gangadhar Tilak taught.,bal gangadhar tilak taught.
223886,VERIFIABLE,REFUTES,All original members of Stone Temple Pilots were exclusively from Somalia.,"[[[266728, 263624, 'Stone_Temple_Pilots', 0]]]",All original members of Stone Temple Pilots were exclusively from Somalia.,all original members of stone temple pilots were exclusively from somalia.
199060,NOT VERIFIABLE,NOT ENOUGH INFO,International Relations includes animals.,"[[[234043, None, None, None]]]",International Relations includes animals.,international relations includes animals.
218911,NOT VERIFIABLE,NOT ENOUGH INFO,"Renaissance art involved Masaccio, Brunelleschi, Ghiberti, Piero della Francesca, Donatello and Michelozzo, and Florence.","[[[260270, None, None, None]]]","Renaissance art involved Masaccio, Brunelleschi, Ghiberti, Piero della Francesca, Donatello and Michelozzo, and Florence.","renaissance art involved masaccio, brunelleschi, ghiberti, piero della francesca, donatello and michelozzo, and florence."
198997,NOT VERIFIABLE,NOT ENOUGH INFO,International Relations includes animals.,"[[[233975, None, None, None]]]",International Relations includes animals.,international relations includes animals.
154460,VERIFIABLE,SUPPORTS,Minions is a film production.,"[[[178452, 191034, 'Minions_-LRB-film-RRB-', 0]]]",Minions is a film production.,minions is a film production.
171199,VERIFIABLE,REFUTES,Mr. Nobody is a comedic film.,"[[[197590, 207594, 'Mr._Nobody_-LRB-film-RRB-', 0]]]",Mr. Nobody is a comedic film.,mr. nobody is a comedic film.
184930,NOT VERIFIABLE,NOT ENOUGH INFO,Winnipeg is home to the Parliament of Canada.,"[[[215466, None, None, None]]]",Winnipeg is home to the Parliament of Canada.,winnipeg is home to the parliament of canada.
140061,NOT VERIFIABLE,NOT ENOUGH INFO,Bonnie Hunt was in Shawshank Redemption.,"[[[163024, None, None, None]]]",Bonnie Hunt was in Shawshank Redemption.,bonnie hunt was in shawshank redemption.
135156,NOT VERIFIABLE,NOT ENOUGH INFO,Rainn Wilson attended the University of Pennsylvania.,"[[[157737, None, None, None]]]",Rainn Wilson attended the University of Pennsylvania.,rainn wilson attended the university of pennsylvania.
196273,NOT VERIFIABLE,NOT ENOUGH INFO,Emily Browning starred in a show.,"[[[230617, None, None, None]]]",Emily Browning starred in a show.,emily browning starred in a show.
196227,NOT VERIFIABLE,NOT ENOUGH INFO,The Prince of Egypt is a creative work.,"[[[230574, None, None, None]]]",The Prince of Egypt is a creative work.,the prince of egypt is a creative work.
225936,NOT VERIFIABLE,NOT ENOUGH INFO,Hate group practices a philosopy.,"[[[269348, None, None, None]]]",Hate group practices a philosopy.,hate group practices a philosopy.
203988,VERIFIABLE,REFUTES,Laura Linney was on the Titanic.,"[[[240785, 242399, 'Laura_Linney', 0]]]",Laura Linney was on the Titanic.,laura linney was on the titanic.
23855,VERIFIABLE,SUPPORTS,Michelle Williams starred in a film.,"[[[39796, 47881, 'Michelle_Williams_-LRB-actress-RRB-', 1]]]",Michelle Williams starred in a film.,michelle williams starred in a film.
134060,NOT VERIFIABLE,NOT ENOUGH INFO,Pregnancy symptoms include various ailments.,"[[[156595, None, None, None]]]",Pregnancy symptoms include various ailments.,pregnancy symptoms include various ailments.
180828,VERIFIABLE,SUPPORTS,Central America contains agriculture.,"[[[209882, 217677, 'Central_America', 2], [209882, 217677, 'Costa_Rica', 13], [209882, 217677, 'El_Salvador', 16]]]",Central America contains agriculture.,central america contains agriculture.
228676,VERIFIABLE,SUPPORTS,How to Lose Friends & Alienate People stars an english actor.,"[[[272846, 268518, 'How_to_Lose_Friends_&_Alienate_People_-LRB-film-RRB-', 6], [272846, 268518, 'Max_Minghella', 0], [272846, 268518, 'Simon_Pegg', 0]]]",How to Lose Friends & Alienate People stars an english actor.,how to lose friends & alienate people stars an english actor.
77337,NOT VERIFIABLE,NOT ENOUGH INFO,"West Hollywood, California is referred to as SoHo.","[[[94256, None, None, None]]]","West Hollywood, California is referred to as SoHo.","west hollywood, california is referred to as soho."
109985,VERIFIABLE,SUPPORTS,Mary Marvel predates something.,"[[[129049, 143823, 'Mary_Marvel', 7]]]",Mary Marvel predates something.,mary marvel predates something.
156066,NOT VERIFIABLE,NOT ENOUGH INFO,The Voice is a dancing competition.,"[[[180122, None, None, None]]]",The Voice is a dancing competition.,the voice is a dancing competition.
68867,NOT VERIFIABLE,NOT ENOUGH INFO,Merlin was created by a person.,"[[[85497, None, None, None]]]",Merlin was created by a person.,merlin was created by a person.
176439,NOT VERIFIABLE,NOT ENOUGH INFO,Sunrise created Ghost in the Shell.,"[[[204361, None, None, None]]]",Sunrise created Ghost in the Shell.,sunrise created ghost in the shell.
11822,NOT VERIFIABLE,NOT ENOUGH INFO,Lionel Messi stayed in Boston his whole life.,"[[[27058, None, None, None]]]",Lionel Messi stayed in Boston his whole life.,lionel messi stayed in boston his whole life.
187696,VERIFIABLE,SUPPORTS,United Kingdom is a member of the United Nations.,"[[[220800, 226599, 'United_Kingdom', 36]]]",United Kingdom is a member of the United Nations.,united kingdom is a member of the united nations.
226281,NOT VERIFIABLE,NOT ENOUGH INFO,Gift of the Night Fury exclusively stars the voices of people from Kenya.,"[[[269774, None, None, None]]]",Gift of the Night Fury exclusively stars the voices of people from Kenya.,gift of the night fury exclusively stars the voices of people from kenya.
205542,NOT VERIFIABLE,NOT ENOUGH INFO,Wyatt Earp worked to extract minerals.,"[[[242867, None, None, None]]]",Wyatt Earp worked to extract minerals.,wyatt earp worked to extract minerals.
32184,NOT VERIFIABLE,NOT ENOUGH INFO,Superman works for Clark Kent.,"[[[48299, None, None, None]]]",Superman works for Clark Kent.,superman works for clark kent.
166553,NOT VERIFIABLE,NOT ENOUGH INFO,Christine Daaé is a character from Twilight.,"[[[191553, None, None, None]]]",Christine Daaé is a character from Twilight.,christine daaé is a character from twilight.
83825,NOT VERIFIABLE,NOT ENOUGH INFO,Inception stars Ellen Page.,"[[[100851, None, None, None]]]",Inception stars Ellen Page.,inception stars ellen page.
136457,VERIFIABLE,SUPPORTS,Donald Sutherland is a person.,"[[[289805, 282892, 'Donald_Sutherland', 0]], [[289805, 282893, 'Donald_Sutherland', 3]], [[289805, 282894, 'Donald_Sutherland', 4]], [[289805, 282895, 'Donald_Sutherland', 7]], [[289805, 282896, 'Donald_Sutherland', 10]], [[289805, 282897, 'Donald_Sutherland', 11]], [[289805, 282898, 'Donald_Sutherland', 12]], [[289805, 282899, 'Donald_Sutherland', 13]], [[293338, 285908, 'Donald_Sutherland', 0]], [[293338, 285909, 'Donald_Sutherland', 3]], [[293338, 285910, 'Donald_Sutherland', 4]], [[293338, 285911, 'Donald_Sutherland', 7]], [[293338, 285912, 'Donald_Sutherland', 10]], [[293338, 285913, 'Donald_Sutherland', 11]], [[293338, 285914, 'Donald_Sutherland', 12]], [[293338, 285915, 'Donald_Sutherland', 13]], [[337028, 322470, 'Donald_Sutherland', 0]], [[337038, 322476, 'Donald_Sutherland', 0]], [[337046, 322481, 'Donald_Sutherland', 0]], [[337046, 322482, 'Donald_Sutherland', 13]]]",Donald Sutherland is a person.,donald sutherland is a person.
58976,VERIFIABLE,SUPPORTS,"The United Kingdom includes England, Scotland, Wales and Northern Ireland.","[[[75416, 86673, 'United_Kingdom', 15]]]","The United Kingdom includes England, Scotland, Wales and Northern Ireland.","the united kingdom includes england, scotland, wales and northern ireland."
215701,NOT VERIFIABLE,NOT ENOUGH INFO,Super Street Fighter II Turbo is a singing only game.,"[[[256269, None, None, None]]]",Super Street Fighter II Turbo is a singing only game.,super street fighter ii turbo is a singing only game.
49862,VERIFIABLE,SUPPORTS,21 Jump Street was released in the United States.,"[[[66180, 77013, '21_Jump_Street_-LRB-film-RRB-', 0]]]",21 Jump Street was released in the United States.,21 jump street was released in the united states.
218606,VERIFIABLE,REFUTES,Transformers: The Last Knight stars Tom Cruise.,"[[[259920, 258436, 'Transformers-COLON-_The_Last_Knight', 2]]]",Transformers: The Last Knight stars Tom Cruise.,transformers: the last knight stars tom cruise.
82222,VERIFIABLE,REFUTES,Michelle Pfeiffer lost a BAFTA Award.,"[[[99286, 112421, 'Michelle_Pfeiffer', 6]]]",Michelle Pfeiffer lost a BAFTA Award.,michelle pfeiffer lost a bafta award.
61277,NOT VERIFIABLE,NOT ENOUGH INFO,The Champ stars Robert Pattinson.,"[[[77773, None, None, None]]]",The Champ stars Robert Pattinson.,the champ stars robert pattinson.
174248,VERIFIABLE,REFUTES,Oliver Reed was in a movie in 1936.,"[[[201375, 210832, 'Oliver_Reed', 0]]]",Oliver Reed was in a movie in 1936.,oliver reed was in a movie in 1936.
2586,NOT VERIFIABLE,NOT ENOUGH INFO,Ron Perlman is an American citizen.,"[[[18582, None, None, None]]]",Ron Perlman is an American citizen.,ron perlman is an american citizen.
191901,NOT VERIFIABLE,NOT ENOUGH INFO,The Hangover Part III includes Dave Chapelle.,"[[[224445, None, None, None]]]",The Hangover Part III includes Dave Chapelle.,the hangover part iii includes dave chapelle.
187715,VERIFIABLE,SUPPORTS,The United Kingdom is a member of organizations.,"[[[219027, 225163, 'United_Kingdom', 39]], [[219028, 225164, 'United_Kingdom', 39]]]",The United Kingdom is a member of organizations.,the united kingdom is a member of organizations.
162559,VERIFIABLE,REFUTES,Ed Sheeran is an English muffin.,"[[[187119, 198815, 'Ed_Sheeran', 0]]]",Ed Sheeran is an English muffin.,ed sheeran is an english muffin.
47687,NOT VERIFIABLE,NOT ENOUGH INFO,Bonnie Hunt was in Shawshank Redemption.,"[[[64071, None, None, None]]]",Bonnie Hunt was in Shawshank Redemption.,bonnie hunt was in shawshank redemption.
182426,VERIFIABLE,SUPPORTS,Gareth Neame is an award winner.,"[[[212165, 219768, 'Gareth_Neame', 0]]]",Gareth Neame is an award winner.,gareth neame is an award winner.
224840,VERIFIABLE,REFUTES,Snoop Dogg is from Maine.,"[[[267905, 264533, 'Snoop_Dogg', 0]]]",Snoop Dogg is from Maine.,snoop dogg is from maine.
210095,NOT VERIFIABLE,NOT ENOUGH INFO,Led Zeppelin is an English rock band.,"[[[248857, None, None, None]]]",Led Zeppelin is an English rock band.,led zeppelin is an english rock band.
127399,NOT VERIFIABLE,NOT ENOUGH INFO,Egypt is a member of the Boys and Girls Club.,"[[[149274, None, None, None]]]",Egypt is a member of the Boys and Girls Club.,egypt is a member of the boys and girls club.
145320,VERIFIABLE,SUPPORTS,IBM invented the personal computer.,"[[[168622, 182357, 'IBM', 6], [168622, 182357, 'Personal_computer', 0]]]",IBM invented the personal computer.,ibm invented the personal computer.
116575,VERIFIABLE,SUPPORTS,There are Christian states in the world.,"[[[136942, 151773, 'Christian_state', 2]]]",There are Christian states in the world.,there are christian states in the world.
108776,VERIFIABLE,SUPPORTS,Whiplash features a person.,"[[[127622, 142216, 'Whiplash_-LRB-2014_film-RRB-', 0]], [[127622, 142217, 'Whiplash_-LRB-2014_film-RRB-', 1]]]",Whiplash features a person.,whiplash features a person.
216072,VERIFIABLE,REFUTES,The 19th G7 summit included Mexico.,"[[[256724, 255884, '19th_G7_summit', 4]]]",The 19th G7 summit included Mexico.,the 19th g7 summit included mexico.
79168,VERIFIABLE,REFUTES,Volleyball is a business.,"[[[96131, 109208, 'Volleyball', 0]]]",Volleyball is a business.,volleyball is a business.
176790,VERIFIABLE,REFUTES,Legion was written by Peter Griffin.,"[[[204856, 213547, 'Legion_-LRB-2010_film-RRB-', 0]]]",Legion was written by Peter Griffin.,legion was written by peter griffin.
205923,NOT VERIFIABLE,NOT ENOUGH INFO,Cosmopolitan as of 2011 contains content which includes articles on political dialogue.,"[[[243402, None, None, None]]]",Cosmopolitan as of 2011 contains content which includes articles on political dialogue.,cosmopolitan as of 2011 contains content which includes articles on political dialogue.
226332,NOT VERIFIABLE,NOT ENOUGH INFO,Gift of the Night Fury exclusively stars the voices of people from Kenya.,"[[[269842, None, None, None]]]",Gift of the Night Fury exclusively stars the voices of people from Kenya.,gift of the night fury exclusively stars the voices of people from kenya.
179545,VERIFIABLE,REFUTES,Every episode of The Singing Detective is called Pilot.,"[[[208363, 216435, 'The_Singing_Detective', 1]]]",Every episode of The Singing Detective is called Pilot.,every episode of the singing detective is called pilot.
133620,NOT VERIFIABLE,NOT ENOUGH INFO,The Walt Disney Company owns Nickelodeon.,"[[[156166, None, None, None]]]",The Walt Disney Company owns Nickelodeon.,the walt disney company owns nickelodeon.
155503,NOT VERIFIABLE,NOT ENOUGH INFO,The Champ stars an Armenian actress.,"[[[179561, None, None, None]]]",The Champ stars an Armenian actress.,the champ stars an armenian actress.
228129,VERIFIABLE,SUPPORTS,Kafka stars an english actor.,"[[[272141, 267847, 'Kafka_-LRB-film-RRB-', 2], [272141, 267847, 'Jeremy_Irons', 0]], [[272146, 267852, 'Kafka_-LRB-film-RRB-', 2], [272146, 267852, 'Alec_Guinness', 0], [272146, 267852, 'Ian_Holm', 0], [272146, 267852, 'Jeremy_Irons', 0]]]",Kafka stars an english actor.,kafka stars an english actor.
177813,VERIFIABLE,REFUTES,Labor Pains was released in August in a country.,"[[[207410, 215690, 'Labor_Pains', 1]], [[207410, 215691, 'Labor_Pains', 2]]]",Labor Pains was released in August in a country.,labor pains was released in august in a country.
33678,VERIFIABLE,REFUTES,Miss Selfridge began in a corpse.,"[[[101477, 114723, 'Miss_Selfridge', 0]], [[306905, 297481, 'Miss_Selfridge', 0]]]",Miss Selfridge began in a corpse.,miss selfridge began in a corpse.
35632,NOT VERIFIABLE,NOT ENOUGH INFO,Tony Blair is a leader of the Labour Party.,"[[[51821, None, None, None]]]",Tony Blair is a leader of the Labour Party.,tony blair is a leader of the labour party.
139485,NOT VERIFIABLE,NOT ENOUGH INFO,Bal Gangadhar Tilak taught.,"[[[162335, None, None, None]]]",Bal Gangadhar Tilak taught.,bal gangadhar tilak taught.
48476,VERIFIABLE,SUPPORTS,Led Zeppelin is an English rock band.,"[[[64845, 75701, 'Led_Zeppelin', 0]], [[64845, 75702, 'Led_Zeppelin', 1], [64845, 75702, 'John_Paul_Jones_-LRB-musician-RRB-', 1]], [[64845, 75703, 'Led_Zeppelin', 5], [64845, 75703, 'Led_Zeppelin_-LRB-album-RRB-', 0]], [[64845, 75704, 'Led_Zeppelin', 6], [64845, 75704, 'Houses_of_the_Holy', 0]], [[64845, 75705, 'Led_Zeppelin', 7], [64845, 75705, 'Stairway_to_Heaven', 0]]]",Led Zeppelin is an English rock band.,led zeppelin is an english rock band.
226364,VERIFIABLE,REFUTES,Gift of the Night Fury only stars the voices of actors and actresses born in October.,"[[[269880, 266056, 'Gift_of_the_Night_Fury', 6], [269880, 266056, 'America_Ferrera', 0]]]",Gift of the Night Fury only stars the voices of actors and actresses born in October.,gift of the night fury only stars the voices of actors and actresses born in october.
124103,NOT VERIFIABLE,NOT ENOUGH INFO,Tardigrades are also known as earth bears.,"[[[145635, None, None, None]]]",Tardigrades are also known as earth bears.,tardigrades are also known as earth bears.
48653,NOT VERIFIABLE,NOT ENOUGH INFO,Joe Manganiello has worked with an actor.,"[[[149295, None, None, None], [151955, None, None, None], [312947, None, None, None]]]",Joe Manganiello has worked with an actor.,joe manganiello has worked with an actor.
91658,VERIFIABLE,REFUTES,The Fosters is a film.,"[[[108994, 122705, 'The_Fosters_-LRB-2013_TV_series-RRB-', 0]], [[108994, 122706, 'The_Fosters_-LRB-2013_TV_series-RRB-', 4]]]",The Fosters is a film.,the fosters is a film.
127585,NOT VERIFIABLE,NOT ENOUGH INFO,Dan Martin is Canadian.,"[[[288349, None, None, None], [288350, None, None, None], [333553, None, None, None], [334700, None, None, None]]]",Dan Martin is Canadian.,dan martin is canadian.
171819,NOT VERIFIABLE,NOT ENOUGH INFO,Mirka Federer was born in Europe.,"[[[198271, None, None, None]]]",Mirka Federer was born in Europe.,mirka federer was born in europe.
145290,NOT VERIFIABLE,NOT ENOUGH INFO,Girls' Generation includes PSY.,"[[[168587, None, None, None]]]",Girls' Generation includes PSY.,girls' generation includes psy.
186166,VERIFIABLE,REFUTES,There are zero bodies of water in Ontario.,"[[[217100, 223741, 'Ontario', 7]], [[217100, 223742, 'Ontario', 8]], [[217116, 223753, 'Ontario', 6]], [[217116, 223754, 'Ontario', 7]], [[217116, 223755, 'Ontario', 8]], [[217122, 223760, 'Ontario', 6]], [[217122, 223761, 'Ontario', 7]], [[217122, 223762, 'Ontario', 8], [217122, 223762, 'Detroit_River', 0]]]",There are zero bodies of water in Ontario.,there are zero bodies of water in ontario.
176427,NOT VERIFIABLE,NOT ENOUGH INFO,Sunrise created Ghost in the Shell.,"[[[204351, None, None, None]]]",Sunrise created Ghost in the Shell.,sunrise created ghost in the shell.
190759,VERIFIABLE,SUPPORTS,Dysphonia can be characterized by rough vocal qualities.,"[[[222970, 228060, 'Dysphonia', 2]]]",Dysphonia can be characterized by rough vocal qualities.,dysphonia can be characterized by rough vocal qualities.
145988,VERIFIABLE,REFUTES,Jennifer Hudson was on the first season of American Idol.,"[[[169361, 183001, 'Jennifer_Hudson', 1]]]",Jennifer Hudson was on the first season of American Idol.,jennifer hudson was on the first season of american idol.
149162,NOT VERIFIABLE,NOT ENOUGH INFO,Jim Rash is a brand name.,"[[[172867, None, None, None]]]",Jim Rash is a brand name.,jim rash is a brand name.
86408,VERIFIABLE,REFUTES,Helena Bonham Carter is unable to act in movies.,"[[[103559, 116987, 'Helena_Bonham_Carter', 1]], [[103559, 116988, 'Helena_Bonham_Carter', 2], [103559, 116988, 'The_Wings_of_the_Dove_-LRB-1997_film-RRB-', 0]], [[103559, 116989, 'Helena_Bonham_Carter', 3], [103559, 116989, ""The_King's_Speech"", 0]], [[103559, 116990, 'Helena_Bonham_Carter', 7], [103559, 116990, 'Lady_Jane_-LRB-1986_film-RRB-', 0]], [[103559, 116991, 'Helena_Bonham_Carter', 8], [103559, 116991, 'Cinderella_-LRB-2015_Disney_film-RRB-', 0]], [[103559, 116992, 'Helena_Bonham_Carter', 9], [103559, 116992, 'Alice_Through_the_Looking_Glass_-LRB-2016_film-RRB-', 0]], [[103559, 116993, 'Helena_Bonham_Carter', 10], [103559, 116993, 'Burton_&_Taylor', 0]]]",Helena Bonham Carter is unable to act in movies.,helena bonham carter is unable to act in movies.
89748,NOT VERIFIABLE,NOT ENOUGH INFO,Based on a T.R.U. Story lost Best Album to Lemonade by Beyonce.,"[[[107062, None, None, None]]]",Based on a T.R.U. Story lost Best Album to Lemonade by Beyonce.,based on a t.r.u. story lost best album to lemonade by beyonce.
149099,NOT VERIFIABLE,NOT ENOUGH INFO,The brown bear is a mammal.,"[[[172790, None, None, None]]]",The brown bear is a mammal.,the brown bear is a mammal.
94094,VERIFIABLE,SUPPORTS,True Detective is a TV show.,"[[[111510, 125238, 'True_Detective', 0]], [[111533, 125293, 'True_Detective', 0]], [[111533, 125294, 'True_Detective', 1]], [[111533, 125295, 'True_Detective', 2]], [[111533, 125296, 'True_Detective', 5]], [[111533, 125297, 'True_Detective', 6]], [[111533, 125298, 'True_Detective', 19], [111533, 125298, 'Rust_Cohle', 0]], [[111533, 125299, 'True_Detective', 20]], [[111533, 125300, 'True_Detective', 9]], [[111533, 125301, 'True_Detective', 11]], [[111533, 125302, 'True_Detective', 14]]]",True Detective is a TV show.,true detective is a tv show.
145892,VERIFIABLE,REFUTES,Ātman means soulless.,"[[[169250, 182915, 'Ātman_-LRB-Hinduism-RRB-', 0]]]",Ātman means soulless.,ātman means soulless.
199143,NOT VERIFIABLE,NOT ENOUGH INFO,International Relations only includes the entertainment industry.,"[[[234144, None, None, None]]]",International Relations only includes the entertainment industry.,international relations only includes the entertainment industry.
210017,NOT VERIFIABLE,NOT ENOUGH INFO,Afghanistan is the source of an empire.,"[[[248745, None, None, None]]]",Afghanistan is the source of an empire.,afghanistan is the source of an empire.
89636,NOT VERIFIABLE,NOT ENOUGH INFO,Water only occurs artificially.,"[[[106894, None, None, None]]]",Water only occurs artificially.,water only occurs artificially.
109029,VERIFIABLE,SUPPORTS,Hugo Weaving is a voice actor.,"[[[127920, 142616, 'Hugo_Weaving', 7]]]",Hugo Weaving is a voice actor.,hugo weaving is a voice actor.
145214,VERIFIABLE,REFUTES,Get Out stars Brad Pitt.,"[[[168505, 182243, 'Get_Out_-LRB-film-RRB-', 1]]]",Get Out stars Brad Pitt.,get out stars brad pitt.
177700,VERIFIABLE,REFUTES,Tubelight is produced by an American actor.,"[[[205962, 214421, 'Tubelight_-LRB-film-RRB-', 1]]]",Tubelight is produced by an American actor.,tubelight is produced by an american actor.
228131,VERIFIABLE,SUPPORTS,Kafka stars an english actor.,"[[[272142, 267848, 'Kafka_-LRB-film-RRB-', 2], [272142, 267848, 'Jeremy_Irons', 0]]]",Kafka stars an english actor.,kafka stars an english actor.
196264,VERIFIABLE,SUPPORTS,Emily Browning starred in Something in the Air.,"[[[230655, 234300, 'Emily_Browning', 3]]]",Emily Browning starred in Something in the Air.,emily browning starred in something in the air.
44820,VERIFIABLE,SUPPORTS,Keith Urban is a writer.,"[[[61185, 71669, 'Keith_Urban', 7], [61185, 71669, 'Somebody_Like_You', 0]], [[61185, 71670, 'Keith_Urban', 10], [61185, 71670, 'Once_in_a_Lifetime_-LRB-Keith_Urban_song-RRB-', 0]]]",Keith Urban is a writer.,keith urban is a writer.
110466,NOT VERIFIABLE,NOT ENOUGH INFO,Austria is officially neutral.,"[[[130194, None, None, None]]]",Austria is officially neutral.,austria is officially neutral.
203293,NOT VERIFIABLE,NOT ENOUGH INFO,Extreme environments can be caused by a variety of factors that push equilibrium off.,"[[[239789, None, None, None]]]",Extreme environments can be caused by a variety of factors that push equilibrium off.,extreme environments can be caused by a variety of factors that push equilibrium off.
48827,NOT VERIFIABLE,NOT ENOUGH INFO,Jerome is recognized by Russians.,"[[[146564, None, None, None], [311502, None, None, None], [312962, None, None, None]]]",Jerome is recognized by Russians.,jerome is recognized by russians.
182762,VERIFIABLE,SUPPORTS,"Pitch Perfect 3 stars Anna Kendrick, Anna Camp, Rebel Wilson, Brittany Snow, Hailee Steinfeld, Alexis Knapp, Ester Dean, Hana Mae Lee, Chrissie Fit, Kelley Jakle.","[[[212686, 220164, 'Pitch_Perfect_3', 1]]]","Pitch Perfect 3 stars Anna Kendrick, Anna Camp, Rebel Wilson, Brittany Snow, Hailee Steinfeld, Alexis Knapp, Ester Dean, Hana Mae Lee, Chrissie Fit, Kelley Jakle.","pitch perfect 3 stars anna kendrick, anna camp, rebel wilson, brittany snow, hailee steinfeld, alexis knapp, ester dean, hana mae lee, chrissie fit, kelley jakle."
219101,VERIFIABLE,SUPPORTS,"Deadpool 2 featured Ryan Reynolds, Morena Baccarin, Ed Skrein, T. J. Miller, Gina Carano, Leslie Uggams, Brianna Hildebrand, and Stefan Kapičić.","[[[260617, 258969, 'Deadpool_-LRB-film-RRB-', 1]]]","Deadpool 2 featured Ryan Reynolds, Morena Baccarin, Ed Skrein, T. J. Miller, Gina Carano, Leslie Uggams, Brianna Hildebrand, and Stefan Kapičić.","deadpool 2 featured ryan reynolds, morena baccarin, ed skrein, t. j. miller, gina carano, leslie uggams, brianna hildebrand, and stefan kapičić."
101948,VERIFIABLE,SUPPORTS,Donald Sutherland is a person.,"[[[121690, 135996, 'Donald_Sutherland', 10]], [[121690, 135997, 'Donald_Sutherland', 11]]]",Donald Sutherland is a person.,donald sutherland is a person.
35415,VERIFIABLE,REFUTES,Bal Gangadhar Tilak was a horse.,"[[[51601, 61375, 'Bal_Gangadhar_Tilak', 0]]]",Bal Gangadhar Tilak was a horse.,bal gangadhar tilak was a horse.
31622,NOT VERIFIABLE,NOT ENOUGH INFO,Adrian Molina co-directed The Good Dinosaur.,"[[[47758, None, None, None]]]",Adrian Molina co-directed The Good Dinosaur.,adrian molina co-directed the good dinosaur.
155730,NOT VERIFIABLE,NOT ENOUGH INFO,Northeast megalopolis includes cities.,"[[[179795, None, None, None]]]",Northeast megalopolis includes cities.,northeast megalopolis includes cities.
171960,VERIFIABLE,SUPPORTS,Warm Leatherette is by a woman.,"[[[198435, 208292, 'Warm_Leatherette_-LRB-album-RRB-', 0], [198435, 208292, 'Grace_Jones', 1]]]",Warm Leatherette is by a woman.,warm leatherette is by a woman.
199050,VERIFIABLE,REFUTES,International Relations only includes the entertainment industry.,"[[[234032, 236929, 'International_relations', 0]], [[234032, 236930, 'International_relations', 9]]]",International Relations only includes the entertainment industry.,international relations only includes the entertainment industry.
30287,VERIFIABLE,SUPPORTS,Mary-Louise Parker did not receive a Golden Globe.,"[[[46397, 55371, 'Mary-Louise_Parker', 1]]]",Mary-Louise Parker did not receive a Golden Globe.,mary-louise parker did not receive a golden globe.
124646,NOT VERIFIABLE,NOT ENOUGH INFO,A Perfect Circle is a country supergroup.,"[[[146228, None, None, None]]]",A Perfect Circle is a country supergroup.,a perfect circle is a country supergroup.
203972,VERIFIABLE,SUPPORTS,"Laura Linney was in Lorenzo's Oil, You Can Count on Me (2000), Kinsey (2004) and The Savages (2007), Primal Fear (1996), The Truman Show (1998), Mystic River (2003), Love Actually (2003) and The Squid and the Whale (2005).","[[[240769, 242371, 'Laura_Linney', 7], [240769, 242371, 'Laura_Linney', 8]]]","Laura Linney was in Lorenzo's Oil, You Can Count on Me (2000), Kinsey (2004) and The Savages (2007), Primal Fear (1996), The Truman Show (1998), Mystic River (2003), Love Actually (2003) and The Squid and the Whale (2005).","laura linney was in lorenzo's oil, you can count on me (2000), kinsey (2004) and the savages (2007), primal fear (1996), the truman show (1998), mystic river (2003), love actually (2003) and the squid and the whale (2005)."
199047,VERIFIABLE,SUPPORTS,International Relations includes many subject matters.,"[[[234028, 236926, 'International_relations', 0]]]",International Relations includes many subject matters.,international relations includes many subject matters.
171988,NOT VERIFIABLE,NOT ENOUGH INFO,Warm Leatherette is by a woman.,"[[[198472, None, None, None]]]",Warm Leatherette is by a woman.,warm leatherette is by a woman.
72223,NOT VERIFIABLE,NOT ENOUGH INFO,Snooki is a Gemini.,"[[[90254, None, None, None]]]",Snooki is a Gemini.,snooki is a gemini.
114508,VERIFIABLE,REFUTES,Helike was submerged in 373 AD.,"[[[136032, 150868, 'Helike', 0]]]",Helike was submerged in 373 AD.,helike was submerged in 373 ad.
86857,VERIFIABLE,SUPPORTS,"Keith Urban is the artist behind the song ""Defying Gravity.""","[[[103996, 117497, 'Keith_Urban', 12]]]","Keith Urban is the artist behind the song ""Defying Gravity.""","keith urban is the artist behind the song ""defying gravity."""
187692,VERIFIABLE,SUPPORTS,United Kingdom is a member of the United Nations.,"[[[219003, 225150, 'United_Kingdom', 36]]]",United Kingdom is a member of the United Nations.,united kingdom is a member of the united nations.
203985,VERIFIABLE,SUPPORTS,Laura Linney was in a movie.,"[[[240780, 242389, 'Laura_Linney', 7]]]",Laura Linney was in a movie.,laura linney was in a movie.
123281,NOT VERIFIABLE,NOT ENOUGH INFO,The Ten Commandments is a French film.,"[[[286106, None, None, None], [288471, None, None, None], [332842, None, None, None], [332845, None, None, None], [332853, None, None, None]]]",The Ten Commandments is a French film.,the ten commandments is a french film.
83134,VERIFIABLE,REFUTES,Girls' Generation includes PSY.,"[[[100180, 113429, ""Girls'_Generation"", 1], [100180, 113429, ""Girls'_Generation"", 0]]]",Girls' Generation includes PSY.,girls' generation includes psy.
113330,NOT VERIFIABLE,NOT ENOUGH INFO,Logan is a magazine.,"[[[282159, None, None, None], [284172, None, None, None], [284175, None, None, None]]]",Logan is a magazine.,logan is a magazine.
47932,VERIFIABLE,SUPPORTS,"Vikrant Massey starred in Dharam Veer, Balika Vadhu, Baba Aiso Varr Dhoondo, V The Serial, and Qubool Hai.","[[[64300, 75058, 'Vikrant_Massey', 1]]]","Vikrant Massey starred in Dharam Veer, Balika Vadhu, Baba Aiso Varr Dhoondo, V The Serial, and Qubool Hai.","vikrant massey starred in dharam veer, balika vadhu, baba aiso varr dhoondo, v the serial, and qubool hai."
123218,NOT VERIFIABLE,NOT ENOUGH INFO,Lightning rod are called air terminals.,"[[[144713, None, None, None]]]",Lightning rod are called air terminals.,lightning rod are called air terminals.
163379,VERIFIABLE,SUPPORTS,"Ilkhanate contained Iran, Iraq, Armenia, Azerbaijan, Georgia, Turkmenistan, Turkey, western Afghanistan, and southwestern Pakistan.","[[[296899, 288621, 'Ilkhanate', 4]], [[298553, 290033, 'Ilkhanate', 4]], [[300644, 291784, 'Ilkhanate', 4]], [[344202, 327766, 'Ilkhanate', 4], [344202, 327766, 'Ilkhanate', 0]]]","Ilkhanate contained Iran, Iraq, Armenia, Azerbaijan, Georgia, Turkmenistan, Turkey, western Afghanistan, and southwestern Pakistan.","ilkhanate contained iran, iraq, armenia, azerbaijan, georgia, turkmenistan, turkey, western afghanistan, and southwestern pakistan."
228906,NOT VERIFIABLE,NOT ENOUGH INFO,Drama school offers a degree.,"[[[273121, None, None, None]]]",Drama school offers a degree.,drama school offers a degree.
1430,VERIFIABLE,REFUTES,Rio de Janeiro is in hell.,"[[[17112, 21200, 'Rio_de_Janeiro', 0]], [[17112, 21201, 'Rio_de_Janeiro', 2]]]",Rio de Janeiro is in hell.,rio de janeiro is in hell.
177871,NOT VERIFIABLE,NOT ENOUGH INFO,Sophie Turner starred in a feature film.,"[[[206166, None, None, None]]]",Sophie Turner starred in a feature film.,sophie turner starred in a feature film.
66672,NOT VERIFIABLE,NOT ENOUGH INFO,Girls' Generation is Japanese.,"[[[215560, None, None, None], [216585, None, None, None], [317084, None, None, None]]]",Girls' Generation is Japanese.,girls' generation is japanese.
135002,VERIFIABLE,SUPPORTS,Morgan Freeman is in the entertainment industry.,"[[[157583, 172178, 'Morgan_Freeman', 0]], [[157583, 172179, 'Morgan_Freeman', 1]], [[157583, 172180, 'Morgan_Freeman', 2]], [[157583, 172181, 'Morgan_Freeman', 5]], [[157583, 172182, 'Morgan_Freeman', 6]], [[157583, 172183, 'Morgan_Freeman', 7]]]",Morgan Freeman is in the entertainment industry.,morgan freeman is in the entertainment industry.
189594,NOT VERIFIABLE,NOT ENOUGH INFO,Doctor Zhivago's antagonist's name is Yuri Zhivago.,"[[[221432, None, None, None], [221434, None, None, None]]]",Doctor Zhivago's antagonist's name is Yuri Zhivago.,doctor zhivago's antagonist's name is yuri zhivago.
10775,VERIFIABLE,SUPPORTS,Donald Sutherland is a person.,"[[[25826, 31755, 'Donald_Sutherland', 13]]]",Donald Sutherland is a person.,donald sutherland is a person.
69958,VERIFIABLE,SUPPORTS,Ecuador borders other countries.,"[[[86639, 99104, 'Ecuador', 0]]]",Ecuador borders other countries.,ecuador borders other countries.
110906,NOT VERIFIABLE,NOT ENOUGH INFO,Zindagi Na Milegi Dobara stars Akshay Kumar.,"[[[130264, None, None, None]]]",Zindagi Na Milegi Dobara stars Akshay Kumar.,zindagi na milegi dobara stars akshay kumar.
112887,VERIFIABLE,SUPPORTS,"Graciosa, Canary Islands is located 2 km north of El Río.","[[[132486, 147403, 'Graciosa,_Canary_Islands', 0]]]","Graciosa, Canary Islands is located 2 km north of El Río.","graciosa, canary islands is located 2 km north of el río."
188704,VERIFIABLE,SUPPORTS,Crash starred a Canadian actor.,"[[[220277, 226085, 'Crash_-LRB-2004_film-RRB-', 11], [220277, 226085, 'Brendan_Fraser', 0]]]",Crash starred a Canadian actor.,crash starred a canadian actor.
136878,VERIFIABLE,REFUTES,Water only occurs artificially.,"[[[159607, 174100, 'Water', 3]]]",Water only occurs artificially.,water only occurs artificially.
65689,NOT VERIFIABLE,NOT ENOUGH INFO,Destiny is centered around gun and weapon-based combat.,"[[[82258, None, None, None]]]",Destiny is centered around gun and weapon-based combat.,destiny is centered around gun and weapon-based combat.
203967,NOT VERIFIABLE,NOT ENOUGH INFO,Laura Linney was on the Titanic.,"[[[240761, None, None, None], [240768, None, None, None]]]",Laura Linney was on the Titanic.,laura linney was on the titanic.
220785,NOT VERIFIABLE,NOT ENOUGH INFO,The Royal Tenenbaum stars Dolly Parton.,"[[[262780, None, None, None], [262782, None, None, None]]]",The Royal Tenenbaum stars Dolly Parton.,the royal tenenbaum stars dolly parton.
7726,VERIFIABLE,REFUTES,Carbon has the symbol CO.,"[[[12591, 15729, 'Carbon', 0]]]",Carbon has the symbol CO.,carbon has the symbol co.
199039,VERIFIABLE,SUPPORTS,International Relations includes the U.N.,"[[[234022, 236918, 'International_relations', 1], [234022, 236918, 'International_organization', 8]]]",International Relations includes the U.N.,international relations includes the u.n.
133649,VERIFIABLE,REFUTES,Tokyo Ghoul has the actor Ken Kaneki.,"[[[156190, 170832, 'Tokyo_Ghoul_-LRB-film-RRB-', 1]]]",Tokyo Ghoul has the actor Ken Kaneki.,tokyo ghoul has the actor ken kaneki.
226365,VERIFIABLE,REFUTES,Gift of the Night Fury exclusively stars the voices of people from Kenya.,"[[[269879, 266055, 'Gift_of_the_Night_Fury', 6], [269879, 266055, 'America_Ferrera', 0]]]",Gift of the Night Fury exclusively stars the voices of people from Kenya.,gift of the night fury exclusively stars the voices of people from kenya.
55093,NOT VERIFIABLE,NOT ENOUGH INFO,Prometheus is a science-fiction horror film that involves aliens.,"[[[71447, None, None, None]]]",Prometheus is a science-fiction horror film that involves aliens.,prometheus is a science-fiction horror film that involves aliens.
185694,NOT VERIFIABLE,NOT ENOUGH INFO,Ben Whishaw was in a stage production.,"[[[216518, None, None, None]]]",Ben Whishaw was in a stage production.,ben whishaw was in a stage production.
97496,VERIFIABLE,REFUTES,Jim Carrey is a singer.,"[[[115112, 128864, 'Jim_Carrey', 0]]]",Jim Carrey is a singer.,jim carrey is a singer.
167908,NOT VERIFIABLE,NOT ENOUGH INFO,Jon Pertwee was in a series based on books.,"[[[193302, None, None, None]]]",Jon Pertwee was in a series based on books.,jon pertwee was in a series based on books.
226289,NOT VERIFIABLE,NOT ENOUGH INFO,Gift of the Night Fury stars the voice of a screenwriter.,"[[[269788, None, None, None]]]",Gift of the Night Fury stars the voice of a screenwriter.,gift of the night fury stars the voice of a screenwriter.
223880,VERIFIABLE,REFUTES,All original members of Stone Temple Pilots were exclusively from Somalia.,"[[[266721, 263619, 'Stone_Temple_Pilots', 0]]]",All original members of Stone Temple Pilots were exclusively from Somalia.,all original members of stone temple pilots were exclusively from somalia.
12672,NOT VERIFIABLE,NOT ENOUGH INFO,The Walt Disney Company owns the Rocky Mountains.,"[[[27919, None, None, None]]]",The Walt Disney Company owns the Rocky Mountains.,the walt disney company owns the rocky mountains.
37296,NOT VERIFIABLE,NOT ENOUGH INFO,The Proposal stars Jim Gaffigan.,"[[[111066, None, None, None], [114027, None, None, None], [308235, None, None, None], [309660, None, None, None]]]",The Proposal stars Jim Gaffigan.,the proposal stars jim gaffigan.
104891,NOT VERIFIABLE,NOT ENOUGH INFO,Saturn is a Christian state.,"[[[123206, None, None, None]]]",Saturn is a Christian state.,saturn is a christian state.
180000,NOT VERIFIABLE,NOT ENOUGH INFO,Reg Watson is American.,"[[[208938, None, None, None]]]",Reg Watson is American.,reg watson is american.
177894,VERIFIABLE,SUPPORTS,Sophie Turner starred in a feature film.,"[[[206193, 214618, 'Sophie_Turner', 5]]]",Sophie Turner starred in a feature film.,sophie turner starred in a feature film.
203355,VERIFIABLE,REFUTES,Saratoga includes Mark Hamill.,"[[[239874, 241566, 'Saratoga_-LRB-film-RRB-', 0], [239874, 241566, 'Mark_Hamill', 0]]]",Saratoga includes Mark Hamill.,saratoga includes mark hamill.
191308,VERIFIABLE,SUPPORTS,From the Earth to the Moon is a miniseries.,"[[[223693, 228635, 'From_the_Earth_to_the_Moon_-LRB-miniseries-RRB-', 0]]]",From the Earth to the Moon is a miniseries.,from the earth to the moon is a miniseries.
69434,NOT VERIFIABLE,NOT ENOUGH INFO,Ministates include a country.,"[[[86119, None, None, None]]]",Ministates include a country.,ministates include a country.
164716,VERIFIABLE,REFUTES,Bradley Cooper is a director.,"[[[189459, 200743, 'Bradley_Cooper', 0]]]",Bradley Cooper is a director.,bradley cooper is a director.
156491,NOT VERIFIABLE,NOT ENOUGH INFO,Dangal's (film) principal photography commenced in India.,"[[[180564, None, None, None]]]",Dangal's (film) principal photography commenced in India.,dangal's (film) principal photography commenced in india.
12377,VERIFIABLE,REFUTES,Qatar is not an island.,"[[[27612, 33820, 'Qatar', 1]]]",Qatar is not an island.,qatar is not an island.
96028,NOT VERIFIABLE,NOT ENOUGH INFO,In the Heart of the Sea was released in cinemas.,"[[[113564, None, None, None]]]",In the Heart of the Sea was released in cinemas.,in the heart of the sea was released in cinemas.
228875,NOT VERIFIABLE,NOT ENOUGH INFO,"Drama school offers a Bachelor of Arts, Bachelor of Fine Arts, or, occasionally, Bachelor of Science or Bachelor of Design. Graduate students may take a Master of Arts, Master of Science, Master of Fine Arts, Doctor of Arts, Doctor of Fine Arts, or Doctor of Philosophy degree.","[[[273099, None, None, None]]]","Drama school offers a Bachelor of Arts, Bachelor of Fine Arts, or, occasionally, Bachelor of Science or Bachelor of Design. Graduate students may take a Master of Arts, Master of Science, Master of Fine Arts, Doctor of Arts, Doctor of Fine Arts, or Doctor of Philosophy degree.","drama school offers a bachelor of arts, bachelor of fine arts, or, occasionally, bachelor of science or bachelor of design. graduate students may take a master of arts, master of science, master of fine arts, doctor of arts, doctor of fine arts, or doctor of philosophy degree."
228905,NOT VERIFIABLE,NOT ENOUGH INFO,Drama school offers zero degrees.,"[[[273119, None, None, None]]]",Drama school offers zero degrees.,drama school offers zero degrees.
182740,NOT VERIFIABLE,NOT ENOUGH INFO,Pitch Perfect 3 stars Keanu Reeves.,"[[[212621, None, None, None], [212622, None, None, None]]]",Pitch Perfect 3 stars Keanu Reeves.,pitch perfect 3 stars keanu reeves.
179591,NOT VERIFIABLE,NOT ENOUGH INFO,Michael Giacchino composed the score for Dunkirk.,"[[[208434, None, None, None]]]",Michael Giacchino composed the score for Dunkirk.,michael giacchino composed the score for dunkirk.
209030,VERIFIABLE,SUPPORTS,Chris Terrio is an American screenwriter.,"[[[247437, 247727, 'Chris_Terrio', 0]]]",Chris Terrio is an American screenwriter.,chris terrio is an american screenwriter.
46434,NOT VERIFIABLE,NOT ENOUGH INFO,Snooki is a professional boxer.,"[[[62770, None, None, None]]]",Snooki is a professional boxer.,snooki is a professional boxer.
47201,VERIFIABLE,REFUTES,Jesus is also known as Jesus of Canada.,"[[[63508, 74251, 'Jesus', 0]]]",Jesus is also known as Jesus of Canada.,jesus is also known as jesus of canada.
21089,NOT VERIFIABLE,NOT ENOUGH INFO,Hugo Weaving is in a boat.,"[[[36864, None, None, None]]]",Hugo Weaving is in a boat.,hugo weaving is in a boat.
169834,VERIFIABLE,SUPPORTS,Cary Grant appeared in a film.,"[[[195858, 206010, 'Cary_Grant', 8]]]",Cary Grant appeared in a film.,cary grant appeared in a film.
191812,VERIFIABLE,SUPPORTS,"Portuguese, Spanish, Asturian-Leonese, Aragonese, Catalan, Gascon, Provençal, Gallo-Wallon, French, Franco-Provençal, Romansh, and Ladin are Western Romance Languages.","[[[224335, 229194, 'Western_Romance_languages', 6]]]","Portuguese, Spanish, Asturian-Leonese, Aragonese, Catalan, Gascon, Provençal, Gallo-Wallon, French, Franco-Provençal, Romansh, and Ladin are Western Romance Languages.","portuguese, spanish, asturian-leonese, aragonese, catalan, gascon, provençal, gallo-wallon, french, franco-provençal, romansh, and ladin are western romance languages."
154155,NOT VERIFIABLE,NOT ENOUGH INFO,Jim Rash is a philosopher.,"[[[178140, None, None, None]]]",Jim Rash is a philosopher.,jim rash is a philosopher.
188161,NOT VERIFIABLE,NOT ENOUGH INFO,Escape from Planet Earth is an American film.,"[[[219576, None, None, None]]]",Escape from Planet Earth is an American film.,escape from planet earth is an american film.
74719,NOT VERIFIABLE,NOT ENOUGH INFO,Ron Perlman is a singer.,"[[[91499, None, None, None]]]",Ron Perlman is a singer.,ron perlman is a singer.
40963,VERIFIABLE,REFUTES,The Weeknd is an actor.,"[[[57256, 67500, 'The_Weeknd', 0]]]",The Weeknd is an actor.,the weeknd is an actor.
110693,VERIFIABLE,SUPPORTS,"Beverly Hills, 90210 addressed global human rights.","[[[129879, 144583, 'Beverly_Hills,_90210', 10]]]","Beverly Hills, 90210 addressed global human rights.","beverly hills, 90210 addressed global human rights."
182140,NOT VERIFIABLE,NOT ENOUGH INFO,Loving starred Marton Csokas.,"[[[211798, None, None, None]]]",Loving starred Marton Csokas.,loving starred marton csokas.
216062,NOT VERIFIABLE,NOT ENOUGH INFO,The 19th G7 summit included Mexico.,"[[[256694, None, None, None]]]",The 19th G7 summit included Mexico.,the 19th g7 summit included mexico.
213223,NOT VERIFIABLE,NOT ENOUGH INFO,The Nile drains through Russia.,"[[[252937, None, None, None]]]",The Nile drains through Russia.,the nile drains through russia.
4751,NOT VERIFIABLE,NOT ENOUGH INFO,Same-sex marriage is legal in the American territory,"[[[22473, None, None, None]]]",Same-sex marriage is legal in the American territory,same-sex marriage is legal in the american territory
144774,VERIFIABLE,REFUTES,Green Day is from Boston.,"[[[168060, 181830, 'Green_Day', 5]]]",Green Day is from Boston.,green day is from boston.
37854,VERIFIABLE,REFUTES,Fergie put out a single.,"[[[54054, 64034, 'Fergie_-LRB-singer-RRB-', 2]], [[54054, 64035, 'Fergie_-LRB-singer-RRB-', 12]], [[54054, 64036, 'Fergie_-LRB-singer-RRB-', 13]]]",Fergie put out a single.,fergie put out a single.
59578,VERIFIABLE,REFUTES,Jesus is also known as Jesus of Canada.,"[[[75995, 87275, 'Jesus', 0]]]",Jesus is also known as Jesus of Canada.,jesus is also known as jesus of canada.
203323,NOT VERIFIABLE,NOT ENOUGH INFO,Saratoga includes Mark Hamill.,"[[[239830, None, None, None]]]",Saratoga includes Mark Hamill.,saratoga includes mark hamill.
147665,NOT VERIFIABLE,NOT ENOUGH INFO,Elephants have been featured in status reports.,"[[[171224, None, None, None]]]",Elephants have been featured in status reports.,elephants have been featured in status reports.
128906,VERIFIABLE,REFUTES,The Legend of Tarzan (film) is based on a real person.,"[[[150958, 165803, 'The_Legend_of_Tarzan_-LRB-film-RRB-', 0]]]",The Legend of Tarzan (film) is based on a real person.,the legend of tarzan (film) is based on a real person.
226303,VERIFIABLE,REFUTES,Gift of the Night Fury only stars the voices of actors and actresses born in October.,"[[[269808, 266015, 'Gift_of_the_Night_Fury', 6], [269808, 266015, 'America_Ferrera', 0], [269808, 266015, 'Christopher_Mintz-Plasse', 0], [269808, 266015, 'Craig_Ferguson', 0], [269808, 266015, 'Gerard_Butler', 0], [269808, 266015, 'Jay_Baruchel', 0], [269808, 266015, 'Jonah_Hill', 0], [269808, 266015, 'Kristen_Wiig', 0], [269808, 266015, 'T._J._Miller', 0], [269808, 266015, 'Gift_of_the_Night_Fury', 0]]]",Gift of the Night Fury only stars the voices of actors and actresses born in October.,gift of the night fury only stars the voices of actors and actresses born in october.
197220,NOT VERIFIABLE,NOT ENOUGH INFO,Omar Sharif was fluent exclusively in Hebrew.,"[[[231787, None, None, None]]]",Omar Sharif was fluent exclusively in Hebrew.,omar sharif was fluent exclusively in hebrew.
185714,VERIFIABLE,SUPPORTS,Ben Whishaw was in a stage production.,"[[[216546, 223240, 'Ben_Whishaw', 1]]]",Ben Whishaw was in a stage production.,ben whishaw was in a stage production.
218483,VERIFIABLE,REFUTES,Colin Quinn is an American producer.,"[[[259742, 258291, 'Colin_Quinn', 0]]]",Colin Quinn is an American producer.,colin quinn is an american producer.
166138,NOT VERIFIABLE,NOT ENOUGH INFO,Antonio Vivaldi died at the age of 23.,"[[[191044, None, None, None]]]",Antonio Vivaldi died at the age of 23.,antonio vivaldi died at the age of 23.
93760,VERIFIABLE,REFUTES,"Views had the album ""Pop Style.""","[[[275591, 270707, 'Views_-LRB-album-RRB-', 7]], [[275594, 270708, 'Views_-LRB-album-RRB-', 7]], [[275596, 270710, 'Views_-LRB-album-RRB-', 7]]]","Views had the album ""Pop Style.""","views had the album ""pop style."""
102598,NOT VERIFIABLE,NOT ENOUGH INFO,21 Jump Street was released by a production company.,"[[[120477, None, None, None]]]",21 Jump Street was released by a production company.,21 jump street was released by a production company.
129626,NOT VERIFIABLE,NOT ENOUGH INFO,The Walt Disney Company owns the Rocky Mountains.,"[[[151830, None, None, None]]]",The Walt Disney Company owns the Rocky Mountains.,the walt disney company owns the rocky mountains.
228896,NOT VERIFIABLE,NOT ENOUGH INFO,Drama school offers a degree.,"[[[273111, None, None, None]]]",Drama school offers a degree.,drama school offers a degree.
138189,VERIFIABLE,SUPPORTS,George Foreman worked.,"[[[160984, 175440, 'George_Foreman', 0]]]",George Foreman worked.,george foreman worked.
14975,VERIFIABLE,REFUTES,Silicon Valley is not a region.,"[[[30268, 36854, 'Silicon_Valley', 2]], [[30268, 36855, 'Silicon_Valley', 1]], [[30268, 36856, 'Silicon_Valley', 5]], [[30268, 36857, 'Silicon_Valley', 8]], [[30268, 36858, 'Silicon_Valley', 11]]]",Silicon Valley is not a region.,silicon valley is not a region.
56817,VERIFIABLE,REFUTES,Rihanna has never sold a record.,"[[[24994, 30865, 'Rihanna', 13]], [[24994, 30866, 'Rihanna', 8], [24994, 30866, 'RIAA_certification', 0]], [[199533, 209225, 'Rihanna', 6], [199533, 209225, 'Good_Girl_Gone_Bad', 11]], [[199533, 209226, 'Rihanna', 8], [199533, 209226, 'Unapologetic', 9]], [[199533, 209227, 'Rihanna', 9], [199533, 209227, 'Anti_-LRB-album-RRB-', 13]], [[199533, 209228, 'Rihanna', 10]], [[199533, 209229, 'Rihanna', 13]], [[299832, 291192, 'Rihanna', 13]]]",Rihanna has never sold a record.,rihanna has never sold a record.
191629,VERIFIABLE,REFUTES,Famous in Love failed to star any actors.,"[[[224116, 228978, 'Famous_in_Love', 1], [224116, 228978, 'Bella_Thorne', 0], [224116, 228978, 'Carter_Jenkins', 0], [224116, 228978, 'Keith_T._Powers', 0], [224116, 228978, 'Perrey_Reeves', 0]]]",Famous in Love failed to star any actors.,famous in love failed to star any actors.
73718,VERIFIABLE,SUPPORTS,Robert Redford was nominated for the Best Supporting Actor Emmy for his role in The Voice of Charlie Pont.,"[[[90512, 103268, 'Robert_Redford', 5]]]",Robert Redford was nominated for the Best Supporting Actor Emmy for his role in The Voice of Charlie Pont.,robert redford was nominated for the best supporting actor emmy for his role in the voice of charlie pont.
99708,NOT VERIFIABLE,NOT ENOUGH INFO,Bill Cosby starred in a television show.,"[[[117368, None, None, None]]]",Bill Cosby starred in a television show.,bill cosby starred in a television show.
198155,NOT VERIFIABLE,NOT ENOUGH INFO,Julie Walters failed to be an actress.,"[[[232986, None, None, None]]]",Julie Walters failed to be an actress.,julie walters failed to be an actress.
14491,VERIFIABLE,REFUTES,"Penny Dreadful premiered on May 11, 2014.","[[[29784, 36302, 'Penny_Dreadful_-LRB-TV_series-RRB-', 2]]]","Penny Dreadful premiered on May 11, 2014.","penny dreadful premiered on may 11, 2014."
5317,VERIFIABLE,SUPPORTS,George A. Romero directed a movie.,"[[[11479, 14439, 'George_A._Romero', 0], [11479, 14439, 'Dawn_of_the_Dead_-LRB-1978_film-RRB-', 0], [11479, 14439, 'Day_of_the_Dead_-LRB-1985_film-RRB-', 0], [11479, 14439, 'Night_of_the_Living_Dead', 0], [11479, 14439, 'Night_of_the_Living_Dead_-LRB-film_series-RRB-', 0]]]",George A. Romero directed a movie.,george a. romero directed a movie.
204296,VERIFIABLE,SUPPORTS,Frederick Trump was born in a village.,"[[[241213, 242761, 'Frederick_Trump', 1], [241213, 242761, 'Kallstadt', 0]], [[241214, 242762, 'Frederick_Trump', 1], [241214, 242762, 'Kallstadt', 0]]]",Frederick Trump was born in a village.,frederick trump was born in a village.
42315,VERIFIABLE,SUPPORTS,Bill Cosby starred in a television show.,"[[[58633, 68933, 'Bill_Cosby', 1]], [[58633, 68934, 'Bill_Cosby', 2]], [[58633, 68935, 'Bill_Cosby', 5]], [[58633, 68936, 'Bill_Cosby', 9]], [[58633, 68937, 'Bill_Cosby', 12]], [[58633, 68938, 'Bill_Cosby', 14]]]",Bill Cosby starred in a television show.,bill cosby starred in a television show.
154962,NOT VERIFIABLE,NOT ENOUGH INFO,A dog has written for Doctor Who.,"[[[179032, None, None, None]]]",A dog has written for Doctor Who.,a dog has written for doctor who.
28023,NOT VERIFIABLE,NOT ENOUGH INFO,"Tyler, The Creator died as Tyler Gregory Okonma.","[[[44148, None, None, None]]]","Tyler, The Creator died as Tyler Gregory Okonma.","tyler, the creator died as tyler gregory okonma."
219098,NOT VERIFIABLE,NOT ENOUGH INFO,"Deadpool 2 featured Ryan Reynolds, Morena Baccarin, Ed Skrein, T. J. Miller, Gina Carano, Leslie Uggams, Brianna Hildebrand, and Stefan Kapičić.","[[[260630, None, None, None]]]","Deadpool 2 featured Ryan Reynolds, Morena Baccarin, Ed Skrein, T. J. Miller, Gina Carano, Leslie Uggams, Brianna Hildebrand, and Stefan Kapičić.","deadpool 2 featured ryan reynolds, morena baccarin, ed skrein, t. j. miller, gina carano, leslie uggams, brianna hildebrand, and stefan kapičić."
227388,VERIFIABLE,SUPPORTS,Jun Ji-hyun is in a film.,"[[[271186, 267121, 'Jun_Ji-hyun', 1]], [[271186, 267122, 'Jun_Ji-hyun', 2]], [[271186, 267123, 'Jun_Ji-hyun', 6]]]",Jun Ji-hyun is in a film.,jun ji-hyun is in a film.
143538,VERIFIABLE,REFUTES,The Republican Party is socially liberal.,"[[[166685, 180476, 'Republican_Party_-LRB-United_States-RRB-', 11]]]",The Republican Party is socially liberal.,the republican party is socially liberal.
35669,VERIFIABLE,REFUTES,XXx: Return of Xander Cage is a drama film.,"[[[51855, 61700, 'XXx-COLON-_Return_of_Xander_Cage', 0]]]",XXx: Return of Xander Cage is a drama film.,xxx: return of xander cage is a drama film.
98386,VERIFIABLE,SUPPORTS,The 1998 NFL Draft was for the 79th irregular season of the NFL.,"[[[116117, 130035, '1998_NFL_Draft', 0], [116117, 130035, '1998_NFL_season', 0]]]",The 1998 NFL Draft was for the 79th irregular season of the NFL.,the 1998 nfl draft was for the 79th irregular season of the nfl.
199076,VERIFIABLE,SUPPORTS,International Relations includes many subject matters.,"[[[234060, 236955, 'International_relations', 0]]]",International Relations includes many subject matters.,international relations includes many subject matters.
191386,VERIFIABLE,REFUTES,Clark Gable was in The Matrix.,"[[[223785, 228725, 'Clark_Gable', 0]]]",Clark Gable was in The Matrix.,clark gable was in the matrix.
145476,NOT VERIFIABLE,NOT ENOUGH INFO,Minos fathered a dog.,"[[[168789, None, None, None]]]",Minos fathered a dog.,minos fathered a dog.
228909,NOT VERIFIABLE,NOT ENOUGH INFO,Drama school offers zero degrees.,"[[[273125, None, None, None], [273194, None, None, None]]]",Drama school offers zero degrees.,drama school offers zero degrees.
199132,VERIFIABLE,REFUTES,International Relations only includes the entertainment industry.,"[[[234130, 237032, 'International_relations', 9]], [[234130, 237033, 'International_relations', 10]]]",International Relations only includes the entertainment industry.,international relations only includes the entertainment industry.
52672,NOT VERIFIABLE,NOT ENOUGH INFO,Minos fathered a child.,"[[[68973, None, None, None]]]",Minos fathered a child.,minos fathered a child.
145174,VERIFIABLE,REFUTES,Aix-Marseille-Provence Metropolis is a province.,"[[[168466, 182215, 'Aix-Marseille-Provence_Metropolis', 0]]]",Aix-Marseille-Provence Metropolis is a province.,aix-marseille-provence metropolis is a province.
182568,VERIFIABLE,SUPPORTS,There are popular culture categories.,"[[[212353, 219915, 'Popular_culture', 2]]]",There are popular culture categories.,there are popular culture categories.
62773,NOT VERIFIABLE,NOT ENOUGH INFO,Taipei is the center of Taiwan.,"[[[79202, None, None, None]]]",Taipei is the center of Taiwan.,taipei is the center of taiwan.
57143,VERIFIABLE,REFUTES,Anti-nuclear antibodies has zero subtypes.,"[[[73471, 84713, 'Anti-nuclear_antibody', 5]]]",Anti-nuclear antibodies has zero subtypes.,anti-nuclear antibodies has zero subtypes.
157236,VERIFIABLE,REFUTES,Star Wars: The Force Awakens is a book.,"[[[181404, 193661, 'Star_Wars-COLON-_The_Force_Awakens', 0]], [[181404, 193662, 'Star_Wars-COLON-_The_Force_Awakens', 2]], [[181404, 193663, 'Star_Wars-COLON-_The_Force_Awakens', 6]], [[181404, 193664, 'Star_Wars-COLON-_The_Force_Awakens', 7]], [[181405, 193665, 'Star_Wars-COLON-_The_Force_Awakens', 0]], [[181405, 193666, 'Star_Wars-COLON-_The_Force_Awakens', 2]], [[181405, 193667, 'Star_Wars-COLON-_The_Force_Awakens', 6]], [[181405, 193668, 'Star_Wars-COLON-_The_Force_Awakens', 7]]]",Star Wars: The Force Awakens is a book.,star wars: the force awakens is a book.
190905,VERIFIABLE,SUPPORTS,Love & Friendship features an actress.,"[[[223254, 228266, 'Love_&_Friendship', 1]], [[223255, 228267, 'Love_&_Friendship', 1]]]",Love & Friendship features an actress.,love & friendship features an actress.
171384,NOT VERIFIABLE,NOT ENOUGH INFO,Blue Velvet stars a cat.,"[[[197775, None, None, None]]]",Blue Velvet stars a cat.,blue velvet stars a cat.
163420,NOT VERIFIABLE,NOT ENOUGH INFO,Ilkhanate contained Poland.,"[[[188115, None, None, None]]]",Ilkhanate contained Poland.,ilkhanate contained poland.
228912,NOT VERIFIABLE,NOT ENOUGH INFO,Drama school offers zero degrees.,"[[[273129, None, None, None]]]",Drama school offers zero degrees.,drama school offers zero degrees.
205944,NOT VERIFIABLE,NOT ENOUGH INFO,Cosmopolitan as of 2011 contains content which includes articles on home decor.,"[[[243396, None, None, None]]]",Cosmopolitan as of 2011 contains content which includes articles on home decor.,cosmopolitan as of 2011 contains content which includes articles on home decor.
186115,VERIFIABLE,REFUTES,There are zero bodies of water in Ontario.,"[[[217033, 223684, 'Ontario', 8]], [[217033, 223685, 'Ontario', 7]]]",There are zero bodies of water in Ontario.,there are zero bodies of water in ontario.
134343,VERIFIABLE,SUPPORTS,"Beverly Hills, 90210 addressed global human rights.","[[[156903, 171480, 'Beverly_Hills,_90210', 10]]]","Beverly Hills, 90210 addressed global human rights.","beverly hills, 90210 addressed global human rights."
9809,VERIFIABLE,REFUTES,Mackenzie Foy starred in The Twilight Saga: Breaking Dawn -- Part 1.,"[[[24657, 30441, 'Mackenzie_Foy', 1]]]",Mackenzie Foy starred in The Twilight Saga: Breaking Dawn -- Part 1.,mackenzie foy starred in the twilight saga: breaking dawn -- part 1.
119790,NOT VERIFIABLE,NOT ENOUGH INFO,Jim Parsons stars in a show.,"[[[140793, None, None, None]]]",Jim Parsons stars in a show.,jim parsons stars in a show.
133497,NOT VERIFIABLE,NOT ENOUGH INFO,Wonder Woman is a movie character.,"[[[156045, None, None, None]]]",Wonder Woman is a movie character.,wonder woman is a movie character.
225782,VERIFIABLE,SUPPORTS,Cher has only won awards for film.,"[[[269137, 265536, 'Cher', 15]], [[269137, 265537, 'Cher', 25], [269137, 265537, 'Academy_Awards', 0], [269137, 265537, 'Cannes_Film_Festival', 0]]]",Cher has only won awards for film.,cher has only won awards for film.
143950,NOT VERIFIABLE,NOT ENOUGH INFO,Justified lost an award.,"[[[167088, None, None, None]]]",Justified lost an award.,justified lost an award.
52865,NOT VERIFIABLE,NOT ENOUGH INFO,Morgan Freeman is in the entertainment industry.,"[[[69156, None, None, None]]]",Morgan Freeman is in the entertainment industry.,morgan freeman is in the entertainment industry.
24691,VERIFIABLE,SUPPORTS,New Orleans is a harbor.,"[[[40644, 48890, 'New_Orleans', 0]]]",New Orleans is a harbor.,new orleans is a harbor.
93314,VERIFIABLE,SUPPORTS,Cricket is followed in Australasia.,"[[[110689, 124351, 'Cricket', 33]]]",Cricket is followed in Australasia.,cricket is followed in australasia.
188097,NOT VERIFIABLE,NOT ENOUGH INFO,Thiokol was also known as Satan.,"[[[219498, None, None, None]]]",Thiokol was also known as Satan.,thiokol was also known as satan.
47625,VERIFIABLE,SUPPORTS,"Michael Caine starred in Get Carter, The Last Valley, Sleuth, The Man Who Would Be King, and A Bridge Too Far.","[[[63928, 74635, 'Michael_Caine', 5]]]","Michael Caine starred in Get Carter, The Last Valley, Sleuth, The Man Who Would Be King, and A Bridge Too Far.","michael caine starred in get carter, the last valley, sleuth, the man who would be king, and a bridge too far."
199053,VERIFIABLE,SUPPORTS,International Relations includes many subject matters.,"[[[234036, 236931, 'International_relations', 0]], [[234036, 236932, 'International_relations', 9]], [[234036, 236933, 'International_relations', 10]]]",International Relations includes many subject matters.,international relations includes many subject matters.
77001,VERIFIABLE,REFUTES,Aruba is landlocked.,"[[[244722, 245656, 'Aruba', 13]], [[247217, 247529, 'Aruba', 2]], [[247956, 248247, 'Aruba', 0]], [[247956, 248248, 'Aruba', 2]], [[247956, 248249, 'Aruba', 3]], [[319427, 308126, 'Aruba', 0]], [[319432, 308130, 'Aruba', 0]], [[319432, 308131, 'Aruba', 2]], [[319432, 308132, 'Aruba', 3]]]",Aruba is landlocked.,aruba is landlocked.
176440,NOT VERIFIABLE,NOT ENOUGH INFO,Sunrise created Ghost in the Shell.,"[[[204362, None, None, None]]]",Sunrise created Ghost in the Shell.,sunrise created ghost in the shell.
122821,VERIFIABLE,SUPPORTS,Donald Sutherland is a person.,"[[[144236, 159277, 'Donald_Sutherland', 0]], [[144236, 159278, 'Donald_Sutherland', 3]], [[144236, 159279, 'Donald_Sutherland', 4]], [[144236, 159280, 'Donald_Sutherland', 7]], [[144236, 159281, 'Donald_Sutherland', 10]], [[144236, 159282, 'Donald_Sutherland', 11]], [[144236, 159283, 'Donald_Sutherland', 12]], [[144236, 159284, 'Donald_Sutherland', 13]]]",Donald Sutherland is a person.,donald sutherland is a person.
199024,NOT VERIFIABLE,NOT ENOUGH INFO,International Relations includes the U.N.,"[[[234005, None, None, None]]]",International Relations includes the U.N.,international relations includes the u.n.
33146,VERIFIABLE,SUPPORTS,The Academy Honorary Award was instituted.,"[[[49259, 58595, 'Academy_Honorary_Award', 0]]]",The Academy Honorary Award was instituted.,the academy honorary award was instituted.
104578,NOT VERIFIABLE,NOT ENOUGH INFO,Melanie Griffith has performed in New York.,"[[[122873, None, None, None]]]",Melanie Griffith has performed in New York.,melanie griffith has performed in new york.
21991,VERIFIABLE,REFUTES,Becoming Jane had John Hunter Spence as a future consultant.,"[[[37824, 45751, 'Becoming_Jane', 8]]]",Becoming Jane had John Hunter Spence as a future consultant.,becoming jane had john hunter spence as a future consultant.
190780,VERIFIABLE,SUPPORTS,Dysphonia can be characterized by some effect on vocal quality.,"[[[222981, 228069, 'Dysphonia', 0]], [[222981, 228070, 'Dysphonia', 2]], [[222981, 228071, 'Dysphonia', 11]]]",Dysphonia can be characterized by some effect on vocal quality.,dysphonia can be characterized by some effect on vocal quality.
25015,NOT VERIFIABLE,NOT ENOUGH INFO,Minos fathered a dog.,"[[[40959, None, None, None]]]",Minos fathered a dog.,minos fathered a dog.
67811,NOT VERIFIABLE,NOT ENOUGH INFO,Zindagi Na Milegi Dobara stars Akshay Kumar.,"[[[84415, None, None, None]]]",Zindagi Na Milegi Dobara stars Akshay Kumar.,zindagi na milegi dobara stars akshay kumar.
207930,VERIFIABLE,SUPPORTS,Edgar Award honors the best.,"[[[245994, 246618, 'Edgar_Award', 1]]]",Edgar Award honors the best.,edgar award honors the best.
101277,VERIFIABLE,REFUTES,Willow Smith is not a singer.,"[[[119033, 132926, 'Willow_Smith', 0]], [[119033, 132927, 'Willow_Smith', 9], [119033, 132927, 'Ardipithecus_-LRB-album-RRB-', 0]]]",Willow Smith is not a singer.,willow smith is not a singer.
186153,VERIFIABLE,REFUTES,There are zero bodies of water in Ontario.,"[[[217085, 223727, 'Ontario', 7]], [[217085, 223728, 'Ontario', 8]]]",There are zero bodies of water in Ontario.,there are zero bodies of water in ontario.
67541,NOT VERIFIABLE,NOT ENOUGH INFO,The Portuguese Empire existed during the Golden Ages.,"[[[84133, None, None, None]]]",The Portuguese Empire existed during the Golden Ages.,the portuguese empire existed during the golden ages.
160359,NOT VERIFIABLE,NOT ENOUGH INFO,"Beverly Hills, 90210 was a non-political or social commentary show.","[[[184830, None, None, None]]]","Beverly Hills, 90210 was a non-political or social commentary show.","beverly hills, 90210 was a non-political or social commentary show."
214206,VERIFIABLE,SUPPORTS,Syria includes various ethnic groups.,"[[[254294, 254007, 'Syria', 4]]]",Syria includes various ethnic groups.,syria includes various ethnic groups.
176382,VERIFIABLE,SUPPORTS,Sunrise created anime.,"[[[204295, 213119, 'Sunrise_-LRB-company-RRB-', 6]], [[204295, 213120, 'Sunrise_-LRB-company-RRB-', 10]], [[204295, 213121, 'Sunrise_-LRB-company-RRB-', 19]]]",Sunrise created anime.,sunrise created anime.
28432,VERIFIABLE,REFUTES,Edward I of England suppressed a rebellion in 1212.,"[[[44549, 53208, 'Edward_I_of_England', 0]]]",Edward I of England suppressed a rebellion in 1212.,edward i of england suppressed a rebellion in 1212.
215196,VERIFIABLE,REFUTES,James and the Giant Peach was a silent animated film.,"[[[255546, 254981, 'James_and_the_Giant_Peach_-LRB-film-RRB-', 0]]]",James and the Giant Peach was a silent animated film.,james and the giant peach was a silent animated film.
176809,VERIFIABLE,REFUTES,Legion was created in 1994.,"[[[204898, 213579, 'Legion_-LRB-2010_film-RRB-', 0]]]",Legion was created in 1994.,legion was created in 1994.
35138,NOT VERIFIABLE,NOT ENOUGH INFO,Egypt is a member of the Boys and Girls Club.,"[[[51335, None, None, None]]]",Egypt is a member of the Boys and Girls Club.,egypt is a member of the boys and girls club.
198173,VERIFIABLE,REFUTES,Julie Walters failed to be an actress.,"[[[232996, 236023, 'Julie_Walters', 0]]]",Julie Walters failed to be an actress.,julie walters failed to be an actress.
93822,NOT VERIFIABLE,NOT ENOUGH INFO,Followers of asceticism pursue materialism.,"[[[111193, None, None, None]]]",Followers of asceticism pursue materialism.,followers of asceticism pursue materialism.
170360,VERIFIABLE,SUPPORTS,Juris Doctor is earned by completing law school.,"[[[196543, 206649, 'Juris_Doctor', 2]]]",Juris Doctor is earned by completing law school.,juris doctor is earned by completing law school.
209468,NOT VERIFIABLE,NOT ENOUGH INFO,Unleashed stars Jackie Chan.,"[[[247989, None, None, None], [247990, None, None, None]]]",Unleashed stars Jackie Chan.,unleashed stars jackie chan.
182543,NOT VERIFIABLE,NOT ENOUGH INFO,Movies are a popular culture category.,"[[[212320, None, None, None]]]",Movies are a popular culture category.,movies are a popular culture category.
127362,VERIFIABLE,SUPPORTS,"Views had the album ""One Dance.""","[[[149224, 164222, 'Views_-LRB-album-RRB-', 7]], [[149225, 164223, 'Views_-LRB-album-RRB-', 7]]]","Views had the album ""One Dance.""","views had the album ""one dance."""
39139,VERIFIABLE,REFUTES,Adrian Molina co-directed The Good Dinosaur.,"[[[55371, 65425, 'Adrian_Molina', 3], [55371, 65425, 'The_Good_Dinosaur', 1]]]",Adrian Molina co-directed The Good Dinosaur.,adrian molina co-directed the good dinosaur.
46816,VERIFIABLE,REFUTES,Helena Bonham Carter is unable to act in movies.,"[[[63141, 73846, 'Helena_Bonham_Carter', 0]], [[63141, 73847, 'Helena_Bonham_Carter', 2]], [[63141, 73848, 'Helena_Bonham_Carter', 3]], [[63141, 73849, 'Helena_Bonham_Carter', 4]], [[63141, 73850, 'Helena_Bonham_Carter', 7]], [[63141, 73851, 'Helena_Bonham_Carter', 8]], [[63141, 73852, 'Helena_Bonham_Carter', 9]]]",Helena Bonham Carter is unable to act in movies.,helena bonham carter is unable to act in movies.
214878,VERIFIABLE,SUPPORTS,History of art includes various subjects.,"[[[255154, 254652, 'History_of_art', 2]], [[255155, 254653, 'History_of_art', 2]]]",History of art includes various subjects.,history of art includes various subjects.
145637,NOT VERIFIABLE,NOT ENOUGH INFO,Tokyo Ghoul has a character.,"[[[168966, None, None, None]]]",Tokyo Ghoul has a character.,tokyo ghoul has a character.
117042,VERIFIABLE,SUPPORTS,The Dark Knight Rises' filming took place in a city.,"[[[137396, 152277, 'The_Dark_Knight_Rises', 9], [137396, 152277, 'New_York_City', 0]]]",The Dark Knight Rises' filming took place in a city.,the dark knight rises' filming took place in a city.
113067,NOT VERIFIABLE,NOT ENOUGH INFO,Chris Carter has a singing career.,"[[[132628, None, None, None]]]",Chris Carter has a singing career.,chris carter has a singing career.
81757,VERIFIABLE,REFUTES,Snooki is Canadian.,"[[[98806, 111876, 'Snooki', 0]]]",Snooki is Canadian.,snooki is canadian.
205938,NOT VERIFIABLE,NOT ENOUGH INFO,Cosmopolitan as of 2011 contains content which includes articles on home decor.,"[[[243376, None, None, None]]]",Cosmopolitan as of 2011 contains content which includes articles on home decor.,cosmopolitan as of 2011 contains content which includes articles on home decor.
213268,NOT VERIFIABLE,NOT ENOUGH INFO,The Nile drains through Russia.,"[[[253003, None, None, None]]]",The Nile drains through Russia.,the nile drains through russia.
177045,VERIFIABLE,SUPPORTS,Asset management may apply to intangible assets such as human capital.,"[[[205162, 213813, 'Asset_management', 1]]]",Asset management may apply to intangible assets such as human capital.,asset management may apply to intangible assets such as human capital.
20304,NOT VERIFIABLE,NOT ENOUGH INFO,Charles Marie de La Condamine was a profession.,"[[[36121, None, None, None]]]",Charles Marie de La Condamine was a profession.,charles marie de la condamine was a profession.
90297,VERIFIABLE,REFUTES,Land Rover lacks the ability to make cars.,"[[[107616, 121108, 'Land_Rover', 0]], [[107616, 121109, 'Land_Rover', 11]], [[107616, 121110, 'Land_Rover', 5], [107616, 121110, 'Land_Rover_Discovery', 0]]]",Land Rover lacks the ability to make cars.,land rover lacks the ability to make cars.
18941,VERIFIABLE,REFUTES,Zindagi Na Milegi Dobara stars Akshay Kumar.,"[[[34583, 41951, 'Zindagi_Na_Milegi_Dobara', 1]], [[34583, 41952, 'Zindagi_Na_Milegi_Dobara', 2]]]",Zindagi Na Milegi Dobara stars Akshay Kumar.,zindagi na milegi dobara stars akshay kumar.
228630,NOT VERIFIABLE,NOT ENOUGH INFO,How to Lose Friends & Alienate People stars an english actor.,"[[[272783, None, None, None]]]",How to Lose Friends & Alienate People stars an english actor.,how to lose friends & alienate people stars an english actor.
57588,NOT VERIFIABLE,NOT ENOUGH INFO,Pamela Anderson is known for her role on Full House.,"[[[73906, None, None, None]]]",Pamela Anderson is known for her role on Full House.,pamela anderson is known for her role on full house.
191622,VERIFIABLE,REFUTES,Famous in Love failed to star any actors.,"[[[224098, 228965, 'Famous_in_Love', 1], [224098, 228965, 'Carter_Jenkins', 0], [224098, 228965, 'Keith_T._Powers', 0], [224098, 228965, 'Famous_in_Love', 0]]]",Famous in Love failed to star any actors.,famous in love failed to star any actors.
208947,NOT VERIFIABLE,NOT ENOUGH INFO,Funny or Die produces The Late Show.,"[[[247330, None, None, None]]]",Funny or Die produces The Late Show.,funny or die produces the late show.
196853,NOT VERIFIABLE,NOT ENOUGH INFO,Sean Connery is a businessman.,"[[[231304, None, None, None]]]",Sean Connery is a businessman.,sean connery is a businessman.
179908,NOT VERIFIABLE,NOT ENOUGH INFO,Cape Fear involved a writer.,"[[[208832, None, None, None]]]",Cape Fear involved a writer.,cape fear involved a writer.
29869,VERIFIABLE,SUPPORTS,Deadpool won an award.,"[[[84668, 96880, 'Deadpool_-LRB-film-RRB-', 13]], [[84668, 96881, 'Deadpool_-LRB-film-RRB-', 14]], [[87222, 99728, 'Deadpool_-LRB-film-RRB-', 13]], [[87222, 99729, 'Deadpool_-LRB-film-RRB-', 14]], [[89961, 102651, 'Deadpool_-LRB-film-RRB-', 14]], [[306295, 297016, 'Deadpool_-LRB-film-RRB-', 13]], [[306295, 297017, 'Deadpool_-LRB-film-RRB-', 14]], [[306297, 297018, 'Deadpool_-LRB-film-RRB-', 13]], [[306297, 297019, 'Deadpool_-LRB-film-RRB-', 14]]]",Deadpool won an award.,deadpool won an award.
83726,NOT VERIFIABLE,NOT ENOUGH INFO,Stagira is the birthplace of Plato.,"[[[100763, None, None, None], [100782, None, None, None]]]",Stagira is the birthplace of Plato.,stagira is the birthplace of plato.
192448,NOT VERIFIABLE,NOT ENOUGH INFO,Francois de Belleforest translated the works of Elena Ferrante.,"[[[225132, None, None, None]]]",Francois de Belleforest translated the works of Elena Ferrante.,francois de belleforest translated the works of elena ferrante.
205921,VERIFIABLE,REFUTES,Cosmopolitan as of 2011 contains content which includes articles on political dialogue.,"[[[243361, 244587, 'Cosmopolitan_-LRB-magazine-RRB-', 2]]]",Cosmopolitan as of 2011 contains content which includes articles on political dialogue.,cosmopolitan as of 2011 contains content which includes articles on political dialogue.
222231,NOT VERIFIABLE,NOT ENOUGH INFO,Gil Sharone played a role on an episode of a sitcom created by James Burrows.,"[[[264671, None, None, None]]]",Gil Sharone played a role on an episode of a sitcom created by James Burrows.,gil sharone played a role on an episode of a sitcom created by james burrows.
73917,VERIFIABLE,REFUTES,Water only occurs artificially.,"[[[90697, 103423, 'Water', 3]]]",Water only occurs artificially.,water only occurs artificially.
97397,VERIFIABLE,REFUTES,Reuters transmits news in at least one language.,"[[[115022, 128738, 'Reuters', 6]]]",Reuters transmits news in at least one language.,reuters transmits news in at least one language.
58548,NOT VERIFIABLE,NOT ENOUGH INFO,A block is also called a dead body.,"[[[74907, None, None, None]]]",A block is also called a dead body.,a block is also called a dead body.
205918,NOT VERIFIABLE,NOT ENOUGH INFO,Cosmopolitan as of 2011 contains content which includes articles on home decor.,"[[[243352, None, None, None]]]",Cosmopolitan as of 2011 contains content which includes articles on home decor.,cosmopolitan as of 2011 contains content which includes articles on home decor.
165531,VERIFIABLE,REFUTES,Ileana D'Cruz only starred in Twilight.,"[[[298794, 290200, ""Ileana_D'Cruz"", 12]], [[300877, 291970, ""Ileana_D'Cruz"", 4]], [[300877, 291971, ""Ileana_D'Cruz"", 12]], [[300877, 291972, ""Ileana_D'Cruz"", 13]], [[344805, 328265, ""Ileana_D'Cruz"", 4]], [[344805, 328266, ""Ileana_D'Cruz"", 5]], [[344805, 328267, ""Ileana_D'Cruz"", 3]], [[344805, 328268, ""Ileana_D'Cruz"", 8]], [[344805, 328269, ""Ileana_D'Cruz"", 12]], [[344805, 328270, ""Ileana_D'Cruz"", 13]], [[344806, 328271, ""Ileana_D'Cruz"", 4]], [[344809, 328272, ""Ileana_D'Cruz"", 4]], [[344843, 328302, ""Ileana_D'Cruz"", 12]]]",Ileana D'Cruz only starred in Twilight.,ileana d'cruz only starred in twilight.
201672,NOT VERIFIABLE,NOT ENOUGH INFO,Matt Sorum's touring project Kings of Chaos features members of at least one rock band.,"[[[237389, None, None, None]]]",Matt Sorum's touring project Kings of Chaos features members of at least one rock band.,matt sorum's touring project kings of chaos features members of at least one rock band.
163403,NOT VERIFIABLE,NOT ENOUGH INFO,Ilkhanate contained Poland.,"[[[188108, None, None, None]]]",Ilkhanate contained Poland.,ilkhanate contained poland.
190897,NOT VERIFIABLE,NOT ENOUGH INFO,Love & Friendship features an actress.,"[[[223109, None, None, None]]]",Love & Friendship features an actress.,love & friendship features an actress.
113075,VERIFIABLE,REFUTES,Veronika Decides to Die is based on a movie by Paulo Coelho.,"[[[132642, 147556, 'Veronika_Decides_to_Die_-LRB-film-RRB-', 1]]]",Veronika Decides to Die is based on a movie by Paulo Coelho.,veronika decides to die is based on a movie by paulo coelho.
1442,VERIFIABLE,SUPPORTS,Morgan Freeman is in the entertainment industry.,"[[[17136, 21225, 'Morgan_Freeman', 0]], [[17136, 21226, 'Morgan_Freeman', 1]], [[17136, 21227, 'Morgan_Freeman', 2]], [[17136, 21228, 'Morgan_Freeman', 5]], [[17136, 21229, 'Morgan_Freeman', 6]]]",Morgan Freeman is in the entertainment industry.,morgan freeman is in the entertainment industry.
102452,VERIFIABLE,SUPPORTS,Investment funds are also referred to by other names.,"[[[122141, 136438, 'Investment_fund', 10]]]",Investment funds are also referred to by other names.,investment funds are also referred to by other names.
28006,VERIFIABLE,SUPPORTS,Same-sex marriage is legal in the American territory,"[[[44139, 52765, 'Same-sex_marriage', 15]]]",Same-sex marriage is legal in the American territory,same-sex marriage is legal in the american territory
180847,NOT VERIFIABLE,NOT ENOUGH INFO,Central America contains England.,"[[[209909, None, None, None]]]",Central America contains England.,central america contains england.
76013,VERIFIABLE,REFUTES,Allen Ginsberg wrote a poem about Syrian refugees.,"[[[92835, 105694, 'Allen_Ginsberg', 19]]]",Allen Ginsberg wrote a poem about Syrian refugees.,allen ginsberg wrote a poem about syrian refugees.
205971,NOT VERIFIABLE,NOT ENOUGH INFO,Cosmopolitan as of 2011 contains content which includes articles on political dialogue.,"[[[243418, None, None, None], [243419, None, None, None], [243431, None, None, None]]]",Cosmopolitan as of 2011 contains content which includes articles on political dialogue.,cosmopolitan as of 2011 contains content which includes articles on political dialogue.
177597,NOT VERIFIABLE,NOT ENOUGH INFO,Fences stars an animatronic figure.,"[[[207222, None, None, None]]]",Fences stars an animatronic figure.,fences stars an animatronic figure.
124979,NOT VERIFIABLE,NOT ENOUGH INFO,Carbon has the symbol CO.,"[[[146622, None, None, None]]]",Carbon has the symbol CO.,carbon has the symbol co.
131025,VERIFIABLE,SUPPORTS,There is a character in Star Wars sequel trilogy.,"[[[290790, 283742, 'Star_Wars_sequel_trilogy', 4], [290790, 283742, 'Star_Wars_sequel_trilogy', 7], [290790, 283742, 'Star_Wars_sequel_trilogy', 8], [290790, 283742, 'Star_Wars_sequel_trilogy', 9]], [[335023, 320941, 'Star_Wars_sequel_trilogy', 9], [335023, 320941, 'Adam_Driver', 10]], [[335049, 320954, 'Star_Wars_sequel_trilogy', 7], [335049, 320954, 'Star_Wars-COLON-_The_Force_Awakens', 3]], [[335116, 320997, 'Star_Wars_sequel_trilogy', 9], [335116, 320997, 'Adam_Driver', 10]]]",There is a character in Star Wars sequel trilogy.,there is a character in star wars sequel trilogy.
191944,VERIFIABLE,REFUTES,The Hangover Part III includes Dave Chapelle.,"[[[224493, 229330, 'The_Hangover_Part_III', 3]], [[224493, 229331, 'The_Hangover_Part_III', 4]]]",The Hangover Part III includes Dave Chapelle.,the hangover part iii includes dave chapelle.
105486,NOT VERIFIABLE,NOT ENOUGH INFO,Tamera Mowry has a fraternal twin.,"[[[123813, None, None, None]]]",Tamera Mowry has a fraternal twin.,tamera mowry has a fraternal twin.
146570,VERIFIABLE,REFUTES,Paul Simon is a Pisces.,"[[[170109, 183693, 'Paul_Simon', 0]]]",Paul Simon is a Pisces.,paul simon is a pisces.
115516,VERIFIABLE,SUPPORTS,Penny Dreadful has a character.,"[[[135595, 150456, 'Penny_Dreadful_-LRB-TV_series-RRB-', 8]]]",Penny Dreadful has a character.,penny dreadful has a character.
122659,NOT VERIFIABLE,NOT ENOUGH INFO,Jimmy Carter was a baseball player.,"[[[144015, None, None, None]]]",Jimmy Carter was a baseball player.,jimmy carter was a baseball player.
117926,NOT VERIFIABLE,NOT ENOUGH INFO,Zindagi Na Milegi Dobara stars Akshay Kumar.,"[[[138378, None, None, None]]]",Zindagi Na Milegi Dobara stars Akshay Kumar.,zindagi na milegi dobara stars akshay kumar.
199094,VERIFIABLE,SUPPORTS,International Relations includes many subject matters.,"[[[234088, 236984, 'International_relations', 9]], [[234088, 236985, 'International_relations', 10]]]",International Relations includes many subject matters.,international relations includes many subject matters.
33912,NOT VERIFIABLE,NOT ENOUGH INFO,Maria I of Portugal was Queen of the dead.,"[[[50016, None, None, None]]]",Maria I of Portugal was Queen of the dead.,maria i of portugal was queen of the dead.
48050,VERIFIABLE,SUPPORTS,Reuters transmits news in at least one language.,"[[[64421, 75193, 'Reuters', 6]]]",Reuters transmits news in at least one language.,reuters transmits news in at least one language.
226349,VERIFIABLE,SUPPORTS,Gift of the Night Fury stars the voice of an American filmmaker.,"[[[269862, 266046, 'Gift_of_the_Night_Fury', 6]]]",Gift of the Night Fury stars the voice of an American filmmaker.,gift of the night fury stars the voice of an american filmmaker.
187709,VERIFIABLE,SUPPORTS,The United Kingdom is a member of organizations.,"[[[219022, 225161, 'United_Kingdom', 39]]]",The United Kingdom is a member of organizations.,the united kingdom is a member of organizations.
48679,VERIFIABLE,REFUTES,Venus has a similar proximity to Mars as Earth.,"[[[65042, 75906, 'Venus', 8]]]",Venus has a similar proximity to Mars as Earth.,venus has a similar proximity to mars as earth.
48955,VERIFIABLE,REFUTES,"Adele wrote ""Rolling in the Deep"" when she was 16 years old.","[[[66587, 77399, 'Adele', 5]]]","Adele wrote ""Rolling in the Deep"" when she was 16 years old.","adele wrote ""rolling in the deep"" when she was 16 years old."
178977,VERIFIABLE,SUPPORTS,Lamniformes include at least one rare species of shark.,"[[[207619, 215836, 'Lamniformes', 1], [207619, 215836, 'Goblin_shark', 0]]]",Lamniformes include at least one rare species of shark.,lamniformes include at least one rare species of shark.
47354,NOT VERIFIABLE,NOT ENOUGH INFO,Leslie Howard was a director.,"[[[63675, None, None, None]]]",Leslie Howard was a director.,leslie howard was a director.
214898,VERIFIABLE,REFUTES,History of art only includes computers.,"[[[255796, 255156, 'History_of_art', 2]], [[255796, 255157, 'History_of_art', 3]]]",History of art only includes computers.,history of art only includes computers.
206295,VERIFIABLE,SUPPORTS,Billy Bob Thornton appeared in a film.,"[[[243895, 245025, 'Billy_Bob_Thornton', 3]], [[243895, 245026, 'Billy_Bob_Thornton', 4]], [[243895, 245027, 'Billy_Bob_Thornton', 7]]]",Billy Bob Thornton appeared in a film.,billy bob thornton appeared in a film.
215180,VERIFIABLE,REFUTES,James and the Giant Peach was a silent animated film.,"[[[255531, 254971, 'James_and_the_Giant_Peach_-LRB-film-RRB-', 0]]]",James and the Giant Peach was a silent animated film.,james and the giant peach was a silent animated film.
62376,NOT VERIFIABLE,NOT ENOUGH INFO,Alexander Hamilton attended King's College in Manhattan.,"[[[78824, None, None, None]]]",Alexander Hamilton attended King's College in Manhattan.,alexander hamilton attended king's college in manhattan.
218701,NOT VERIFIABLE,NOT ENOUGH INFO,Chris Hemsworth starred in Snow White and the Huntsman.,"[[[260007, None, None, None]]]",Chris Hemsworth starred in Snow White and the Huntsman.,chris hemsworth starred in snow white and the huntsman.
96986,NOT VERIFIABLE,NOT ENOUGH INFO,Elsa Pataky is a dancer.,"[[[275943, None, None, None], [275947, None, None, None], [278230, None, None, None], [325148, None, None, None], [326189, None, None, None]]]",Elsa Pataky is a dancer.,elsa pataky is a dancer.
225941,NOT VERIFIABLE,NOT ENOUGH INFO,Hate group practices a philosopy.,"[[[269346, None, None, None]]]",Hate group practices a philosopy.,hate group practices a philosopy.
113196,NOT VERIFIABLE,NOT ENOUGH INFO,Mark Millar has worked on cars.,"[[[132777, None, None, None]]]",Mark Millar has worked on cars.,mark millar has worked on cars.
176424,NOT VERIFIABLE,NOT ENOUGH INFO,Sunrise created Ghost in the Shell.,"[[[204345, None, None, None], [204350, None, None, None]]]",Sunrise created Ghost in the Shell.,sunrise created ghost in the shell.
179530,VERIFIABLE,SUPPORTS,The Singing Detective has episodes.,"[[[208350, 216431, 'The_Singing_Detective', 1]]]",The Singing Detective has episodes.,the singing detective has episodes.
187728,VERIFIABLE,REFUTES,The United Kingdom is a member of no organizations.,"[[[219047, 225177, 'United_Kingdom', 39]], [[219048, 225178, 'United_Kingdom', 39]], [[219087, 225196, 'United_Kingdom', 36]]]",The United Kingdom is a member of no organizations.,the united kingdom is a member of no organizations.
182826,NOT VERIFIABLE,NOT ENOUGH INFO,Artemis brought and relieved disease in men.,"[[[212801, None, None, None]]]",Artemis brought and relieved disease in men.,artemis brought and relieved disease in men.
202597,NOT VERIFIABLE,NOT ENOUGH INFO,Music Bank (TV series) has been hosted by Song Hye-kyo.,"[[[238719, None, None, None]]]",Music Bank (TV series) has been hosted by Song Hye-kyo.,music bank (tv series) has been hosted by song hye-kyo.
179593,NOT VERIFIABLE,NOT ENOUGH INFO,Michael Giacchino composed the score for Dunkirk.,"[[[208433, None, None, None], [208442, None, None, None]]]",Michael Giacchino composed the score for Dunkirk.,michael giacchino composed the score for dunkirk.
199048,VERIFIABLE,SUPPORTS,International Relations includes many subject matters.,"[[[234031, 236927, 'International_relations', 0]], [[234031, 236928, 'International_relations', 9]]]",International Relations includes many subject matters.,international relations includes many subject matters.
228894,NOT VERIFIABLE,NOT ENOUGH INFO,Drama school offers zero degrees.,"[[[273107, None, None, None]]]",Drama school offers zero degrees.,drama school offers zero degrees.
115395,NOT VERIFIABLE,NOT ENOUGH INFO,Stagira is across from Stageira.,"[[[135450, None, None, None]]]",Stagira is across from Stageira.,stagira is across from stageira.
57251,NOT VERIFIABLE,NOT ENOUGH INFO,Doctor Who was written by the Ancient Greeks.,"[[[25963, None, None, None], [220753, None, None, None], [299834, None, None, None], [299839, None, None, None]]]",Doctor Who was written by the Ancient Greeks.,doctor who was written by the ancient greeks.
80828,NOT VERIFIABLE,NOT ENOUGH INFO,Connie Britton played a role in American Crime Story.,"[[[97832, None, None, None]]]",Connie Britton played a role in American Crime Story.,connie britton played a role in american crime story.
176957,VERIFIABLE,REFUTES,Underworld's supporting character is named Selene.,"[[[205060, 213692, 'Underworld_-LRB-2003_film-RRB-', 3]]]",Underworld's supporting character is named Selene.,underworld's supporting character is named selene.
158384,VERIFIABLE,REFUTES,Eragon is a film starring a dragon.,"[[[182648, 194838, 'Eragon_-LRB-film-RRB-', 0], [182648, 194838, 'Dragon', 0]]]",Eragon is a film starring a dragon.,eragon is a film starring a dragon.
107501,NOT VERIFIABLE,NOT ENOUGH INFO,Donald Sutherland is a person.,"[[[126189, None, None, None]]]",Donald Sutherland is a person.,donald sutherland is a person.
120843,VERIFIABLE,SUPPORTS,FC Barcelona has a lot of fans.,"[[[141897, 157143, 'FC_Barcelona', 15]]]",FC Barcelona has a lot of fans.,fc barcelona has a lot of fans.
199084,VERIFIABLE,REFUTES,International Relations includes animals.,"[[[234076, 236968, 'International_relations', 9]], [[234076, 236969, 'International_relations', 10]]]",International Relations includes animals.,international relations includes animals.
203962,VERIFIABLE,SUPPORTS,Laura Linney was in a movie.,"[[[240756, 242344, 'Laura_Linney', 7]], [[240756, 242345, 'Laura_Linney', 8]], [[240758, 242348, 'Laura_Linney', 1]], [[240758, 242349, 'Laura_Linney', 7]], [[240758, 242350, 'Laura_Linney', 8]]]",Laura Linney was in a movie.,laura linney was in a movie.
96842,NOT VERIFIABLE,NOT ENOUGH INFO,The Champ stars Jessica Biel.,"[[[114415, None, None, None]]]",The Champ stars Jessica Biel.,the champ stars jessica biel.
136627,NOT VERIFIABLE,NOT ENOUGH INFO,There is a character in Star Wars sequel trilogy.,"[[[159293, None, None, None]]]",There is a character in Star Wars sequel trilogy.,there is a character in star wars sequel trilogy.
61775,VERIFIABLE,REFUTES,The Boston Celtics share their arena with the Boston Red Sox.,"[[[78279, 89810, 'Boston_Celtics', 3], [78279, 89810, 'Fenway_Park', 1]]]",The Boston Celtics share their arena with the Boston Red Sox.,the boston celtics share their arena with the boston red sox.
6823,VERIFIABLE,SUPPORTS,Quinoa is in the Amaryllidaceae family.,"[[[23738, 29392, 'Quinoa', 0]]]",Quinoa is in the Amaryllidaceae family.,quinoa is in the amaryllidaceae family.
104648,VERIFIABLE,REFUTES,The Council on Foreign Relations specializes in domestic affairs.,"[[[280841, 275237, 'Council_on_Foreign_Relations', 0]], [[327583, 314809, 'Council_on_Foreign_Relations', 0]], [[327584, 314810, 'Council_on_Foreign_Relations', 0]]]",The Council on Foreign Relations specializes in domestic affairs.,the council on foreign relations specializes in domestic affairs.
191342,VERIFIABLE,SUPPORTS,From the Earth to the Moon is a miniseries.,"[[[223741, 228672, 'From_the_Earth_to_the_Moon_-LRB-miniseries-RRB-', 0]]]",From the Earth to the Moon is a miniseries.,from the earth to the moon is a miniseries.
157039,VERIFIABLE,REFUTES,Jimmy Carter was a baseball player.,"[[[181156, 193434, 'Jimmy_Carter', 0]]]",Jimmy Carter was a baseball player.,jimmy carter was a baseball player.
51110,NOT VERIFIABLE,NOT ENOUGH INFO,Peter Cetera was an artist.,"[[[67455, None, None, None]]]",Peter Cetera was an artist.,peter cetera was an artist.
118745,VERIFIABLE,REFUTES,Jesus is also known as Jesus of Canada.,"[[[139387, 154424, 'Jesus', 0]]]",Jesus is also known as Jesus of Canada.,jesus is also known as jesus of canada.
177603,NOT VERIFIABLE,NOT ENOUGH INFO,Fences stars Emma Stone.,"[[[205853, None, None, None]]]",Fences stars Emma Stone.,fences stars emma stone.
160356,NOT VERIFIABLE,NOT ENOUGH INFO,Doctor Who was written by the Ancient Greeks.,"[[[296568, None, None, None], [343406, None, None, None], [343687, None, None, None], [343689, None, None, None]]]",Doctor Who was written by the Ancient Greeks.,doctor who was written by the ancient greeks.
182776,NOT VERIFIABLE,NOT ENOUGH INFO,Pitch Perfect 3 stars Keanu Reeves.,"[[[212684, None, None, None], [212693, None, None, None]]]",Pitch Perfect 3 stars Keanu Reeves.,pitch perfect 3 stars keanu reeves.
209476,NOT VERIFIABLE,NOT ENOUGH INFO,Unleashed stars Jackie Chan.,"[[[248003, None, None, None], [248012, None, None, None]]]",Unleashed stars Jackie Chan.,unleashed stars jackie chan.
56212,NOT VERIFIABLE,NOT ENOUGH INFO,Hypothyroidism can cause headaches.,"[[[72572, None, None, None]]]",Hypothyroidism can cause headaches.,hypothyroidism can cause headaches.
126797,NOT VERIFIABLE,NOT ENOUGH INFO,Zach Galifianakis starred in The Matrix.,"[[[151442, None, None, None]]]",Zach Galifianakis starred in The Matrix.,zach galifianakis starred in the matrix.
158749,VERIFIABLE,REFUTES,Vincente Minnelli is Italian.,"[[[183036, 195131, 'Vincente_Minnelli', 0]]]",Vincente Minnelli is Italian.,vincente minnelli is italian.
43505,VERIFIABLE,REFUTES,"Richmond, Virginia is a neighbor to the Federal Reserve Bank of Richmond.","[[[59824, 70224, 'Richmond,_Virginia', 23]]]","Richmond, Virginia is a neighbor to the Federal Reserve Bank of Richmond.","richmond, virginia is a neighbor to the federal reserve bank of richmond."
118387,VERIFIABLE,REFUTES,In & Out is a horror film.,"[[[138897, 153943, 'In_&_Out_-LRB-film-RRB-', 0]]]",In & Out is a horror film.,in & out is a horror film.
39070,VERIFIABLE,SUPPORTS,There are Christian states in the world.,"[[[22395, 27588, 'Christian_state', 2]], [[299501, 290885, 'Christian_state', 1]], [[299501, 290886, 'Christian_state', 2]]]",There are Christian states in the world.,there are christian states in the world.
89679,VERIFIABLE,SUPPORTS,Elephants have been featured in places.,"[[[106924, 120315, 'Elephant', 33]]]",Elephants have been featured in places.,elephants have been featured in places.
184774,VERIFIABLE,REFUTES,The Champ stars John Boyega.,"[[[215265, 222180, 'The_Champ_-LRB-1979_film-RRB-', 0], [215265, 222180, 'John_Boyega', 0]]]",The Champ stars John Boyega.,the champ stars john boyega.
131629,VERIFIABLE,REFUTES,Gucci is part of the Chanel Group.,"[[[153965, 168778, 'Gucci', 0]]]",Gucci is part of the Chanel Group.,gucci is part of the chanel group.
158521,NOT VERIFIABLE,NOT ENOUGH INFO,Gayathri Raguram is a daughter.,"[[[182789, None, None, None]]]",Gayathri Raguram is a daughter.,gayathri raguram is a daughter.
205939,NOT VERIFIABLE,NOT ENOUGH INFO,Cosmopolitan as of 2011 contains content which includes articles on home decor.,"[[[243383, None, None, None]]]",Cosmopolitan as of 2011 contains content which includes articles on home decor.,cosmopolitan as of 2011 contains content which includes articles on home decor.
184830,NOT VERIFIABLE,NOT ENOUGH INFO,Hungary is bordered by China.,"[[[215344, None, None, None]]]",Hungary is bordered by China.,hungary is bordered by china.
214863,VERIFIABLE,SUPPORTS,History of art includes aesthetics.,"[[[255138, 254646, 'History_of_art', 0], [255138, 254646, 'Aesthetics', 0]], [[255161, 254654, 'History_of_art', 0]], [[255161, 254655, 'History_of_art', 2]]]",History of art includes aesthetics.,history of art includes aesthetics.
209554,NOT VERIFIABLE,NOT ENOUGH INFO,Sleep can be disrupted by medical conditions.,"[[[248112, None, None, None]]]",Sleep can be disrupted by medical conditions.,sleep can be disrupted by medical conditions.
187683,VERIFIABLE,SUPPORTS,"The UK is a member of the Commonwealth of Nations, the Council of Europe, the G7 finance ministers, the G7 forum, the G20, NATO, the Organisation for Economic Co-operation and Development (OECD), and the World Trade Organization (WTO).","[[[220822, 226617, 'United_Kingdom', 39]], [[220823, 226618, 'United_Kingdom', 39]]]","The UK is a member of the Commonwealth of Nations, the Council of Europe, the G7 finance ministers, the G7 forum, the G20, NATO, the Organisation for Economic Co-operation and Development (OECD), and the World Trade Organization (WTO).","the uk is a member of the commonwealth of nations, the council of europe, the g7 finance ministers, the g7 forum, the g20, nato, the organisation for economic co-operation and development (oecd), and the world trade organization (wto)."
100582,VERIFIABLE,SUPPORTS,Star vs. the Forces of Evil is produced by an American company.,"[[[118259, 132093, 'Star_vs._the_Forces_of_Evil', 0]]]",Star vs. the Forces of Evil is produced by an American company.,star vs. the forces of evil is produced by an american company.
203980,VERIFIABLE,REFUTES,Laura Linney was on the Titanic.,"[[[240782, 242390, 'Laura_Linney', 0]]]",Laura Linney was on the Titanic.,laura linney was on the titanic.
78085,NOT VERIFIABLE,NOT ENOUGH INFO,Machete appears in the Grindhouse real trailer.,"[[[95027, None, None, None]]]",Machete appears in the Grindhouse real trailer.,machete appears in the grindhouse real trailer.
185718,VERIFIABLE,SUPPORTS,Ben Whishaw was in a stage production.,"[[[216548, 223243, 'Ben_Whishaw', 1]]]",Ben Whishaw was in a stage production.,ben whishaw was in a stage production.
203312,NOT VERIFIABLE,NOT ENOUGH INFO,Extreme environments can only be caused by humans.,"[[[239907, None, None, None]]]",Extreme environments can only be caused by humans.,extreme environments can only be caused by humans.
65751,NOT VERIFIABLE,NOT ENOUGH INFO,Taipei is the least important city of Taiwan.,"[[[82319, None, None, None]]]",Taipei is the least important city of Taiwan.,taipei is the least important city of taiwan.
80540,VERIFIABLE,REFUTES,Girls' Generation includes PSY.,"[[[97530, 110694, ""Girls'_Generation"", 1]]]",Girls' Generation includes PSY.,girls' generation includes psy.
50234,NOT VERIFIABLE,NOT ENOUGH INFO,In & Out is a Canadian film.,"[[[66546, None, None, None]]]",In & Out is a Canadian film.,in & out is a canadian film.
223863,NOT VERIFIABLE,NOT ENOUGH INFO,All original members of Stone Temple Pilots were exclusively from Somalia.,"[[[266702, None, None, None]]]",All original members of Stone Temple Pilots were exclusively from Somalia.,all original members of stone temple pilots were exclusively from somalia.
143124,NOT VERIFIABLE,NOT ENOUGH INFO,George A. Romero directed a movie.,"[[[166193, None, None, None]]]",George A. Romero directed a movie.,george a. romero directed a movie.
77839,NOT VERIFIABLE,NOT ENOUGH INFO,Steve Coogan portrayed an American publisher.,"[[[94802, None, None, None]]]",Steve Coogan portrayed an American publisher.,steve coogan portrayed an american publisher.
209211,VERIFIABLE,REFUTES,The Outcasts was released by Lucasfilms.,"[[[247670, 247973, 'The_Outcasts_-LRB-2017_film-RRB-', 6]]]",The Outcasts was released by Lucasfilms.,the outcasts was released by lucasfilms.
191771,NOT VERIFIABLE,NOT ENOUGH INFO,"Portuguese, Spanish, Asturian-Leonese, Aragonese, Catalan, Gascon, Provençal, Gallo-Wallon, French, Franco-Provençal, Romansh, and Ladin are Western Romance Languages.","[[[224289, None, None, None]]]","Portuguese, Spanish, Asturian-Leonese, Aragonese, Catalan, Gascon, Provençal, Gallo-Wallon, French, Franco-Provençal, Romansh, and Ladin are Western Romance Languages.","portuguese, spanish, asturian-leonese, aragonese, catalan, gascon, provençal, gallo-wallon, french, franco-provençal, romansh, and ladin are western romance languages."
159928,NOT VERIFIABLE,NOT ENOUGH INFO,Melisandre appeared in the fifth novel in A Song of Ice and Fire.,"[[[184376, None, None, None]]]",Melisandre appeared in the fifth novel in A Song of Ice and Fire.,melisandre appeared in the fifth novel in a song of ice and fire.
107728,VERIFIABLE,REFUTES,The Illusionist is a film.,"[[[126436, 140820, 'The_Illusionist_-LRB-2006_film-RRB-', 0]]]",The Illusionist is a film.,the illusionist is a film.
124553,VERIFIABLE,SUPPORTS,Beauty Shop stars a human.,"[[[147395, 162395, 'Beauty_Shop', 2]]]",Beauty Shop stars a human.,beauty shop stars a human.
193123,NOT VERIFIABLE,NOT ENOUGH INFO,Woody Allen died shortly after childbirth.,"[[[226114, None, None, None]]]",Woody Allen died shortly after childbirth.,woody allen died shortly after childbirth.
194068,VERIFIABLE,SUPPORTS,Duane Hopwood includes a screenwriter.,"[[[229551, 233480, 'Duane_Hopwood', 1]], [[229551, 233481, 'Duane_Hopwood', 7]], [[229552, 233482, 'Duane_Hopwood', 1]], [[229552, 233483, 'Duane_Hopwood', 7]]]",Duane Hopwood includes a screenwriter.,duane hopwood includes a screenwriter.
196242,VERIFIABLE,SUPPORTS,The Prince of Egypt is a creative work.,"[[[230587, 234240, 'The_Prince_of_Egypt', 0]], [[230587, 234241, 'The_Prince_of_Egypt', 12]]]",The Prince of Egypt is a creative work.,the prince of egypt is a creative work.
199087,VERIFIABLE,REFUTES,International Relations only includes the entertainment industry.,"[[[234074, 236965, 'International_relations', 0]], [[234074, 236966, 'International_relations', 9]], [[234074, 236967, 'International_relations', 10]]]",International Relations only includes the entertainment industry.,international relations only includes the entertainment industry.
214519,VERIFIABLE,REFUTES,Evolution was exclusively by an Armenian.,"[[[254711, 254337, 'Evolution_-LRB-Sabrina_Carpenter_album-RRB-', 0]]]",Evolution was exclusively by an Armenian.,evolution was exclusively by an armenian.
203311,VERIFIABLE,SUPPORTS,Extreme environments can be caused by a variety of factors that push equilibrium off.,"[[[239821, 241523, 'Extreme_environment', 1]]]",Extreme environments can be caused by a variety of factors that push equilibrium off.,extreme environments can be caused by a variety of factors that push equilibrium off.
226311,VERIFIABLE,SUPPORTS,Gift of the Night Fury stars the voice of an American filmmaker.,"[[[269815, 266020, 'Gift_of_the_Night_Fury', 6]], [[269816, 266021, 'Gift_of_the_Night_Fury', 6]]]",Gift of the Night Fury stars the voice of an American filmmaker.,gift of the night fury stars the voice of an american filmmaker.
214841,NOT VERIFIABLE,NOT ENOUGH INFO,History of art only includes computers.,"[[[255128, None, None, None]]]",History of art only includes computers.,history of art only includes computers.
82939,NOT VERIFIABLE,NOT ENOUGH INFO,Macbeth was drawn by Shakespeare.,"[[[100012, None, None, None]]]",Macbeth was drawn by Shakespeare.,macbeth was drawn by shakespeare.
196716,NOT VERIFIABLE,NOT ENOUGH INFO,Phantoms is an Armenian film.,"[[[231147, None, None, None]]]",Phantoms is an Armenian film.,phantoms is an armenian film.
209212,NOT VERIFIABLE,NOT ENOUGH INFO,The Outcasts was released by Lucasfilms.,"[[[247673, None, None, None]]]",The Outcasts was released by Lucasfilms.,the outcasts was released by lucasfilms.
214848,NOT VERIFIABLE,NOT ENOUGH INFO,History of art includes aesthetics.,"[[[255121, None, None, None]]]",History of art includes aesthetics.,history of art includes aesthetics.
152800,VERIFIABLE,REFUTES,Seven Days in May stars Robert Pattinson.,"[[[176749, 189679, 'Seven_Days_in_May', 0], [176749, 189679, 'Robert_Pattinson', 0]]]",Seven Days in May stars Robert Pattinson.,seven days in may stars robert pattinson.
211346,VERIFIABLE,SUPPORTS,Halle Berry has a child.,"[[[250430, 250420, 'Halle_Berry', 17]]]",Halle Berry has a child.,halle berry has a child.
216041,VERIFIABLE,SUPPORTS,The 19th G7 summit included politicians.,"[[[256680, 255852, '19th_G7_summit', 5]]]",The 19th G7 summit included politicians.,the 19th g7 summit included politicians.
206872,VERIFIABLE,REFUTES,Ayutthaya refused all foreigners.,"[[[246674, 247143, 'Ayutthaya_Kingdom', 1]]]",Ayutthaya refused all foreigners.,ayutthaya refused all foreigners.
98710,NOT VERIFIABLE,NOT ENOUGH INFO,Bonnie Hunt was in Shawshank Redemption.,"[[[276205, None, None, None], [278484, None, None, None], [280355, None, None, None], [325695, None, None, None], [326347, None, None, None]]]",Bonnie Hunt was in Shawshank Redemption.,bonnie hunt was in shawshank redemption.
182564,VERIFIABLE,SUPPORTS,"Entertainment, sports, news, politics, fashion/clothes, technology, and slang are popular culture categories.","[[[212348, 219912, 'Popular_culture', 2]]]","Entertainment, sports, news, politics, fashion/clothes, technology, and slang are popular culture categories.","entertainment, sports, news, politics, fashion/clothes, technology, and slang are popular culture categories."
222393,VERIFIABLE,SUPPORTS,Will Ferrell wrote screenplays with a filmmaker.,"[[[264931, 262258, 'Will_Ferrell', 1], [264931, 262258, 'Adam_McKay', 0]]]",Will Ferrell wrote screenplays with a filmmaker.,will ferrell wrote screenplays with a filmmaker.
184551,VERIFIABLE,SUPPORTS,The Shadow Line was produced by Hugo Blick.,"[[[214986, 221935, 'The_Shadow_Line_-LRB-TV_series-RRB-', 2]]]",The Shadow Line was produced by Hugo Blick.,the shadow line was produced by hugo blick.
100736,VERIFIABLE,REFUTES,Mark Millar has worked on cars.,"[[[118416, 132261, 'Mark_Millar', 0]]]",Mark Millar has worked on cars.,mark millar has worked on cars.
187704,NOT VERIFIABLE,NOT ENOUGH INFO,The United Kingdom is a member of organizations.,"[[[219016, None, None, None]]]",The United Kingdom is a member of organizations.,the united kingdom is a member of organizations.
157755,NOT VERIFIABLE,NOT ENOUGH INFO,Friday the 13th is a single film.,"[[[181981, None, None, None]]]",Friday the 13th is a single film.,friday the 13th is a single film.
151124,VERIFIABLE,REFUTES,Stagira is across from Stageira.,"[[[174957, 188053, 'Stagira_-LRB-ancient_city-RRB-', 0]]]",Stagira is across from Stageira.,stagira is across from stageira.
182569,NOT VERIFIABLE,NOT ENOUGH INFO,There are popular culture categories.,"[[[212355, None, None, None]]]",There are popular culture categories.,there are popular culture categories.
160585,VERIFIABLE,SUPPORTS,"Beverly Hills, 90210 addressed numerous topical issues such as date rape, gay rights, animal rights, alcoholism, drug abuse, domestic violence, sex, antisemitism, racism, teenage suicide, teenage pregnancy, and AIDS.","[[[185102, 196917, 'Beverly_Hills,_90210', 10]]]","Beverly Hills, 90210 addressed numerous topical issues such as date rape, gay rights, animal rights, alcoholism, drug abuse, domestic violence, sex, antisemitism, racism, teenage suicide, teenage pregnancy, and AIDS.","beverly hills, 90210 addressed numerous topical issues such as date rape, gay rights, animal rights, alcoholism, drug abuse, domestic violence, sex, antisemitism, racism, teenage suicide, teenage pregnancy, and aids."
201624,NOT VERIFIABLE,NOT ENOUGH INFO,Matt Sorum's touring project Kings of Chaos features members of ZZ Top.,"[[[237330, None, None, None]]]",Matt Sorum's touring project Kings of Chaos features members of ZZ Top.,matt sorum's touring project kings of chaos features members of zz top.
226360,VERIFIABLE,REFUTES,Gift of the Night Fury exclusively stars the voices of people from Kenya.,"[[[269875, 266053, 'Gift_of_the_Night_Fury', 6], [269875, 266053, 'America_Ferrera', 0]]]",Gift of the Night Fury exclusively stars the voices of people from Kenya.,gift of the night fury exclusively stars the voices of people from kenya.
203982,VERIFIABLE,SUPPORTS,"Laura Linney was in Lorenzo's Oil, You Can Count on Me (2000), Kinsey (2004) and The Savages (2007), Primal Fear (1996), The Truman Show (1998), Mystic River (2003), Love Actually (2003) and The Squid and the Whale (2005).","[[[240779, 242387, 'Laura_Linney', 7]], [[240779, 242388, 'Laura_Linney', 8]], [[240788, 242400, 'Laura_Linney', 7], [240788, 242400, 'Laura_Linney', 8]]]","Laura Linney was in Lorenzo's Oil, You Can Count on Me (2000), Kinsey (2004) and The Savages (2007), Primal Fear (1996), The Truman Show (1998), Mystic River (2003), Love Actually (2003) and The Squid and the Whale (2005).","laura linney was in lorenzo's oil, you can count on me (2000), kinsey (2004) and the savages (2007), primal fear (1996), the truman show (1998), mystic river (2003), love actually (2003) and the squid and the whale (2005)."
160004,VERIFIABLE,SUPPORTS,In & Out is a film.,"[[[184453, 196341, 'In_&_Out_-LRB-film-RRB-', 0]]]",In & Out is a film.,in & out is a film.
54448,NOT VERIFIABLE,NOT ENOUGH INFO,Dawn of the Planet of the Apes is a reboot of War of the Worlds.,"[[[70804, None, None, None]]]",Dawn of the Planet of the Apes is a reboot of War of the Worlds.,dawn of the planet of the apes is a reboot of war of the worlds.
163398,NOT VERIFIABLE,NOT ENOUGH INFO,Ilkhanate contained Poland.,"[[[188106, None, None, None]]]",Ilkhanate contained Poland.,ilkhanate contained poland.
38514,VERIFIABLE,SUPPORTS,Star Wars: The Force Awakens is a book.,"[[[54752, 64745, 'Star_Wars-COLON-_The_Force_Awakens', 0], [54752, 64745, 'Star_Wars', 12]]]",Star Wars: The Force Awakens is a book.,star wars: the force awakens is a book.
228890,VERIFIABLE,SUPPORTS,"Drama school offers a Bachelor of Arts, Bachelor of Fine Arts, or, occasionally, Bachelor of Science or Bachelor of Design. Graduate students may take a Master of Arts, Master of Science, Master of Fine Arts, Doctor of Arts, Doctor of Fine Arts, or Doctor of Philosophy degree.","[[[273103, 268678, 'Drama_school', 1], [273103, 268678, 'Drama_school', 2]]]","Drama school offers a Bachelor of Arts, Bachelor of Fine Arts, or, occasionally, Bachelor of Science or Bachelor of Design. Graduate students may take a Master of Arts, Master of Science, Master of Fine Arts, Doctor of Arts, Doctor of Fine Arts, or Doctor of Philosophy degree.","drama school offers a bachelor of arts, bachelor of fine arts, or, occasionally, bachelor of science or bachelor of design. graduate students may take a master of arts, master of science, master of fine arts, doctor of arts, doctor of fine arts, or doctor of philosophy degree."
225490,NOT VERIFIABLE,NOT ENOUGH INFO,Ice Hockey is popular in Russia.,"[[[268701, None, None, None], [268709, None, None, None]]]",Ice Hockey is popular in Russia.,ice hockey is popular in russia.
102994,NOT VERIFIABLE,NOT ENOUGH INFO,Girls' Generation includes PSY.,"[[[120964, None, None, None]]]",Girls' Generation includes PSY.,girls' generation includes psy.
219105,NOT VERIFIABLE,NOT ENOUGH INFO,Deadpool 2 featured Scarlett Johansson.,"[[[260618, None, None, None]]]",Deadpool 2 featured Scarlett Johansson.,deadpool 2 featured scarlett johansson.
96343,VERIFIABLE,SUPPORTS,Azerbaijan is a state.,"[[[113899, 127747, 'Azerbaijan', 0]]]",Azerbaijan is a state.,azerbaijan is a state.
30075,NOT VERIFIABLE,NOT ENOUGH INFO,A Wrinkle in Time was directed by Ava Duvernay.,"[[[46196, None, None, None]]]",A Wrinkle in Time was directed by Ava Duvernay.,a wrinkle in time was directed by ava duvernay.
101942,VERIFIABLE,SUPPORTS,Sunburn is a title.,"[[[119678, 133765, 'Sunburn_-LRB-film-RRB-', 0]], [[119679, 133766, 'Sunburn_-LRB-film-RRB-', 0]]]",Sunburn is a title.,sunburn is a title.
58263,NOT VERIFIABLE,NOT ENOUGH INFO,Get Out stars a wild truffle.,"[[[74624, None, None, None]]]",Get Out stars a wild truffle.,get out stars a wild truffle.
184860,NOT VERIFIABLE,NOT ENOUGH INFO,Hungary is surrounded by water.,"[[[215378, None, None, None]]]",Hungary is surrounded by water.,hungary is surrounded by water.
188060,VERIFIABLE,REFUTES,Thiokol was also known as Satan.,"[[[219451, 225454, 'Thiokol', 0]]]",Thiokol was also known as Satan.,thiokol was also known as satan.
174332,VERIFIABLE,REFUTES,Oliver Reed was in a movie in 1936.,"[[[201475, 210928, 'Oliver_Reed', 0]]]",Oliver Reed was in a movie in 1936.,oliver reed was in a movie in 1936.
184925,NOT VERIFIABLE,NOT ENOUGH INFO,Winnipeg is home to the Parliament of Canada.,"[[[215463, None, None, None]]]",Winnipeg is home to the Parliament of Canada.,winnipeg is home to the parliament of canada.
130012,NOT VERIFIABLE,NOT ENOUGH INFO,The Portuguese Empire is also known as The Portuguese On Land.,"[[[286862, None, None, None], [333972, None, None, None], [334771, None, None, None]]]",The Portuguese Empire is also known as The Portuguese On Land.,the portuguese empire is also known as the portuguese on land.
122384,VERIFIABLE,SUPPORTS,Dragon is derived from a language.,"[[[143740, 158826, 'Dragon', 12]]]",Dragon is derived from a language.,dragon is derived from a language.
31586,NOT VERIFIABLE,NOT ENOUGH INFO,Mark Millar has worked on cars.,"[[[91719, None, None, None], [94141, None, None, None], [94440, None, None, None], [306584, None, None, None], [306586, None, None, None]]]",Mark Millar has worked on cars.,mark millar has worked on cars.
203964,VERIFIABLE,SUPPORTS,Laura Linney was in a movie.,"[[[240757, 242346, 'Laura_Linney', 7]], [[240757, 242347, 'Laura_Linney', 8]]]",Laura Linney was in a movie.,laura linney was in a movie.
198006,NOT VERIFIABLE,NOT ENOUGH INFO,Pi is an irrational number.,"[[[232776, None, None, None]]]",Pi is an irrational number.,pi is an irrational number.
184787,NOT VERIFIABLE,NOT ENOUGH INFO,The Champ stars John Boyega.,"[[[215279, None, None, None]]]",The Champ stars John Boyega.,the champ stars john boyega.
193119,NOT VERIFIABLE,NOT ENOUGH INFO,Woody Allen died shortly after childbirth.,"[[[226110, None, None, None]]]",Woody Allen died shortly after childbirth.,woody allen died shortly after childbirth.
22086,VERIFIABLE,SUPPORTS,"Vikrant Massey starred in Dharam Veer, Balika Vadhu, Baba Aiso Varr Dhoondo, V The Serial, and Qubool Hai.","[[[37928, 45842, 'Vikrant_Massey', 1]]]","Vikrant Massey starred in Dharam Veer, Balika Vadhu, Baba Aiso Varr Dhoondo, V The Serial, and Qubool Hai.","vikrant massey starred in dharam veer, balika vadhu, baba aiso varr dhoondo, v the serial, and qubool hai."
89919,NOT VERIFIABLE,NOT ENOUGH INFO,Land Rover lacks the ability to make cars.,"[[[107228, None, None, None]]]",Land Rover lacks the ability to make cars.,land rover lacks the ability to make cars.
192435,NOT VERIFIABLE,NOT ENOUGH INFO,Francois de Belleforest translated the works of Elena Ferrante.,"[[[225113, None, None, None]]]",Francois de Belleforest translated the works of Elena Ferrante.,francois de belleforest translated the works of elena ferrante.
211331,VERIFIABLE,SUPPORTS,Halle Berry has a child.,"[[[250417, 250411, 'Halle_Berry', 17]]]",Halle Berry has a child.,halle berry has a child.
214516,VERIFIABLE,REFUTES,Evolution was exclusively by an Armenian.,"[[[254683, 254309, 'Evolution_-LRB-Sabrina_Carpenter_album-RRB-', 0]]]",Evolution was exclusively by an Armenian.,evolution was exclusively by an armenian.
213075,VERIFIABLE,SUPPORTS,Marlon Brando was in a film.,"[[[252740, 252559, 'Marlon_Brando', 3], [252740, 252559, 'A_Streetcar_Named_Desire', 0]], [[252740, 252560, 'Marlon_Brando', 4], [252740, 252560, 'Apocalypse_Now', 0], [252740, 252560, 'Apocalypse_Now', 2]], [[252740, 252561, 'Marlon_Brando', 8]], [[252740, 252562, 'Marlon_Brando', 9], [252740, 252562, 'On_the_Waterfront', 0]], [[252740, 252563, 'Marlon_Brando', 11], [252740, 252563, 'Julius_Caesar_-LRB-1953_film-RRB-', 0], [252740, 252563, 'Julius_Caesar_-LRB-1953_film-RRB-', 2]], [[252740, 252564, 'Marlon_Brando', 16], [252740, 252564, 'One-Eyed_Jacks', 0], [252740, 252564, 'One-Eyed_Jacks', 2]], [[252740, 252565, 'Marlon_Brando', 17], [252740, 252565, 'The_Godfather', 0]], [[252740, 252566, 'Marlon_Brando', 19], [252740, 252566, 'Last_Tango_in_Paris', 0]], [[252740, 252567, 'Marlon_Brando', 20], [252740, 252567, 'The_Missouri_Breaks', 0]], [[252740, 252568, 'Marlon_Brando', 21], [252740, 252568, 'Superman_-LRB-1978_film-RRB-', 0]], [[252740, 252569, 'Marlon_Brando', 22], [252740, 252569, 'Superman_-LRB-1978_film-RRB-', 0]], [[252740, 252570, 'Marlon_Brando', 23]], [[252740, 252571, 'Marlon_Brando', 26]]]",Marlon Brando was in a film.,marlon brando was in a film.
131226,NOT VERIFIABLE,NOT ENOUGH INFO,The human condition is analyzed in science.,"[[[153516, None, None, None]]]",The human condition is analyzed in science.,the human condition is analyzed in science.
189996,VERIFIABLE,SUPPORTS,Lily James appeared in films in 2012.,"[[[221966, 227444, 'Lily_James', 6]]]",Lily James appeared in films in 2012.,lily james appeared in films in 2012.
6366,NOT VERIFIABLE,NOT ENOUGH INFO,Little Mix is a band.,"[[[23153, None, None, None]]]",Little Mix is a band.,little mix is a band.
23841,VERIFIABLE,REFUTES,Mary-Louise Parker did not receive a Golden Globe.,"[[[39788, 47864, 'Mary-Louise_Parker', 2]]]",Mary-Louise Parker did not receive a Golden Globe.,mary-louise parker did not receive a golden globe.
191606,VERIFIABLE,REFUTES,Famous in Love stars sea otters.,"[[[224082, 228951, 'Famous_in_Love', 1]]]",Famous in Love stars sea otters.,famous in love stars sea otters.
206906,VERIFIABLE,REFUTES,Ayutthaya refused all foreigners.,"[[[244649, 245582, 'Ayutthaya_Kingdom', 1]]]",Ayutthaya refused all foreigners.,ayutthaya refused all foreigners.
200573,VERIFIABLE,SUPPORTS,Johan Heldenbergh starred in a movie.,"[[[235929, 238512, 'Johan_Heldenbergh', 1]]]",Johan Heldenbergh starred in a movie.,johan heldenbergh starred in a movie.
198994,NOT VERIFIABLE,NOT ENOUGH INFO,International Relations includes animals.,"[[[233972, None, None, None]]]",International Relations includes animals.,international relations includes animals.
145604,NOT VERIFIABLE,NOT ENOUGH INFO,The Republican Party is socially liberal.,"[[[168929, None, None, None]]]",The Republican Party is socially liberal.,the republican party is socially liberal.
26361,VERIFIABLE,REFUTES,Artemis brought and relieved disease in men.,"[[[42423, 51052, 'Artemis', 8]]]",Artemis brought and relieved disease in men.,artemis brought and relieved disease in men.
202221,NOT VERIFIABLE,NOT ENOUGH INFO,Murder on the Orient Express starred an Armenian actor.,"[[[238192, None, None, None], [238206, None, None, None]]]",Murder on the Orient Express starred an Armenian actor.,murder on the orient express starred an armenian actor.
94018,NOT VERIFIABLE,NOT ENOUGH INFO,Zindagi Na Milegi Dobara stars Akshay Kumar.,"[[[111424, None, None, None]]]",Zindagi Na Milegi Dobara stars Akshay Kumar.,zindagi na milegi dobara stars akshay kumar.
198978,NOT VERIFIABLE,NOT ENOUGH INFO,International Relations includes the U.N.,"[[[233955, None, None, None]]]",International Relations includes the U.N.,international relations includes the u.n.
138140,NOT VERIFIABLE,NOT ENOUGH INFO,Michael Jackson was killed by Dr. Oz.,"[[[160922, None, None, None]]]",Michael Jackson was killed by Dr. Oz.,michael jackson was killed by dr. oz.
83645,VERIFIABLE,REFUTES,Giacomo Casanova was a person.,"[[[100689, 113992, 'Giacomo_Casanova', 0]]]",Giacomo Casanova was a person.,giacomo casanova was a person.
214884,NOT VERIFIABLE,NOT ENOUGH INFO,"History of art includes architecture, dance, sculpture, music, painting, poetry literature, theatre, narrative, film, photography and graphic arts.","[[[255160, None, None, None]]]","History of art includes architecture, dance, sculpture, music, painting, poetry literature, theatre, narrative, film, photography and graphic arts.","history of art includes architecture, dance, sculpture, music, painting, poetry literature, theatre, narrative, film, photography and graphic arts."
194066,VERIFIABLE,REFUTES,Duane Hopwood includes Ryan Gosling.,"[[[227260, 231655, 'Duane_Hopwood', 0]], [[227264, 231660, 'Duane_Hopwood', 0]]]",Duane Hopwood includes Ryan Gosling.,duane hopwood includes ryan gosling.
67348,VERIFIABLE,SUPPORTS,The World According to Paris starred Brooke Mueller.,"[[[213460, 220705, 'The_World_According_to_Paris', 4]], [[216326, 222991, 'The_World_According_to_Paris', 4]], [[217238, 223867, 'The_World_According_to_Paris', 4]], [[317262, 306318, 'The_World_According_to_Paris', 4], [317262, 306318, 'The_World_According_to_Paris', 0]], [[317326, 306370, 'The_World_According_to_Paris', 4]]]",The World According to Paris starred Brooke Mueller.,the world according to paris starred brooke mueller.
214904,VERIFIABLE,REFUTES,History of art only includes computers.,"[[[255800, 255160, 'History_of_art', 2]], [[255800, 255161, 'History_of_art', 3]]]",History of art only includes computers.,history of art only includes computers.
43125,NOT VERIFIABLE,NOT ENOUGH INFO,The Promise premiered in Canada.,"[[[128869, None, None, None], [130768, None, None, None], [310642, None, None, None]]]",The Promise premiered in Canada.,the promise premiered in canada.
182551,NOT VERIFIABLE,NOT ENOUGH INFO,There are popular culture categories.,"[[[212330, None, None, None]]]",There are popular culture categories.,there are popular culture categories.
206882,VERIFIABLE,SUPPORTS,"Ayutthaya was friendly towards Chinese, Dutch, English, Vietnamese, Indian, Japanese, Persian, Portuguese, Spanish, and French people.","[[[244628, 245573, 'Ayutthaya_Kingdom', 1]]]","Ayutthaya was friendly towards Chinese, Dutch, English, Vietnamese, Indian, Japanese, Persian, Portuguese, Spanish, and French people.","ayutthaya was friendly towards chinese, dutch, english, vietnamese, indian, japanese, persian, portuguese, spanish, and french people."
69893,NOT VERIFIABLE,NOT ENOUGH INFO,Saturn is a Christian state.,"[[[86573, None, None, None]]]",Saturn is a Christian state.,saturn is a christian state.
184941,NOT VERIFIABLE,NOT ENOUGH INFO,Winnipeg is home to the Parliament of Canada.,"[[[215484, None, None, None]]]",Winnipeg is home to the Parliament of Canada.,winnipeg is home to the parliament of canada.
114889,VERIFIABLE,REFUTES,Get Out stars a wild truffle.,"[[[134891, 149788, 'Get_Out_-LRB-film-RRB-', 1]]]",Get Out stars a wild truffle.,get out stars a wild truffle.
76198,VERIFIABLE,SUPPORTS,Neil Young is not Canadian.,"[[[93044, 105952, 'Neil_Young', 23]], [[93044, 105953, 'Neil_Young', 24]]]",Neil Young is not Canadian.,neil young is not canadian.
228626,NOT VERIFIABLE,NOT ENOUGH INFO,How to Lose Friends & Alienate People stars an english actor.,"[[[272774, None, None, None]]]",How to Lose Friends & Alienate People stars an english actor.,how to lose friends & alienate people stars an english actor.
191175,VERIFIABLE,SUPPORTS,James Bryant Conant wrote Slums and Suburbs.,"[[[223512, 228496, 'James_Bryant_Conant', 23]], [[223514, 228498, 'James_Bryant_Conant', 23]]]",James Bryant Conant wrote Slums and Suburbs.,james bryant conant wrote slums and suburbs.
191947,VERIFIABLE,REFUTES,The Hangover Part III includes Dave Chapelle.,"[[[224494, 229332, 'The_Hangover_Part_III', 4]], [[224494, 229333, 'The_Hangover_Part_III', 3]]]",The Hangover Part III includes Dave Chapelle.,the hangover part iii includes dave chapelle.
33218,NOT VERIFIABLE,NOT ENOUGH INFO,The Walt Disney Company owns Nickelodeon.,"[[[49304, None, None, None]]]",The Walt Disney Company owns Nickelodeon.,the walt disney company owns nickelodeon.
216067,VERIFIABLE,SUPPORTS,The 19th G7 summit included politicians.,"[[[256702, 255867, '19th_G7_summit', 4]]]",The 19th G7 summit included politicians.,the 19th g7 summit included politicians.
132076,VERIFIABLE,SUPPORTS,Pablo Picasso was an etcher.,"[[[154497, 169214, 'Pablo_Picasso', 11], [154497, 169214, ""Picasso's_Blue_Period"", 23]]]",Pablo Picasso was an etcher.,pablo picasso was an etcher.
63012,VERIFIABLE,REFUTES,Reuters only sends out news in English.,"[[[79432, 91131, 'Reuters', 6]]]",Reuters only sends out news in English.,reuters only sends out news in english.
180815,VERIFIABLE,SUPPORTS,Central America contains agriculture.,"[[[209888, 217681, 'Central_America', 2], [209888, 217681, 'Costa_Rica', 13], [209888, 217681, 'El_Salvador', 16]], [[209888, 217682, 'Central_America', 11], [209888, 217682, 'Mesoamerica', 5], [209888, 217682, 'Pre-Columbian_era', 9]], [[209888, 217683, 'Central_America', 15], [209888, 217683, 'Costa_Rica', 13], [209888, 217683, 'El_Salvador', 16]]]",Central America contains agriculture.,central america contains agriculture.
216056,VERIFIABLE,SUPPORTS,The 19th G7 summit included politicians.,"[[[256690, 255860, '19th_G7_summit', 4]]]",The 19th G7 summit included politicians.,the 19th g7 summit included politicians.
126806,VERIFIABLE,SUPPORTS,There are Christian states in the world.,"[[[148655, 163677, 'Christian_state', 1]], [[148655, 163678, 'Christian_state', 2]]]",There are Christian states in the world.,there are christian states in the world.
43071,NOT VERIFIABLE,NOT ENOUGH INFO,Apple Inc.'s consumer software includes dead people.,"[[[59374, None, None, None]]]",Apple Inc.'s consumer software includes dead people.,apple inc.'s consumer software includes dead people.
150983,VERIFIABLE,REFUTES,Galaxy Quest is a horror movie.,"[[[174786, 187914, 'Galaxy_Quest', 0]]]",Galaxy Quest is a horror movie.,galaxy quest is a horror movie.
200500,VERIFIABLE,SUPPORTS,Twilight's first novel has a released companion novel called Midnight Sun.,"[[[235853, 238452, 'Twilight_-LRB-novel_series-RRB-', 3]], [[235854, 238453, 'Twilight_-LRB-novel_series-RRB-', 3]]]",Twilight's first novel has a released companion novel called Midnight Sun.,twilight's first novel has a released companion novel called midnight sun.
202209,NOT VERIFIABLE,NOT ENOUGH INFO,Murder on the Orient Express starred an Armenian actor.,"[[[238179, None, None, None]]]",Murder on the Orient Express starred an Armenian actor.,murder on the orient express starred an armenian actor.
162391,NOT VERIFIABLE,NOT ENOUGH INFO,Helios is the son of Olympian deities.,"[[[186945, None, None, None]]]",Helios is the son of Olympian deities.,helios is the son of olympian deities.
3996,NOT VERIFIABLE,NOT ENOUGH INFO,Matt Smith's first television role was in a box.,"[[[20205, None, None, None]]]",Matt Smith's first television role was in a box.,matt smith's first television role was in a box.
177804,VERIFIABLE,REFUTES,Labor Pains was released on August 4 in the United Kingdom.,"[[[206080, 214535, 'Labor_Pains', 6]]]",Labor Pains was released on August 4 in the United Kingdom.,labor pains was released on august 4 in the united kingdom.
86839,VERIFIABLE,SUPPORTS,24 is a thriller television show.,"[[[103974, 117482, '24_-LRB-2016_film-RRB-', 0]]]",24 is a thriller television show.,24 is a thriller television show.
4161,NOT VERIFIABLE,NOT ENOUGH INFO,Futurama is a live action series.,"[[[20399, None, None, None]]]",Futurama is a live action series.,futurama is a live action series.
197212,VERIFIABLE,REFUTES,Omar Sharif was fluent exclusively in Hebrew.,"[[[231772, 235141, 'Omar_Sharif', 7]], [[231773, 235142, 'Omar_Sharif', 7]]]",Omar Sharif was fluent exclusively in Hebrew.,omar sharif was fluent exclusively in hebrew.
27766,NOT VERIFIABLE,NOT ENOUGH INFO,Zach Galifianakis starred in The Matrix.,"[[[43891, None, None, None]]]",Zach Galifianakis starred in The Matrix.,zach galifianakis starred in the matrix.
184192,VERIFIABLE,REFUTES,Furia is adapted from a real event.,"[[[214453, 221501, 'Furia_-LRB-film-RRB-', 0]]]",Furia is adapted from a real event.,furia is adapted from a real event.
120707,NOT VERIFIABLE,NOT ENOUGH INFO,Dirty Diana is a book.,"[[[141741, None, None, None]]]",Dirty Diana is a book.,dirty diana is a book.
83619,VERIFIABLE,REFUTES,Before Night Falls is an autobiographical film.,"[[[100664, 113973, 'Before_Night_Falls_-LRB-film-RRB-', 0]]]",Before Night Falls is an autobiographical film.,before night falls is an autobiographical film.
172381,VERIFIABLE,SUPPORTS,The National Security Agency has at least one official responsibility.,"[[[198957, 208629, 'National_Security_Agency', 1]]]",The National Security Agency has at least one official responsibility.,the national security agency has at least one official responsibility.
210049,VERIFIABLE,SUPPORTS,Afghanistan is the source of an empire.,"[[[248795, 248871, 'Afghanistan', 8]], [[248796, 248872, 'Afghanistan', 8]]]",Afghanistan is the source of an empire.,afghanistan is the source of an empire.
41157,VERIFIABLE,REFUTES,Dan Martin is Canadian.,"[[[57454, 67662, 'Dan_Martin_-LRB-cyclist-RRB-', 0]], [[57454, 67663, 'Dan_Martin_-LRB-cyclist-RRB-', 1]]]",Dan Martin is Canadian.,dan martin is canadian.
58959,VERIFIABLE,SUPPORTS,Nikola Tesla was a person.,"[[[75341, 86587, 'Nikola_Tesla', 0]]]",Nikola Tesla was a person.,nikola tesla was a person.
140583,NOT VERIFIABLE,NOT ENOUGH INFO,Sally Field was in a movie.,"[[[163559, None, None, None]]]",Sally Field was in a movie.,sally field was in a movie.
199086,NOT VERIFIABLE,NOT ENOUGH INFO,International Relations includes the U.N.,"[[[234073, None, None, None]]]",International Relations includes the U.N.,international relations includes the u.n.
201667,NOT VERIFIABLE,NOT ENOUGH INFO,Matt Sorum's touring project Kings of Chaos features members of at least one rock band.,"[[[237387, None, None, None]]]",Matt Sorum's touring project Kings of Chaos features members of at least one rock band.,matt sorum's touring project kings of chaos features members of at least one rock band.
48179,VERIFIABLE,SUPPORTS,Elephants have been featured in places.,"[[[145707, 160713, 'Elephant', 33]], [[148677, 163713, 'Elephant', 33]], [[311366, 301358, 'Elephant', 33]], [[312902, 302630, 'Elephant', 33]]]",Elephants have been featured in places.,elephants have been featured in places.
198987,NOT VERIFIABLE,NOT ENOUGH INFO,International Relations includes the U.N.,"[[[233966, None, None, None]]]",International Relations includes the U.N.,international relations includes the u.n.
90007,NOT VERIFIABLE,NOT ENOUGH INFO,Seven Days in May stars Robert Pattinson.,"[[[107314, None, None, None]]]",Seven Days in May stars Robert Pattinson.,seven days in may stars robert pattinson.
87249,VERIFIABLE,SUPPORTS,Vitamin B12 is not produced by multi-cellular organisms.,"[[[106887, 120286, 'Vitamin_B12', 3]]]",Vitamin B12 is not produced by multi-cellular organisms.,vitamin b12 is not produced by multi-cellular organisms.
71406,NOT VERIFIABLE,NOT ENOUGH INFO,The Great Gatsby explores themes of dogs.,"[[[88074, None, None, None]]]",The Great Gatsby explores themes of dogs.,the great gatsby explores themes of dogs.
143724,VERIFIABLE,SUPPORTS,Tokyo Ghoul has the actor Ken Kaneki.,"[[[166858, 180662, 'Tokyo_Ghoul_-LRB-film-RRB-', 1]]]",Tokyo Ghoul has the actor Ken Kaneki.,tokyo ghoul has the actor ken kaneki.
119494,NOT VERIFIABLE,NOT ENOUGH INFO,"The United Kingdom includes England, Scotland, Wales and Northern Ireland.","[[[140438, None, None, None]]]","The United Kingdom includes England, Scotland, Wales and Northern Ireland.","the united kingdom includes england, scotland, wales and northern ireland."
196231,VERIFIABLE,SUPPORTS,The Prince of Egypt is a creative work.,"[[[230568, 234226, 'The_Prince_of_Egypt', 0], [230568, 234226, 'Creative_work', 0]]]",The Prince of Egypt is a creative work.,the prince of egypt is a creative work.
75183,VERIFIABLE,SUPPORTS,Veronika Decides to Die is a book.,"[[[91974, 104755, 'Veronika_Decides_to_Die_-LRB-film-RRB-', 1], [91974, 104755, 'Veronika_Decides_to_Die', 0]]]",Veronika Decides to Die is a book.,veronika decides to die is a book.
188038,NOT VERIFIABLE,NOT ENOUGH INFO,Thiokol was also known as Satan.,"[[[219424, None, None, None]]]",Thiokol was also known as Satan.,thiokol was also known as satan.
185721,NOT VERIFIABLE,NOT ENOUGH INFO,Ben Whishaw was in a stage production.,"[[[216552, None, None, None]]]",Ben Whishaw was in a stage production.,ben whishaw was in a stage production.
186707,VERIFIABLE,REFUTES,Calvin Harris is an activist.,"[[[217855, 224302, 'Calvin_Harris', 0]]]",Calvin Harris is an activist.,calvin harris is an activist.
160818,NOT VERIFIABLE,NOT ENOUGH INFO,"Beverly Hills, 90210 addressed global human rights.","[[[185342, None, None, None]]]","Beverly Hills, 90210 addressed global human rights.","beverly hills, 90210 addressed global human rights."
192073,NOT VERIFIABLE,NOT ENOUGH INFO,The Long Run was rejected by the Eagles.,"[[[224646, None, None, None]]]",The Long Run was rejected by the Eagles.,the long run was rejected by the eagles.
188094,VERIFIABLE,SUPPORTS,Thiokol was also known as Thiokol Chemical Corporation.,"[[[219495, 225491, 'Thiokol', 0]]]",Thiokol was also known as Thiokol Chemical Corporation.,thiokol was also known as thiokol chemical corporation.
219062,NOT VERIFIABLE,NOT ENOUGH INFO,Deadpool 2 featured Scarlett Johansson.,"[[[260541, None, None, None]]]",Deadpool 2 featured Scarlett Johansson.,deadpool 2 featured scarlett johansson.
174330,VERIFIABLE,REFUTES,Oliver Reed was in a movie in 1936.,"[[[201477, 210932, 'Oliver_Reed', 0]]]",Oliver Reed was in a movie in 1936.,oliver reed was in a movie in 1936.
182718,NOT VERIFIABLE,NOT ENOUGH INFO,Pitch Perfect 3 stars Keanu Reeves.,"[[[212597, None, None, None]]]",Pitch Perfect 3 stars Keanu Reeves.,pitch perfect 3 stars keanu reeves.
218931,VERIFIABLE,SUPPORTS,Renaissance art involved an artist.,"[[[260307, 258733, 'Renaissance_art', 30]]]",Renaissance art involved an artist.,renaissance art involved an artist.
130209,VERIFIABLE,REFUTES,Based on a T.R.U. Story lost Best Album to Lemonade by Beyonce.,"[[[152444, 167239, 'Based_on_a_T.R.U._Story', 7]]]",Based on a T.R.U. Story lost Best Album to Lemonade by Beyonce.,based on a t.r.u. story lost best album to lemonade by beyonce.
80618,VERIFIABLE,SUPPORTS,The West Wing contains no rooms.,"[[[97610, 110757, 'West_Wing', 1]]]",The West Wing contains no rooms.,the west wing contains no rooms.
213683,VERIFIABLE,REFUTES,The Man with the Iron Fists only stars Adam Sandler.,"[[[253619, 253437, 'The_Man_with_the_Iron_Fists', 1]]]",The Man with the Iron Fists only stars Adam Sandler.,the man with the iron fists only stars adam sandler.
78137,NOT VERIFIABLE,NOT ENOUGH INFO,Tony Blair was Prime Minister of Spain.,"[[[95082, None, None, None]]]",Tony Blair was Prime Minister of Spain.,tony blair was prime minister of spain.
179521,VERIFIABLE,REFUTES,Every episode of The Singing Detective is called Pilot.,"[[[208328, 216416, 'The_Singing_Detective', 1]]]",Every episode of The Singing Detective is called Pilot.,every episode of the singing detective is called pilot.
187725,VERIFIABLE,SUPPORTS,United Kingdom is a member of the United Nations.,"[[[219043, 225174, 'United_Kingdom', 36]], [[219044, 225175, 'United_Kingdom', 36]]]",United Kingdom is a member of the United Nations.,united kingdom is a member of the united nations.
63563,NOT VERIFIABLE,NOT ENOUGH INFO,Mark Millar has worked on cars.,"[[[201364, None, None, None], [204227, None, None, None], [206661, None, None, None], [315591, None, None, None], [316700, None, None, None]]]",Mark Millar has worked on cars.,mark millar has worked on cars.
191601,VERIFIABLE,REFUTES,Famous in Love failed to star any actors.,"[[[224077, 228948, 'Famous_in_Love', 1]]]",Famous in Love failed to star any actors.,famous in love failed to star any actors.
123995,NOT VERIFIABLE,NOT ENOUGH INFO,Charles Marie de La Condamine was an astronomer.,"[[[34071, None, None, None]]]",Charles Marie de La Condamine was an astronomer.,charles marie de la condamine was an astronomer.
56997,VERIFIABLE,REFUTES,Water only occurs artificially.,"[[[73338, 84548, 'Water', 3], [73338, 84548, 'Ice', 4]]]",Water only occurs artificially.,water only occurs artificially.
214916,VERIFIABLE,SUPPORTS,History of art includes aesthetics.,"[[[255194, 254669, 'History_of_art', 0], [255194, 254669, 'Aesthetics', 0]]]",History of art includes aesthetics.,history of art includes aesthetics.
219592,VERIFIABLE,REFUTES,Vanilla Sky stars only actors and actresses from Austria.,"[[[261256, 259437, 'Vanilla_Sky', 5], [261256, 259437, 'Cameron_Diaz', 0], [261256, 259437, 'Jason_Lee_-LRB-actor-RRB-', 0], [261256, 259437, 'Kurt_Russell', 0], [261256, 259437, 'Penélope_Cruz', 0]]]",Vanilla Sky stars only actors and actresses from Austria.,vanilla sky stars only actors and actresses from austria.
187087,VERIFIABLE,SUPPORTS,James Blake (musician) released his first album in 2016.,"[[[218279, 224594, 'James_Blake_-LRB-musician-RRB-', 1]]]",James Blake (musician) released his first album in 2016.,james blake (musician) released his first album in 2016.
137304,VERIFIABLE,REFUTES,Buddhism is a god.,"[[[160057, 174577, 'Buddhism', 0]], [[160057, 174578, 'Buddhism', 2]], [[160057, 174579, 'Buddhism', 3]]]",Buddhism is a god.,buddhism is a god.
203304,VERIFIABLE,REFUTES,Extreme environments can only be caused by humans.,"[[[239806, 241517, 'Extreme_environment', 1]]]",Extreme environments can only be caused by humans.,extreme environments can only be caused by humans.
131305,NOT VERIFIABLE,NOT ENOUGH INFO,The Academy Honorary Award was instituted for an award previous called the Palm d'Or.,"[[[287085, None, None, None], [290820, None, None, None], [335398, None, None, None], [335399, None, None, None], [335407, None, None, None]]]",The Academy Honorary Award was instituted for an award previous called the Palm d'Or.,the academy honorary award was instituted for an award previous called the palm d'or.
138142,NOT VERIFIABLE,NOT ENOUGH INFO,Tardigrades are also known as land mice.,"[[[290003, None, None, None], [293484, None, None, None], [337406, None, None, None]]]",Tardigrades are also known as land mice.,tardigrades are also known as land mice.
176771,NOT VERIFIABLE,NOT ENOUGH INFO,Legion was written by Peter Griffin.,"[[[204806, None, None, None]]]",Legion was written by Peter Griffin.,legion was written by peter griffin.
151560,NOT VERIFIABLE,NOT ENOUGH INFO,Diane Ruggiero's full name is Diane Cameron.,"[[[175421, None, None, None]]]",Diane Ruggiero's full name is Diane Cameron.,diane ruggiero's full name is diane cameron.
140953,NOT VERIFIABLE,NOT ENOUGH INFO,In & Out is a horror film.,"[[[163958, None, None, None]]]",In & Out is a horror film.,in & out is a horror film.
154823,VERIFIABLE,REFUTES,Sriti Jha retired from acting in 2010.,"[[[178841, 191387, 'Sriti_Jha', 3]], [[178842, 191388, 'Sriti_Jha', 3]]]",Sriti Jha retired from acting in 2010.,sriti jha retired from acting in 2010.
213288,NOT VERIFIABLE,NOT ENOUGH INFO,The Nile drains through a forest.,"[[[253041, None, None, None]]]",The Nile drains through a forest.,the nile drains through a forest.
163402,NOT VERIFIABLE,NOT ENOUGH INFO,Ilkhanate contained Poland.,"[[[296906, None, None, None], [298556, None, None, None], [344208, None, None, None], [344214, None, None, None]]]",Ilkhanate contained Poland.,ilkhanate contained poland.
203238,VERIFIABLE,REFUTES,Extreme environments can only be caused by humans.,"[[[239723, 241475, 'Extreme_environment', 1]]]",Extreme environments can only be caused by humans.,extreme environments can only be caused by humans.
228660,NOT VERIFIABLE,NOT ENOUGH INFO,"How to Lose Friends & Alienate People stars Simon Pegg, Kirsten Dunst, Danny Huston, Gillian Anderson, Megan Fox and Jeff Bridges, alongside Max Minghella and Margo Stilley.","[[[272822, None, None, None]]]","How to Lose Friends & Alienate People stars Simon Pegg, Kirsten Dunst, Danny Huston, Gillian Anderson, Megan Fox and Jeff Bridges, alongside Max Minghella and Margo Stilley.","how to lose friends & alienate people stars simon pegg, kirsten dunst, danny huston, gillian anderson, megan fox and jeff bridges, alongside max minghella and margo stilley."
191599,NOT VERIFIABLE,NOT ENOUGH INFO,Famous in Love stars sea otters.,"[[[224070, None, None, None]]]",Famous in Love stars sea otters.,famous in love stars sea otters.
27078,VERIFIABLE,REFUTES,Clarence Thomas was exclusively self-educated.,"[[[43231, 51868, 'Clarence_Thomas', 4]]]",Clarence Thomas was exclusively self-educated.,clarence thomas was exclusively self-educated.
133015,NOT VERIFIABLE,NOT ENOUGH INFO,"Vikrant Massey starred in Dharam Veer, Balika Vadhu, Baba Aiso Varr Dhoondo, V The Serial, and Qubool Hai.","[[[155495, None, None, None]]]","Vikrant Massey starred in Dharam Veer, Balika Vadhu, Baba Aiso Varr Dhoondo, V The Serial, and Qubool Hai.","vikrant massey starred in dharam veer, balika vadhu, baba aiso varr dhoondo, v the serial, and qubool hai."
219068,NOT VERIFIABLE,NOT ENOUGH INFO,Deadpool 2 featured Scarlett Johansson.,"[[[260550, None, None, None]]]",Deadpool 2 featured Scarlett Johansson.,deadpool 2 featured scarlett johansson.
218925,VERIFIABLE,SUPPORTS,Renaissance art involved an artist.,"[[[260305, 258728, 'Renaissance_art', 25]], [[260305, 258729, 'Renaissance_art', 28]], [[260305, 258730, 'Renaissance_art', 30]], [[260305, 258731, 'Renaissance_art', 32]]]",Renaissance art involved an artist.,renaissance art involved an artist.
196252,NOT VERIFIABLE,NOT ENOUGH INFO,Emily Browning starred in Something in the Air.,"[[[230591, None, None, None]]]",Emily Browning starred in Something in the Air.,emily browning starred in something in the air.
176811,NOT VERIFIABLE,NOT ENOUGH INFO,Legion was created in 1994.,"[[[204878, None, None, None]]]",Legion was created in 1994.,legion was created in 1994.
130718,VERIFIABLE,SUPPORTS,The South Wales Valleys are also known as something else.,"[[[152969, 167733, 'South_Wales_Valleys', 1]]]",The South Wales Valleys are also known as something else.,the south wales valleys are also known as something else.
65811,NOT VERIFIABLE,NOT ENOUGH INFO,All the Pretty Horses is an action film.,"[[[82378, None, None, None]]]",All the Pretty Horses is an action film.,all the pretty horses is an action film.
186713,NOT VERIFIABLE,NOT ENOUGH INFO,Calvin Harris is an activist.,"[[[217835, None, None, None]]]",Calvin Harris is an activist.,calvin harris is an activist.
199130,NOT VERIFIABLE,NOT ENOUGH INFO,International Relations includes many subject matters.,"[[[234131, None, None, None]]]",International Relations includes many subject matters.,international relations includes many subject matters.
138678,VERIFIABLE,SUPPORTS,Joe Manganiello has worked with an actor.,"[[[161486, 175956, 'Joe_Manganiello', 1], [161486, 175956, 'Sam_Raimi', 0]], [[161486, 175957, 'Joe_Manganiello', 5], [161486, 175957, 'Magic_Mike', 0], [161486, 175957, 'Channing_Tatum', 0]]]",Joe Manganiello has worked with an actor.,joe manganiello has worked with an actor.
45352,NOT VERIFIABLE,NOT ENOUGH INFO,Apple Inc.'s consumer software includes dead people.,"[[[137703, None, None, None], [310133, None, None, None]]]",Apple Inc.'s consumer software includes dead people.,apple inc.'s consumer software includes dead people.
52535,VERIFIABLE,REFUTES,Galaxy Quest is a horror movie.,"[[[68844, 79657, 'Galaxy_Quest', 0]]]",Galaxy Quest is a horror movie.,galaxy quest is a horror movie.
213011,VERIFIABLE,SUPPORTS,Marlon Brando was in a film.,"[[[252659, 252402, 'Marlon_Brando', 1]], [[252659, 252403, 'Marlon_Brando', 8]], [[252659, 252404, 'Marlon_Brando', 11]], [[252659, 252405, 'Marlon_Brando', 16]], [[252659, 252406, 'Marlon_Brando', 17]], [[252659, 252407, 'Marlon_Brando', 18], [252659, 252407, 'The_Godfather', 1]], [[252659, 252408, 'Marlon_Brando', 20], [252659, 252408, 'The_Missouri_Breaks', 0]], [[252659, 252409, 'Marlon_Brando', 19], [252659, 252409, 'Last_Tango_in_Paris', 1]], [[252659, 252410, 'Marlon_Brando', 21], [252659, 252410, 'Superman_-LRB-1978_film-RRB-', 2]], [[252659, 252411, 'Marlon_Brando', 23], [252659, 252411, 'Apocalypse_Now', 2]], [[252659, 252412, 'Marlon_Brando', 26]]]",Marlon Brando was in a film.,marlon brando was in a film.
194133,NOT VERIFIABLE,NOT ENOUGH INFO,To The Bone includes Emma Stone.,"[[[227344, None, None, None]]]",To The Bone includes Emma Stone.,to the bone includes emma stone.
177281,VERIFIABLE,SUPPORTS,The second season of Outlander (TV series) was premiered in 2016.,"[[[205463, 214044, 'Outlander_-LRB-TV_series-RRB-', 5]]]",The second season of Outlander (TV series) was premiered in 2016.,the second season of outlander (tv series) was premiered in 2016.
70222,VERIFIABLE,REFUTES,Robert J. O'Neill is a former member of the Canadian Navy.,"[[[86879, 99336, ""Robert_J._O'Neill_-LRB-U.S._Navy_SEAL-RRB-"", 0]]]",Robert J. O'Neill is a former member of the Canadian Navy.,robert j. o'neill is a former member of the canadian navy.
223129,VERIFIABLE,REFUTES,Your Highness stars a bird.,"[[[266855, 263698, 'Your_Highness', 0]]]",Your Highness stars a bird.,your highness stars a bird.
219108,NOT VERIFIABLE,NOT ENOUGH INFO,Deadpool 2 features actors.,"[[[260625, None, None, None]]]",Deadpool 2 features actors.,deadpool 2 features actors.
200568,VERIFIABLE,SUPPORTS,Johan Heldenbergh starred in a movie.,"[[[236114, 238645, 'Johan_Heldenbergh', 1]]]",Johan Heldenbergh starred in a movie.,johan heldenbergh starred in a movie.
220796,VERIFIABLE,REFUTES,The Royal Tenenbaums only stars Emma Stone.,"[[[262798, 260675, 'The_Royal_Tenenbaums', 1]]]",The Royal Tenenbaums only stars Emma Stone.,the royal tenenbaums only stars emma stone.
30851,VERIFIABLE,REFUTES,Anti-nuclear antibodies has zero subtypes.,"[[[47042, 56147, 'Anti-nuclear_antibody', 5]]]",Anti-nuclear antibodies has zero subtypes.,anti-nuclear antibodies has zero subtypes.
5676,VERIFIABLE,REFUTES,Jim Rash is a brand name.,"[[[22382, 27574, 'Jim_Rash', 0]]]",Jim Rash is a brand name.,jim rash is a brand name.
47898,VERIFIABLE,REFUTES,Germans emigrated to Iceland.,"[[[64278, 75024, 'Iceland', 11]]]",Germans emigrated to Iceland.,germans emigrated to iceland.
213236,NOT VERIFIABLE,NOT ENOUGH INFO,The Nile drains through a forest.,"[[[252963, None, None, None]]]",The Nile drains through a forest.,the nile drains through a forest.
219581,VERIFIABLE,REFUTES,Vanilla Sky stars only actors and actresses from Austria.,"[[[261248, 259432, 'Vanilla_Sky', 5], [261248, 259432, 'Cameron_Diaz', 0], [261248, 259432, 'Jason_Lee_-LRB-actor-RRB-', 0]]]",Vanilla Sky stars only actors and actresses from Austria.,vanilla sky stars only actors and actresses from austria.
193345,NOT VERIFIABLE,NOT ENOUGH INFO,There is no record that Richard Nixon's wife ever moved.,"[[[226383, None, None, None]]]",There is no record that Richard Nixon's wife ever moved.,there is no record that richard nixon's wife ever moved.
156122,VERIFIABLE,SUPPORTS,The Hermetic Order of the Golden Dawn was devoted to knowledge.,"[[[181487, 193736, 'Hermetic_Order_of_the_Golden_Dawn', 0], [181487, 193736, 'Occult', 0]]]",The Hermetic Order of the Golden Dawn was devoted to knowledge.,the hermetic order of the golden dawn was devoted to knowledge.
12755,NOT VERIFIABLE,NOT ENOUGH INFO,Marie Curie was a physicist.,"[[[27996, None, None, None]]]",Marie Curie was a physicist.,marie curie was a physicist.
118539,VERIFIABLE,REFUTES,The Academy Honorary Award was instituted.,"[[[139056, 154139, 'Academy_Honorary_Award', 0]]]",The Academy Honorary Award was instituted.,the academy honorary award was instituted.
56402,VERIFIABLE,REFUTES,The Proposal stars Kittens.,"[[[72752, 83814, 'The_Proposal_-LRB-film-RRB-', 1]]]",The Proposal stars Kittens.,the proposal stars kittens.
194077,NOT VERIFIABLE,NOT ENOUGH INFO,Duane Hopwood includes a screenwriter.,"[[[227278, None, None, None]]]",Duane Hopwood includes a screenwriter.,duane hopwood includes a screenwriter.
76648,NOT VERIFIABLE,NOT ENOUGH INFO,Empress Matilda married the future pope.,"[[[93524, None, None, None]]]",Empress Matilda married the future pope.,empress matilda married the future pope.
119090,VERIFIABLE,REFUTES,Taipei is the least important city of Taiwan.,"[[[139787, 154792, 'Taipei', 0]], [[139788, 154793, 'Taipei', 0]]]",Taipei is the least important city of Taiwan.,taipei is the least important city of taiwan.
199054,VERIFIABLE,SUPPORTS,International Relations includes many subject matters.,"[[[234040, 236939, 'International_relations', 9]], [[234040, 236940, 'International_relations', 10]]]",International Relations includes many subject matters.,international relations includes many subject matters.
42064,NOT VERIFIABLE,NOT ENOUGH INFO,The Boys from Brazil features a corpse.,"[[[58342, None, None, None]]]",The Boys from Brazil features a corpse.,the boys from brazil features a corpse.
214226,NOT VERIFIABLE,NOT ENOUGH INFO,Syria includes only one ethnic group which is Italian.,"[[[254319, None, None, None]]]",Syria includes only one ethnic group which is Italian.,syria includes only one ethnic group which is italian.
191801,VERIFIABLE,SUPPORTS,"Portuguese, Spanish, Asturian-Leonese, Aragonese, Catalan, Gascon, Provençal, Gallo-Wallon, French, Franco-Provençal, Romansh, and Ladin are Western Romance Languages.","[[[224325, 229176, 'Western_Romance_languages', 6]]]","Portuguese, Spanish, Asturian-Leonese, Aragonese, Catalan, Gascon, Provençal, Gallo-Wallon, French, Franco-Provençal, Romansh, and Ladin are Western Romance Languages.","portuguese, spanish, asturian-leonese, aragonese, catalan, gascon, provençal, gallo-wallon, french, franco-provençal, romansh, and ladin are western romance languages."
226231,VERIFIABLE,REFUTES,Gift of the Night Fury exclusively stars the voices of people from Kenya.,"[[[269713, 265961, 'Gift_of_the_Night_Fury', 6], [269713, 265961, 'America_Ferrera', 0], [269713, 265961, 'Christopher_Mintz-Plasse', 0], [269713, 265961, 'Craig_Ferguson', 0], [269713, 265961, 'Gerard_Butler', 0], [269713, 265961, 'Jay_Baruchel', 0], [269713, 265961, 'Jonah_Hill', 0], [269713, 265961, 'Kristen_Wiig', 0], [269713, 265961, 'T._J._Miller', 0]]]",Gift of the Night Fury exclusively stars the voices of people from Kenya.,gift of the night fury exclusively stars the voices of people from kenya.
138858,VERIFIABLE,SUPPORTS,Star Trek is a movie.,"[[[161663, 176088, 'Star_Trek_-LRB-film_series-RRB-', 4]], [[161663, 176089, 'Star_Trek_-LRB-film_series-RRB-', 6]]]",Star Trek is a movie.,star trek is a movie.
134297,NOT VERIFIABLE,NOT ENOUGH INFO,Ellen DeGeneres is a singer.,"[[[156856, None, None, None]]]",Ellen DeGeneres is a singer.,ellen degeneres is a singer.
171882,VERIFIABLE,SUPPORTS,Hogwarts is the primary setting for the first six books in the Harry Potter series.,"[[[198342, 208228, 'Hogwarts', 0]]]",Hogwarts is the primary setting for the first six books in the Harry Potter series.,hogwarts is the primary setting for the first six books in the harry potter series.
132373,VERIFIABLE,SUPPORTS,Chris Mckenna has written multiple episodes for the series Community.,"[[[35115, 42570, 'Chris_McKenna_-LRB-writer-RRB-', 10]]]",Chris Mckenna has written multiple episodes for the series Community.,chris mckenna has written multiple episodes for the series community.
165509,VERIFIABLE,REFUTES,Ileana D'Cruz only starred in Twilight.,"[[[190303, 201361, ""Ileana_D'Cruz"", 4]], [[190303, 201362, ""Ileana_D'Cruz"", 5]], [[190303, 201363, ""Ileana_D'Cruz"", 12]]]",Ileana D'Cruz only starred in Twilight.,ileana d'cruz only starred in twilight.
90638,VERIFIABLE,SUPPORTS,Beauty Shop stars a human.,"[[[107952, 121429, 'Beauty_Shop', 2], [107952, 121429, 'Alicia_Silverstone', 0]], [[107952, 121430, 'Beauty_Shop', 1], [107952, 121430, 'Queen_Latifah', 0]]]",Beauty Shop stars a human.,beauty shop stars a human.
195732,NOT VERIFIABLE,NOT ENOUGH INFO,A Nightmare on Elm Street stars at least one actor.,"[[[229947, None, None, None]]]",A Nightmare on Elm Street stars at least one actor.,a nightmare on elm street stars at least one actor.
199099,NOT VERIFIABLE,NOT ENOUGH INFO,International Relations includes the U.N.,"[[[234092, None, None, None]]]",International Relations includes the U.N.,international relations includes the u.n.
82484,VERIFIABLE,REFUTES,Amsterdam Airport Schiphol serves as a base for Delta Air Lines.,"[[[99633, 112761, 'Amsterdam_Airport_Schiphol', 6]]]",Amsterdam Airport Schiphol serves as a base for Delta Air Lines.,amsterdam airport schiphol serves as a base for delta air lines.
194129,NOT VERIFIABLE,NOT ENOUGH INFO,To The Bone includes Emma Stone.,"[[[227340, None, None, None]]]",To The Bone includes Emma Stone.,to the bone includes emma stone.
93569,NOT VERIFIABLE,NOT ENOUGH INFO,Michael Jackson was a musician.,"[[[110939, None, None, None]]]",Michael Jackson was a musician.,michael jackson was a musician.
203349,NOT VERIFIABLE,NOT ENOUGH INFO,Saratoga includes Mark Hamill.,"[[[239863, None, None, None]]]",Saratoga includes Mark Hamill.,saratoga includes mark hamill.
82716,VERIFIABLE,SUPPORTS,Chris Mckenna has written multiple episodes for the series Community.,"[[[99849, 113028, 'Chris_McKenna_-LRB-writer-RRB-', 10]]]",Chris Mckenna has written multiple episodes for the series Community.,chris mckenna has written multiple episodes for the series community.
206321,NOT VERIFIABLE,NOT ENOUGH INFO,Billy Bob Thornton appeared in Primary Colors (1998).,"[[[243931, None, None, None]]]",Billy Bob Thornton appeared in Primary Colors (1998).,billy bob thornton appeared in primary colors (1998).
201913,VERIFIABLE,REFUTES,Alessia Cara has yet to release any EPs.,"[[[237738, 239952, 'Alessia_Cara', 1], [237738, 239952, 'Know-It-All', 2]]]",Alessia Cara has yet to release any EPs.,alessia cara has yet to release any eps.
148668,NOT VERIFIABLE,NOT ENOUGH INFO,Hypothyroidism can cause headaches.,"[[[292532, None, None, None], [292533, None, None, None], [294542, None, None, None], [340271, None, None, None], [340282, None, None, None], [340319, None, None, None]]]",Hypothyroidism can cause headaches.,hypothyroidism can cause headaches.
154524,VERIFIABLE,REFUTES,Linux distributes tombs.,"[[[178517, 191102, 'Linux', 1], [178517, 191102, 'Linux', 0], [178517, 191102, 'Tomb', 0]]]",Linux distributes tombs.,linux distributes tombs.
112154,VERIFIABLE,REFUTES,Nanotechnology is manipulation of energy.,"[[[131627, 146420, 'Nanotechnology', 0]]]",Nanotechnology is manipulation of energy.,nanotechnology is manipulation of energy.
194061,NOT VERIFIABLE,NOT ENOUGH INFO,Duane Hopwood includes Ryan Gosling.,"[[[227252, None, None, None]]]",Duane Hopwood includes Ryan Gosling.,duane hopwood includes ryan gosling.
10528,NOT VERIFIABLE,NOT ENOUGH INFO,Vitamin B12 is not produced by multi-cellular organisms.,"[[[25569, None, None, None]]]",Vitamin B12 is not produced by multi-cellular organisms.,vitamin b12 is not produced by multi-cellular organisms.
90418,NOT VERIFIABLE,NOT ENOUGH INFO,The Proposal stars Kittens.,"[[[107719, None, None, None]]]",The Proposal stars Kittens.,the proposal stars kittens.
92650,VERIFIABLE,REFUTES,A block is also called a dead body.,"[[[109974, 123590, 'Block_-LRB-basketball-RRB-', 0]]]",A block is also called a dead body.,a block is also called a dead body.
226240,VERIFIABLE,REFUTES,Gift of the Night Fury exclusively stars the voices of people from Kenya.,"[[[269723, 265973, 'Gift_of_the_Night_Fury', 6], [269723, 265973, 'America_Ferrera', 0], [269723, 265973, 'Christopher_Mintz-Plasse', 0], [269723, 265973, 'Craig_Ferguson', 0], [269723, 265973, 'Gerard_Butler', 0], [269723, 265973, 'Jay_Baruchel', 0], [269723, 265973, 'Jonah_Hill', 0], [269723, 265973, 'Kristen_Wiig', 0], [269723, 265973, 'T._J._Miller', 0]]]",Gift of the Night Fury exclusively stars the voices of people from Kenya.,gift of the night fury exclusively stars the voices of people from kenya.
191813,VERIFIABLE,SUPPORTS,"Portuguese, Spanish, Asturian-Leonese, Aragonese, Catalan, Gascon, Provençal, Gallo-Wallon, French, Franco-Provençal, Romansh, and Ladin are Western Romance Languages.","[[[224336, 229195, 'Western_Romance_languages', 6]]]","Portuguese, Spanish, Asturian-Leonese, Aragonese, Catalan, Gascon, Provençal, Gallo-Wallon, French, Franco-Provençal, Romansh, and Ladin are Western Romance Languages.","portuguese, spanish, asturian-leonese, aragonese, catalan, gascon, provençal, gallo-wallon, french, franco-provençal, romansh, and ladin are western romance languages."
64691,VERIFIABLE,REFUTES,Spider-Man won an Academy Award for Best Sound Mixing.,"[[[81131, 92957, 'Spider-Man_-LRB-2002_film-RRB-', 16], [81131, 92957, 'Spider-Man_-LRB-2002_film-RRB-', 0]]]",Spider-Man won an Academy Award for Best Sound Mixing.,spider-man won an academy award for best sound mixing.
19844,NOT VERIFIABLE,NOT ENOUGH INFO,Justin Bieber recorded Love Yourself.,"[[[35637, None, None, None]]]",Justin Bieber recorded Love Yourself.,justin bieber recorded love yourself.
228651,NOT VERIFIABLE,NOT ENOUGH INFO,How to Lose Friends & Alienate People stars an english actor.,"[[[272810, None, None, None]]]",How to Lose Friends & Alienate People stars an english actor.,how to lose friends & alienate people stars an english actor.
147331,NOT VERIFIABLE,NOT ENOUGH INFO,John Denver is a farmer.,"[[[292390, None, None, None], [294409, None, None, None], [295003, None, None, None], [339952, None, None, None]]]",John Denver is a farmer.,john denver is a farmer.
125885,VERIFIABLE,REFUTES,A Perfect Circle is a Canadian supergroup.,"[[[147687, 162707, 'A_Perfect_Circle', 0]]]",A Perfect Circle is a Canadian supergroup.,a perfect circle is a canadian supergroup.
56629,NOT VERIFIABLE,NOT ENOUGH INFO,Veronika Decides to Die is written by James Cameron.,"[[[72986, None, None, None]]]",Veronika Decides to Die is written by James Cameron.,veronika decides to die is written by james cameron.
1914,VERIFIABLE,REFUTES,Ruth Negga was born in Africa.,"[[[17726, 21872, 'Ruth_Negga', 0]]]",Ruth Negga was born in Africa.,ruth negga was born in africa.
198135,VERIFIABLE,REFUTES,Julie Walters failed to be an actress.,"[[[232982, 236011, 'Julie_Walters', 0]], [[232982, 236012, 'Julie_Walters', 2]], [[232982, 236013, 'Julie_Walters', 5]], [[232982, 236014, 'Julie_Walters', 6]], [[232982, 236015, 'Julie_Walters', 8]], [[232982, 236016, 'Julie_Walters', 12], [232982, 236016, 'Pat_and_Margaret', 2]], [[232982, 236017, 'Julie_Walters', 14], [232982, 236017, 'A_Short_Stay_in_Switzerland', 1]]]",Julie Walters failed to be an actress.,julie walters failed to be an actress.
6376,VERIFIABLE,SUPPORTS,The World According to Paris starred Brooke Mueller.,"[[[23133, 28481, 'The_World_According_to_Paris', 4]]]",The World According to Paris starred Brooke Mueller.,the world according to paris starred brooke mueller.
143746,VERIFIABLE,REFUTES,The Bridges of Madison County is a science fiction film.,"[[[166878, 180681, 'The_Bridges_of_Madison_County_-LRB-film-RRB-', 0]]]",The Bridges of Madison County is a science fiction film.,the bridges of madison county is a science fiction film.
74155,NOT VERIFIABLE,NOT ENOUGH INFO,Grace Jones's style drew on sources.,"[[[90933, None, None, None]]]",Grace Jones's style drew on sources.,grace jones's style drew on sources.
163370,VERIFIABLE,SUPPORTS,Ilkhanate contained large amounts of territory.,"[[[187933, 199490, 'Ilkhanate', 4]]]",Ilkhanate contained large amounts of territory.,ilkhanate contained large amounts of territory.
20588,VERIFIABLE,REFUTES,Jennifer Hudson came in seventh place on The Voice.,"[[[36397, 43989, 'Jennifer_Hudson', 1]]]",Jennifer Hudson came in seventh place on The Voice.,jennifer hudson came in seventh place on the voice.
179659,NOT VERIFIABLE,NOT ENOUGH INFO,Michael Giacchino composed the score for Dunkirk.,"[[[208504, None, None, None]]]",Michael Giacchino composed the score for Dunkirk.,michael giacchino composed the score for dunkirk.
116338,VERIFIABLE,REFUTES,The wendigo is native to dead bodies.,"[[[282587, 276757, 'Wendigo', 0]], [[284521, 278330, 'Wendigo', 0]], [[330726, 317313, 'Wendigo', 0]]]",The wendigo is native to dead bodies.,the wendigo is native to dead bodies.
187727,NOT VERIFIABLE,NOT ENOUGH INFO,United Kingdom is a car.,"[[[219046, None, None, None]]]",United Kingdom is a car.,united kingdom is a car.
92538,VERIFIABLE,SUPPORTS,Social justice is invoked today.,"[[[109855, 123447, 'Social_justice', 11]]]",Social justice is invoked today.,social justice is invoked today.
184557,NOT VERIFIABLE,NOT ENOUGH INFO,The Shadow Line was written by James Cameron.,"[[[214994, None, None, None]]]",The Shadow Line was written by James Cameron.,the shadow line was written by james cameron.
148027,VERIFIABLE,SUPPORTS,Jing Tian's birthday is May 21.,"[[[171632, 185097, 'Jing_Tian', 0]]]",Jing Tian's birthday is May 21.,jing tian's birthday is may 21.
210031,VERIFIABLE,SUPPORTS,Afghanistan is the source of an empire.,"[[[248773, 248855, 'Afghanistan', 8]], [[248777, 248859, 'Afghanistan', 8]], [[248782, 248862, 'Afghanistan', 8]]]",Afghanistan is the source of an empire.,afghanistan is the source of an empire.
94004,NOT VERIFIABLE,NOT ENOUGH INFO,Mark Millar has worked on cars.,"[[[111407, None, None, None], [111408, None, None, None], [111409, None, None, None], [111417, None, None, None]]]",Mark Millar has worked on cars.,mark millar has worked on cars.
21257,NOT VERIFIABLE,NOT ENOUGH INFO,Captain America is part of DC Comics.,"[[[37050, None, None, None]]]",Captain America is part of DC Comics.,captain america is part of dc comics.
34446,VERIFIABLE,SUPPORTS,Minos fathered a child.,"[[[50637, 60192, 'Minos', 4]], [[50637, 60193, 'Minos', 5]], [[50637, 60194, 'Minos', 6]], [[50637, 60195, 'Minos', 7]]]",Minos fathered a child.,minos fathered a child.
197060,VERIFIABLE,SUPPORTS,Charles Woodruff Yost died.,"[[[231567, 235034, 'Charles_Woodruff_Yost', 0]]]",Charles Woodruff Yost died.,charles woodruff yost died.
44221,VERIFIABLE,SUPPORTS,Anil Kapoor has a profession.,"[[[60634, 71054, 'Anil_Kapoor', 0]], [[60634, 71055, 'Anil_Kapoor', 1]]]",Anil Kapoor has a profession.,anil kapoor has a profession.
220781,NOT VERIFIABLE,NOT ENOUGH INFO,The Royal Tenenbaum stars Dolly Parton.,"[[[262801, None, None, None]]]",The Royal Tenenbaum stars Dolly Parton.,the royal tenenbaum stars dolly parton.
60063,VERIFIABLE,SUPPORTS,Minos fathered a child.,"[[[76508, 87810, 'Minos', 5]], [[76508, 87811, 'Minos', 7]]]",Minos fathered a child.,minos fathered a child.
124644,VERIFIABLE,SUPPORTS,"Michael Caine starred in Get Carter, The Last Valley, Sleuth, The Man Who Would Be King, and A Bridge Too Far.","[[[147417, 162426, 'Michael_Caine', 5]]]","Michael Caine starred in Get Carter, The Last Valley, Sleuth, The Man Who Would Be King, and A Bridge Too Far.","michael caine starred in get carter, the last valley, sleuth, the man who would be king, and a bridge too far."
167912,VERIFIABLE,SUPPORTS,Jon Pertwee was in a series based on books.,"[[[193308, 203863, 'Jon_Pertwee', 5], [193308, 203863, 'Worzel_Gummidge_-LRB-TV_series-RRB-', 0]]]",Jon Pertwee was in a series based on books.,jon pertwee was in a series based on books.
203252,NOT VERIFIABLE,NOT ENOUGH INFO,Extreme environments can be caused by factors.,"[[[239744, None, None, None]]]",Extreme environments can be caused by factors.,extreme environments can be caused by factors.
156003,NOT VERIFIABLE,NOT ENOUGH INFO,Harald V of Norway married Princess Kate.,"[[[180060, None, None, None]]]",Harald V of Norway married Princess Kate.,harald v of norway married princess kate.
163393,NOT VERIFIABLE,NOT ENOUGH INFO,Ilkhanate contained large amounts of territory.,"[[[296898, None, None, None], [344206, None, None, None]]]",Ilkhanate contained large amounts of territory.,ilkhanate contained large amounts of territory.
193515,VERIFIABLE,SUPPORTS,Maisie Williams stars in Game of Thrones.,"[[[226591, 231125, 'Maisie_Williams', 1]], [[226608, 231143, 'Maisie_Williams', 1], [226608, 231143, 'Arya_Stark', 1]]]",Maisie Williams stars in Game of Thrones.,maisie williams stars in game of thrones.
1920,VERIFIABLE,REFUTES,Water only occurs artificially.,"[[[17731, 21881, 'Water', 3]], [[17731, 21882, 'Water', 8]], [[17731, 21883, 'Water', 11]]]",Water only occurs artificially.,water only occurs artificially.
186133,VERIFIABLE,SUPPORTS,There are bodies of water in Ontario.,"[[[217076, 223711, 'Ontario', 6]], [[217076, 223712, 'Ontario', 7], [217076, 223712, 'Great_Lakes', 0]], [[217076, 223713, 'Ontario', 8], [217076, 223713, 'Detroit_River', 0]]]",There are bodies of water in Ontario.,there are bodies of water in ontario.
194119,NOT VERIFIABLE,NOT ENOUGH INFO,To The Bone includes Emma Stone.,"[[[229554, None, None, None]]]",To The Bone includes Emma Stone.,to the bone includes emma stone.
225141,VERIFIABLE,REFUTES,Chet Atkins only produced records for Michael Jackson.,"[[[268290, 264895, 'Chet_Atkins', 8]]]",Chet Atkins only produced records for Michael Jackson.,chet atkins only produced records for michael jackson.
126890,NOT VERIFIABLE,NOT ENOUGH INFO,The Council on Foreign Relations specializes in domestic affairs.,"[[[148755, None, None, None]]]",The Council on Foreign Relations specializes in domestic affairs.,the council on foreign relations specializes in domestic affairs.
203959,VERIFIABLE,REFUTES,Laura Linney was in a movie.,"[[[240750, 242330, 'Laura_Linney', 0]]]",Laura Linney was in a movie.,laura linney was in a movie.
199038,VERIFIABLE,SUPPORTS,International Relations includes many subject matters.,"[[[234018, 236913, 'International_relations', 0]], [[234018, 236914, 'International_relations', 9]]]",International Relations includes many subject matters.,international relations includes many subject matters.
119590,NOT VERIFIABLE,NOT ENOUGH INFO,Ubisoft is a tech company.,"[[[140530, None, None, None]]]",Ubisoft is a tech company.,ubisoft is a tech company.
45532,VERIFIABLE,REFUTES,Tony Blair was leader of the Conservative Party.,"[[[61880, 72362, 'Tony_Blair', 0]], [[61880, 72363, 'Tony_Blair', 1]], [[61880, 72364, 'Tony_Blair', 5]], [[61880, 72365, 'Tony_Blair', 26]]]",Tony Blair was leader of the Conservative Party.,tony blair was leader of the conservative party.
199119,VERIFIABLE,REFUTES,International Relations includes animals.,"[[[234114, 237011, 'International_relations', 9]], [[234114, 237012, 'International_relations', 10]]]",International Relations includes animals.,international relations includes animals.
134053,NOT VERIFIABLE,NOT ENOUGH INFO,Mark Bomback is a songwriter.,"[[[156585, None, None, None]]]",Mark Bomback is a songwriter.,mark bomback is a songwriter.
167898,VERIFIABLE,SUPPORTS,Jon Pertwee was in a series based on books.,"[[[193289, 203851, 'Jon_Pertwee', 5]]]",Jon Pertwee was in a series based on books.,jon pertwee was in a series based on books.
186099,VERIFIABLE,SUPPORTS,There are people in Ontario.,"[[[217010, 223665, 'Ontario', 1]], [[217010, 223666, 'Ontario', 3]], [[217010, 223667, 'Ontario', 12], [217010, 223667, 'Northern_Ontario', 5]]]",There are people in Ontario.,there are people in ontario.
98971,NOT VERIFIABLE,NOT ENOUGH INFO,Aix-Marseille-Provence Metropolis is a province.,"[[[118545, None, None, None]]]",Aix-Marseille-Provence Metropolis is a province.,aix-marseille-provence metropolis is a province.
27789,VERIFIABLE,REFUTES,Keith Urban is married.,"[[[43916, 52560, 'Keith_Urban', 24]]]",Keith Urban is married.,keith urban is married.
90373,VERIFIABLE,SUPPORTS,Andrew Garfield is a person.,"[[[107673, 121155, 'Andrew_Garfield', 0]]]",Andrew Garfield is a person.,andrew garfield is a person.
980,NOT VERIFIABLE,NOT ENOUGH INFO,Yusuke Murata wrote Eyeshield 21.,"[[[16527, None, None, None]]]",Yusuke Murata wrote Eyeshield 21.,yusuke murata wrote eyeshield 21.
223637,VERIFIABLE,SUPPORTS,Sue Vertue produced a sitcom.,"[[[266415, 263408, 'Sue_Vertue', 0], [266415, 263408, 'Coupling_-LRB-UK_TV_series-RRB-', 0], [266415, 263408, 'Mr._Bean', 0]], [[266415, 263409, 'Sue_Vertue', 17], [266415, 263409, 'Carrie_and_Barry', 0], [266415, 263409, 'Carrie_and_Barry', 4]]]",Sue Vertue produced a sitcom.,sue vertue produced a sitcom.
7823,NOT VERIFIABLE,NOT ENOUGH INFO,Ethiopia is in the Ivory Coast.,"[[[19501, None, None, None], [20853, None, None, None], [225761, None, None, None], [299127, None, None, None], [301207, None, None, None]]]",Ethiopia is in the Ivory Coast.,ethiopia is in the ivory coast.
115959,NOT VERIFIABLE,NOT ENOUGH INFO,Get Out stars Brad Pitt.,"[[[136144, None, None, None]]]",Get Out stars Brad Pitt.,get out stars brad pitt.
215152,VERIFIABLE,REFUTES,James and the Giant Peach was a silent animated film.,"[[[255504, 254953, 'James_and_the_Giant_Peach_-LRB-film-RRB-', 0], [255504, 254953, 'Musical_film', 0], [255504, 254953, 'Musical_film', 6]]]",James and the Giant Peach was a silent animated film.,james and the giant peach was a silent animated film.
39378,NOT VERIFIABLE,NOT ENOUGH INFO,Jack Nicholson has many films.,"[[[55622, None, None, None]]]",Jack Nicholson has many films.,jack nicholson has many films.
164241,VERIFIABLE,SUPPORTS,The Great Debaters stars Jurnee Smollett.,"[[[188925, 200305, 'The_Great_Debaters', 4]]]",The Great Debaters stars Jurnee Smollett.,the great debaters stars jurnee smollett.
147292,NOT VERIFIABLE,NOT ENOUGH INFO,Missing is a horror film.,"[[[170844, None, None, None]]]",Missing is a horror film.,missing is a horror film.
191914,NOT VERIFIABLE,NOT ENOUGH INFO,The Hangover Part III includes Dave Chapelle.,"[[[224458, None, None, None]]]",The Hangover Part III includes Dave Chapelle.,the hangover part iii includes dave chapelle.
96316,VERIFIABLE,REFUTES,Nosedive is an episode of a romance series.,"[[[113867, 127725, 'Nosedive', 0], [113867, 127725, 'Black_Mirror', 0]]]",Nosedive is an episode of a romance series.,nosedive is an episode of a romance series.
41237,VERIFIABLE,REFUTES,Peggy Sue Got Married was directed by Spike Lee.,"[[[57527, 67743, 'Peggy_Sue_Got_Married', 0]]]",Peggy Sue Got Married was directed by Spike Lee.,peggy sue got married was directed by spike lee.
126219,VERIFIABLE,SUPPORTS,Andy Kaufman was a performer.,"[[[148070, 163057, 'Andy_Kaufman', 0]]]",Andy Kaufman was a performer.,andy kaufman was a performer.
205050,NOT VERIFIABLE,NOT ENOUGH INFO,Jane Eyre was originally published as Jane Eyre: A Biography.,"[[[242270, None, None, None]]]",Jane Eyre was originally published as Jane Eyre: A Biography.,jane eyre was originally published as jane eyre: a biography.
111516,VERIFIABLE,SUPPORTS,Beauty Shop stars a human.,"[[[130909, 145686, 'Beauty_Shop', 2]], [[130909, 145687, 'Beauty_Shop', 1]], [[130910, 145688, 'Beauty_Shop', 1], [130910, 145688, 'Queen_Latifah', 0]]]",Beauty Shop stars a human.,beauty shop stars a human.
75280,VERIFIABLE,REFUTES,David Carradine was a dancer.,"[[[92065, 104841, 'David_Carradine', 0]]]",David Carradine was a dancer.,david carradine was a dancer.
64582,NOT VERIFIABLE,NOT ENOUGH INFO,Veronika Decides to Die is based on a movie by Paulo Coelho.,"[[[81025, None, None, None]]]",Veronika Decides to Die is based on a movie by Paulo Coelho.,veronika decides to die is based on a movie by paulo coelho.
172629,NOT VERIFIABLE,NOT ENOUGH INFO,Floyd Mayweather Jr. is a current amateur boxer.,"[[[199305, None, None, None]]]",Floyd Mayweather Jr. is a current amateur boxer.,floyd mayweather jr. is a current amateur boxer.
179532,NOT VERIFIABLE,NOT ENOUGH INFO,The Singing Detective had an episode called Runaway.,"[[[208346, None, None, None]]]",The Singing Detective had an episode called Runaway.,the singing detective had an episode called runaway.
84558,VERIFIABLE,SUPPORTS,Demi Lovato does jazz music.,"[[[101615, 114847, 'Demi_Lovato', 4], [101615, 114847, 'Here_We_Go_Again_-LRB-Demi_Lovato_album-RRB-', 8]]]",Demi Lovato does jazz music.,demi lovato does jazz music.
219093,VERIFIABLE,SUPPORTS,Deadpool 2 features actors.,"[[[260614, 258968, 'Deadpool_-LRB-film-RRB-', 1], [260614, 258968, 'Ed_Skrein', 0], [260614, 258968, 'Ryan_Reynolds', 0], [260614, 258968, 'Stefan_Kapičić', 0], [260614, 258968, 'T._J._Miller', 0]]]",Deadpool 2 features actors.,deadpool 2 features actors.
156684,NOT VERIFIABLE,NOT ENOUGH INFO,Missing is a French film.,"[[[296183, None, None, None], [297759, None, None, None], [299893, None, None, None], [342464, None, None, None], [342470, None, None, None], [342479, None, None, None]]]",Missing is a French film.,missing is a french film.
214842,VERIFIABLE,SUPPORTS,"History of art includes architecture, dance, sculpture, music, painting, poetry literature, theatre, narrative, film, photography and graphic arts.","[[[255115, 254631, 'History_of_art', 2]]]","History of art includes architecture, dance, sculpture, music, painting, poetry literature, theatre, narrative, film, photography and graphic arts.","history of art includes architecture, dance, sculpture, music, painting, poetry literature, theatre, narrative, film, photography and graphic arts."
203244,VERIFIABLE,REFUTES,Extreme environments can only be caused by humans.,"[[[239730, 241483, 'Extreme_environment', 1]]]",Extreme environments can only be caused by humans.,extreme environments can only be caused by humans.
93391,NOT VERIFIABLE,NOT ENOUGH INFO,"Red Headed Stranger contained the movie ""Time of the Preacher.""","[[[110757, None, None, None]]]","Red Headed Stranger contained the movie ""Time of the Preacher.""","red headed stranger contained the movie ""time of the preacher."""
145009,VERIFIABLE,SUPPORTS,Cricket is followed in Oceania.,"[[[168307, 182059, 'Cricket', 33], [168307, 182059, 'Australasia', 0]]]",Cricket is followed in Oceania.,cricket is followed in oceania.
46933,NOT VERIFIABLE,NOT ENOUGH INFO,Dirty Diana is by Michael Jackson's brother.,"[[[63252, None, None, None]]]",Dirty Diana is by Michael Jackson's brother.,dirty diana is by michael jackson's brother.
21691,VERIFIABLE,SUPPORTS,Winona Ryder is an entertainer.,"[[[37557, 45488, 'Winona_Ryder', 0]], [[37557, 45489, 'Winona_Ryder', 1]], [[37557, 45490, 'Winona_Ryder', 3]], [[37557, 45491, 'Winona_Ryder', 4]], [[37557, 45492, 'Winona_Ryder', 7]], [[37557, 45493, 'Winona_Ryder', 8]], [[37557, 45494, 'Winona_Ryder', 2], [37557, 45494, 'Beetlejuice', 0], [37557, 45494, 'Beetlejuice', 1]], [[37557, 45495, 'Winona_Ryder', 17]], [[37557, 45496, 'Winona_Ryder', 18]], [[37557, 45497, 'Winona_Ryder', 19]], [[37557, 45498, 'Winona_Ryder', 20], [37557, 45498, 'Frankenweenie_-LRB-2012_film-RRB-', 0], [37557, 45498, 'Frankenweenie_-LRB-2012_film-RRB-', 2]], [[37557, 45499, 'Winona_Ryder', 21]]]",Winona Ryder is an entertainer.,winona ryder is an entertainer.
156714,NOT VERIFIABLE,NOT ENOUGH INFO,LGBT is an acronym.,"[[[180806, None, None, None]]]",LGBT is an acronym.,lgbt is an acronym.
187726,VERIFIABLE,REFUTES,United Kingdom is a car.,"[[[219045, 225176, 'United_Kingdom', 0]]]",United Kingdom is a car.,united kingdom is a car.
97341,NOT VERIFIABLE,NOT ENOUGH INFO,Minos fathered Persephone.,"[[[114976, None, None, None]]]",Minos fathered Persephone.,minos fathered persephone.
182566,VERIFIABLE,SUPPORTS,There are popular culture categories.,"[[[212350, 219913, 'Popular_culture', 2]]]",There are popular culture categories.,there are popular culture categories.
135719,NOT VERIFIABLE,NOT ENOUGH INFO,Paul Pogba ended his career with Manchester United.,"[[[158334, None, None, None]]]",Paul Pogba ended his career with Manchester United.,paul pogba ended his career with manchester united.
136989,VERIFIABLE,SUPPORTS,A person was a music video director.,"[[[159727, 174210, 'Music_video_director', 8]], [[159727, 174211, 'Music_video_director', 9]], [[159727, 174212, 'Music_video_director', 10]]]",A person was a music video director.,a person was a music video director.
197225,NOT VERIFIABLE,NOT ENOUGH INFO,Omar Sharif was fluent exclusively in Hebrew.,"[[[231793, None, None, None]]]",Omar Sharif was fluent exclusively in Hebrew.,omar sharif was fluent exclusively in hebrew.
113910,VERIFIABLE,REFUTES,Merlin was awoken by Julian Jones.,"[[[133805, 148678, 'Merlin_-LRB-2008_TV_series-RRB-', 0]]]",Merlin was awoken by Julian Jones.,merlin was awoken by julian jones.
228667,NOT VERIFIABLE,NOT ENOUGH INFO,How to Lose Friends & Alienate People stars an english actor.,"[[[272831, None, None, None]]]",How to Lose Friends & Alienate People stars an english actor.,how to lose friends & alienate people stars an english actor.
199137,VERIFIABLE,REFUTES,International Relations only includes the entertainment industry.,"[[[234137, 237048, 'International_relations', 0]], [[234137, 237049, 'International_relations', 1]], [[234137, 237050, 'International_relations', 2]], [[234137, 237051, 'International_relations', 9]], [[234137, 237052, 'International_relations', 10]]]",International Relations only includes the entertainment industry.,international relations only includes the entertainment industry.
222241,VERIFIABLE,SUPPORTS,Gil Sharone played a role on an episode of a sitcom created by James Burrows.,"[[[264683, 262085, 'Gil_Sharone', 21], [264683, 262085, 'Full_House', 0]]]",Gil Sharone played a role on an episode of a sitcom created by James Burrows.,gil sharone played a role on an episode of a sitcom created by james burrows.
112291,VERIFIABLE,SUPPORTS,Lion was directed by Garth Davis in 2016.,"[[[131923, 146770, 'Lion_-LRB-2016_film-RRB-', 0]]]",Lion was directed by Garth Davis in 2016.,lion was directed by garth davis in 2016.
191828,VERIFIABLE,SUPPORTS,German is a Western Romance Language.,"[[[224367, 229227, 'Western_Romance_languages', 6], [224367, 229227, 'Romansh_language', 8]]]",German is a Western Romance Language.,german is a western romance language.
23775,VERIFIABLE,SUPPORTS,Edward VIII was succeeded by George VI.,"[[[39717, 47798, 'Edward_VIII', 15]]]",Edward VIII was succeeded by George VI.,edward viii was succeeded by george vi.
228176,VERIFIABLE,SUPPORTS,Kafka stars an english actor.,"[[[272206, 267898, 'Kafka_-LRB-film-RRB-', 2], [272206, 267898, 'Jeremy_Irons', 0]]]",Kafka stars an english actor.,kafka stars an english actor.
206976,VERIFIABLE,REFUTES,The Meyerowitz stories stars a cat.,"[[[244742, 245670, 'The_Meyerowitz_Stories', 1], [244742, 245670, 'Adam_Sandler', 0], [244742, 245670, 'Ben_Stiller', 0], [244742, 245670, 'Dustin_Hoffman', 0], [244742, 245670, 'Emma_Thompson', 0]]]",The Meyerowitz stories stars a cat.,the meyerowitz stories stars a cat.
172643,VERIFIABLE,REFUTES,Floyd Mayweather Jr. is British.,"[[[199322, 209039, 'Floyd_Mayweather_Jr.', 0]]]",Floyd Mayweather Jr. is British.,floyd mayweather jr. is british.
187712,NOT VERIFIABLE,NOT ENOUGH INFO,The United Kingdom is a member of no organizations.,"[[[219024, None, None, None]]]",The United Kingdom is a member of no organizations.,the united kingdom is a member of no organizations.
113088,NOT VERIFIABLE,NOT ENOUGH INFO,Edward I of England suppressed a rebellion in 1212.,"[[[132653, None, None, None]]]",Edward I of England suppressed a rebellion in 1212.,edward i of england suppressed a rebellion in 1212.
40596,VERIFIABLE,REFUTES,Minos fathered Persephone.,"[[[56891, 67127, 'Minos', 4]]]",Minos fathered Persephone.,minos fathered persephone.
99174,NOT VERIFIABLE,NOT ENOUGH INFO,Larry Junstrom is Canadian.,"[[[116819, None, None, None]]]",Larry Junstrom is Canadian.,larry junstrom is canadian.
82081,VERIFIABLE,REFUTES,Kalpana Raghavendar is a grave robber.,"[[[99139, 112245, 'Kalpana_Raghavendar', 0]]]",Kalpana Raghavendar is a grave robber.,kalpana raghavendar is a grave robber.
115945,NOT VERIFIABLE,NOT ENOUGH INFO,Galaxy Quest was directed by James Cameron.,"[[[136138, None, None, None]]]",Galaxy Quest was directed by James Cameron.,galaxy quest was directed by james cameron.
206972,NOT VERIFIABLE,NOT ENOUGH INFO,The Meyerowitz stories stars a cat.,"[[[244731, None, None, None]]]",The Meyerowitz stories stars a cat.,the meyerowitz stories stars a cat.
179538,VERIFIABLE,SUPPORTS,The Singing Detective has episodes.,"[[[208353, 216433, 'The_Singing_Detective', 1]]]",The Singing Detective has episodes.,the singing detective has episodes.
213225,NOT VERIFIABLE,NOT ENOUGH INFO,The Nile drains through a region.,"[[[252948, None, None, None]]]",The Nile drains through a region.,the nile drains through a region.
184852,VERIFIABLE,REFUTES,Hungary is surrounded by water.,"[[[215370, 222256, 'Hungary', 1]]]",Hungary is surrounded by water.,hungary is surrounded by water.
163392,VERIFIABLE,SUPPORTS,"Ilkhanate contained Iran, Iraq, Armenia, Azerbaijan, Georgia, Turkmenistan, Turkey, western Afghanistan, and southwestern Pakistan.","[[[188102, 199646, 'Ilkhanate', 4]]]","Ilkhanate contained Iran, Iraq, Armenia, Azerbaijan, Georgia, Turkmenistan, Turkey, western Afghanistan, and southwestern Pakistan.","ilkhanate contained iran, iraq, armenia, azerbaijan, georgia, turkmenistan, turkey, western afghanistan, and southwestern pakistan."
199057,NOT VERIFIABLE,NOT ENOUGH INFO,International Relations includes animals.,"[[[234039, None, None, None]]]",International Relations includes animals.,international relations includes animals.
203361,NOT VERIFIABLE,NOT ENOUGH INFO,Saratoga includes Mark Hamill.,"[[[239885, None, None, None]]]",Saratoga includes Mark Hamill.,saratoga includes mark hamill.
209508,NOT VERIFIABLE,NOT ENOUGH INFO,Sleep can be disrupted by sleep paralysis.,"[[[248048, None, None, None]]]",Sleep can be disrupted by sleep paralysis.,sleep can be disrupted by sleep paralysis.
203942,VERIFIABLE,SUPPORTS,"Laura Linney was in Lorenzo's Oil, You Can Count on Me (2000), Kinsey (2004) and The Savages (2007), Primal Fear (1996), The Truman Show (1998), Mystic River (2003), Love Actually (2003) and The Squid and the Whale (2005).","[[[240852, 242452, 'Laura_Linney', 7]], [[240852, 242453, 'Laura_Linney', 8]]]","Laura Linney was in Lorenzo's Oil, You Can Count on Me (2000), Kinsey (2004) and The Savages (2007), Primal Fear (1996), The Truman Show (1998), Mystic River (2003), Love Actually (2003) and The Squid and the Whale (2005).","laura linney was in lorenzo's oil, you can count on me (2000), kinsey (2004) and the savages (2007), primal fear (1996), the truman show (1998), mystic river (2003), love actually (2003) and the squid and the whale (2005)."
62935,VERIFIABLE,SUPPORTS,Imagine Dragons is a group.,"[[[79360, 91038, 'Imagine_Dragons', 0]], [[79360, 91039, 'Imagine_Dragons', 1], [79360, 91039, 'Night_Visions', 0]], [[79360, 91040, 'Imagine_Dragons', 3], [79360, 91040, 'Radioactive_-LRB-Imagine_Dragons_song-RRB-', 0]], [[79360, 91041, 'Imagine_Dragons', 5], [79360, 91041, 'Smoke_+_Mirrors', 0]]]",Imagine Dragons is a group.,imagine dragons is a group.
187714,NOT VERIFIABLE,NOT ENOUGH INFO,The United Kingdom is a member of no organizations.,"[[[219026, None, None, None]]]",The United Kingdom is a member of no organizations.,the united kingdom is a member of no organizations.
164203,NOT VERIFIABLE,NOT ENOUGH INFO,The Great Debaters stars Jurnee Smollett.,"[[[188876, None, None, None]]]",The Great Debaters stars Jurnee Smollett.,the great debaters stars jurnee smollett.
147706,NOT VERIFIABLE,NOT ENOUGH INFO,The Germanic peoples are an American group.,"[[[171266, None, None, None]]]",The Germanic peoples are an American group.,the germanic peoples are an american group.
177594,NOT VERIFIABLE,NOT ENOUGH INFO,Fences stars an animatronic figure.,"[[[205842, None, None, None], [205846, None, None, None]]]",Fences stars an animatronic figure.,fences stars an animatronic figure.
13944,NOT VERIFIABLE,NOT ENOUGH INFO,Barack Obama will have a presidential library built in his honor.,"[[[29217, None, None, None]]]",Barack Obama will have a presidential library built in his honor.,barack obama will have a presidential library built in his honor.
105630,VERIFIABLE,SUPPORTS,"The United Kingdom includes England, Scotland, Wales and Northern Ireland.","[[[123967, 138304, 'United_Kingdom', 15]]]","The United Kingdom includes England, Scotland, Wales and Northern Ireland.","the united kingdom includes england, scotland, wales and northern ireland."
209553,VERIFIABLE,SUPPORTS,"Sleep can be disrupted by dyssomnia, insomnia, hypersomnia, narcolepsy, sleep apnea, parasomnia, sleepwalking, REM behavior disorder, bruxism, and circadian rhythm sleep disorders.","[[[248111, 248354, 'Sleep', 13]]]","Sleep can be disrupted by dyssomnia, insomnia, hypersomnia, narcolepsy, sleep apnea, parasomnia, sleepwalking, REM behavior disorder, bruxism, and circadian rhythm sleep disorders.","sleep can be disrupted by dyssomnia, insomnia, hypersomnia, narcolepsy, sleep apnea, parasomnia, sleepwalking, rem behavior disorder, bruxism, and circadian rhythm sleep disorders."
20494,VERIFIABLE,REFUTES,Umbrella was released through Capital Records.,"[[[36301, 43855, 'Umbrella_-LRB-song-RRB-', 0], [36301, 43855, 'Good_Girl_Gone_Bad', 1]]]",Umbrella was released through Capital Records.,umbrella was released through capital records.
209549,VERIFIABLE,SUPPORTS,Sleep can be disrupted by medical conditions.,"[[[248107, 248351, 'Sleep', 13], [248107, 248351, 'Narcolepsy', 0]]]",Sleep can be disrupted by medical conditions.,sleep can be disrupted by medical conditions.
142513,VERIFIABLE,REFUTES,Veronika Decides to Die is written by James Cameron.,"[[[165574, 179609, 'Veronika_Decides_to_Die_-LRB-film-RRB-', 1]]]",Veronika Decides to Die is written by James Cameron.,veronika decides to die is written by james cameron.
161636,VERIFIABLE,SUPPORTS,Streptococcus belongs to an order.,"[[[186182, 198076, 'Streptococcus', 0]]]",Streptococcus belongs to an order.,streptococcus belongs to an order.
43514,VERIFIABLE,SUPPORTS,The human condition is analyzed in science.,"[[[59837, 70239, 'Human_condition', 1], [59837, 70239, 'Biology', 0]]]",The human condition is analyzed in science.,the human condition is analyzed in science.
191620,VERIFIABLE,REFUTES,Famous in Love failed to star any actors.,"[[[224093, 228960, 'Famous_in_Love', 1]]]",Famous in Love failed to star any actors.,famous in love failed to star any actors.
219097,VERIFIABLE,REFUTES,Deadpool 2 only featured Tom Cruise.,"[[[260607, 258964, 'Deadpool_-LRB-film-RRB-', 1]]]",Deadpool 2 only featured Tom Cruise.,deadpool 2 only featured tom cruise.
189115,VERIFIABLE,REFUTES,Svitavy is in Britain.,"[[[220831, 226623, 'Svitavy', 0]]]",Svitavy is in Britain.,svitavy is in britain.
213274,VERIFIABLE,SUPPORTS,The Nile drains through a region.,"[[[253013, 252875, 'Nile', 2]]]",The Nile drains through a region.,the nile drains through a region.
228899,NOT VERIFIABLE,NOT ENOUGH INFO,Drama school offers a degree.,"[[[273117, None, None, None]]]",Drama school offers a degree.,drama school offers a degree.
73512,VERIFIABLE,SUPPORTS,Dopamine receives signals from other nerve cells.,"[[[90312, 103061, 'Dopamine', 5]]]",Dopamine receives signals from other nerve cells.,dopamine receives signals from other nerve cells.
105070,NOT VERIFIABLE,NOT ENOUGH INFO,Bangladesh is in Africa.,"[[[123380, None, None, None]]]",Bangladesh is in Africa.,bangladesh is in africa.
92940,VERIFIABLE,REFUTES,Minos fathered Persephone.,"[[[110250, 123868, 'Minos', 4]]]",Minos fathered Persephone.,minos fathered persephone.
171854,NOT VERIFIABLE,NOT ENOUGH INFO,Hogwarts is the primary setting for the first six books in the Harry Potter series.,"[[[198315, None, None, None]]]",Hogwarts is the primary setting for the first six books in the Harry Potter series.,hogwarts is the primary setting for the first six books in the harry potter series.
82359,NOT VERIFIABLE,NOT ENOUGH INFO,Minos fathered Persephone.,"[[[99417, None, None, None]]]",Minos fathered Persephone.,minos fathered persephone.
215691,VERIFIABLE,REFUTES,Super Street Fighter II Turbo is a singing only game.,"[[[256256, 255499, 'Super_Street_Fighter_II_Turbo', 0]], [[256256, 255500, 'Super_Street_Fighter_II_Turbo', 7]], [[256256, 255501, 'Super_Street_Fighter_II_Turbo', 15]]]",Super Street Fighter II Turbo is a singing only game.,super street fighter ii turbo is a singing only game.
95931,VERIFIABLE,SUPPORTS,Social justice is invoked today.,"[[[113449, 127312, 'Social_justice', 11]]]",Social justice is invoked today.,social justice is invoked today.
220804,NOT VERIFIABLE,NOT ENOUGH INFO,The Royal Tenenbaum stars Dolly Parton.,"[[[262809, None, None, None]]]",The Royal Tenenbaum stars Dolly Parton.,the royal tenenbaum stars dolly parton.
50056,NOT VERIFIABLE,NOT ENOUGH INFO,A crown colony is a type of colonial anarchy.,"[[[66382, None, None, None]]]",A crown colony is a type of colonial anarchy.,a crown colony is a type of colonial anarchy.
111935,VERIFIABLE,SUPPORTS,The Illusionist is a film.,"[[[131391, 146165, 'The_Illusionist_-LRB-2006_film-RRB-', 0]], [[131391, 146166, 'The_Illusionist_-LRB-2006_film-RRB-', 2]], [[131391, 146167, 'The_Illusionist_-LRB-2006_film-RRB-', 3]], [[131391, 146168, 'The_Illusionist_-LRB-2006_film-RRB-', 6]], [[131391, 146169, 'The_Illusionist_-LRB-2006_film-RRB-', 7]]]",The Illusionist is a film.,the illusionist is a film.
127236,VERIFIABLE,REFUTES,Superman works for Clark Kent.,"[[[149096, 164125, 'Superman', 9], [149096, 164125, 'Clark_Kent', 1], [149096, 164125, 'Clark_Kent', 5]]]",Superman works for Clark Kent.,superman works for clark kent.
209524,VERIFIABLE,SUPPORTS,Sleep can be disrupted by medical conditions.,"[[[248072, 248330, 'Sleep', 13]]]",Sleep can be disrupted by medical conditions.,sleep can be disrupted by medical conditions.
218929,VERIFIABLE,REFUTES,Renaissance art only involved Leonardo Da Vinci and Milan.,"[[[260300, 258720, 'Renaissance_art', 30]]]",Renaissance art only involved Leonardo Da Vinci and Milan.,renaissance art only involved leonardo da vinci and milan.
2996,VERIFIABLE,REFUTES,Slovenia is a monarchy.,"[[[18878, 23116, 'Slovenia', 3]]]",Slovenia is a monarchy.,slovenia is a monarchy.
223908,VERIFIABLE,REFUTES,All original members of Stone Temple Pilots were exclusively from Somalia.,"[[[267500, 264195, 'Stone_Temple_Pilots', 0]]]",All original members of Stone Temple Pilots were exclusively from Somalia.,all original members of stone temple pilots were exclusively from somalia.
28730,VERIFIABLE,SUPPORTS,Cirrhosis can cause death.,"[[[44849, 53543, 'Cirrhosis', 27]]]",Cirrhosis can cause death.,cirrhosis can cause death.
7213,NOT VERIFIABLE,NOT ENOUGH INFO,Elsa Pataky is a squid.,"[[[24163, None, None, None]]]",Elsa Pataky is a squid.,elsa pataky is a squid.
84731,VERIFIABLE,REFUTES,A crown colony is now known as a royal colony.,"[[[269435, 265759, 'Crown_colony', 0]], [[272520, 268194, 'Crown_colony', 0]], [[273910, 269234, 'Crown_colony', 0]], [[322007, 310344, 'Crown_colony', 0]]]",A crown colony is now known as a royal colony.,a crown colony is now known as a royal colony.
199083,VERIFIABLE,SUPPORTS,International Relations includes many subject matters.,"[[[234071, 236963, 'International_relations', 0]], [[234071, 236964, 'International_relations', 9]]]",International Relations includes many subject matters.,international relations includes many subject matters.
140889,VERIFIABLE,REFUTES,Ellen DeGeneres is a singer.,"[[[163892, 178132, 'Ellen_DeGeneres', 0]]]",Ellen DeGeneres is a singer.,ellen degeneres is a singer.
200435,NOT VERIFIABLE,NOT ENOUGH INFO,Meryl Streep has lost three or more competitive Oscars for acting.,"[[[235769, None, None, None]]]",Meryl Streep has lost three or more competitive Oscars for acting.,meryl streep has lost three or more competitive oscars for acting.
192449,VERIFIABLE,REFUTES,Francois de Belleforest translated scientific articles.,"[[[225140, 229845, 'François_de_Belleforest', 9]]]",Francois de Belleforest translated scientific articles.,francois de belleforest translated scientific articles.
49270,VERIFIABLE,SUPPORTS,Austria is officially neutral.,"[[[150708, 165565, 'Austria', 25]], [[152786, 167557, 'Austria', 25]], [[311610, 301541, 'Austria', 25]], [[311613, 301542, 'Austria', 25], [311613, 301542, 'Declaration_of_Neutrality', 0]]]",Austria is officially neutral.,austria is officially neutral.
206352,NOT VERIFIABLE,NOT ENOUGH INFO,Justinian I was an East Roman emperor.,"[[[243975, None, None, None]]]",Justinian I was an East Roman emperor.,justinian i was an east roman emperor.
220789,NOT VERIFIABLE,NOT ENOUGH INFO,The Royal Tenenbaums only stars Emma Stone.,"[[[262786, None, None, None]]]",The Royal Tenenbaums only stars Emma Stone.,the royal tenenbaums only stars emma stone.
19936,VERIFIABLE,REFUTES,Bangladesh is in Africa.,"[[[35751, 43304, 'Bangladesh', 1]], [[35751, 43305, 'Bangladesh', 9], [35751, 43305, 'Bengal', 0]]]",Bangladesh is in Africa.,bangladesh is in africa.
218923,VERIFIABLE,SUPPORTS,Renaissance art involved an artist.,"[[[260302, 258724, 'Renaissance_art', 26], [260302, 258724, 'Masaccio', 0]], [[260350, 258763, 'Renaissance_art', 25], [260350, 258763, 'Donatello', 1], [260350, 258763, 'Filippo_Brunelleschi', 0], [260350, 258763, 'Architecture', 1], [260350, 258763, 'Sculpture', 1]], [[260350, 258764, 'Renaissance_art', 30], [260350, 258764, 'Lorenzo_Ghiberti', 0], [260350, 258764, 'Lorenzo_Ghiberti', 1], [260350, 258764, 'Lorenzo_Ghiberti', 2], [260350, 258764, 'Masaccio', 0], [260350, 258764, 'Michelozzo', 0], [260350, 258764, 'Piero_della_Francesca', 0]]]",Renaissance art involved an artist.,renaissance art involved an artist.
21103,VERIFIABLE,SUPPORTS,Matt Smith's first television role was in the BBC adaptation of Philip Pullman's The Shadow in the North.,"[[[55244, 65291, 'Matt_Smith_-LRB-actor-RRB-', 9]], [[58117, 68332, 'Matt_Smith_-LRB-actor-RRB-', 9]], [[60597, 71019, 'Matt_Smith_-LRB-actor-RRB-', 9]], [[303090, 294071, 'Matt_Smith_-LRB-actor-RRB-', 9]], [[305188, 296027, 'Matt_Smith_-LRB-actor-RRB-', 9]], [[305190, 296029, 'Matt_Smith_-LRB-actor-RRB-', 9]]]",Matt Smith's first television role was in the BBC adaptation of Philip Pullman's The Shadow in the North.,matt smith's first television role was in the bbc adaptation of philip pullman's the shadow in the north.
133224,NOT VERIFIABLE,NOT ENOUGH INFO,Vincent Cassel starred in Ocean's Thirteen.,"[[[155732, None, None, None]]]",Vincent Cassel starred in Ocean's Thirteen.,vincent cassel starred in ocean's thirteen.
115018,NOT VERIFIABLE,NOT ENOUGH INFO,The last episode of Inhumans released in 1999.,"[[[135025, None, None, None]]]",The last episode of Inhumans released in 1999.,the last episode of inhumans released in 1999.
163386,VERIFIABLE,REFUTES,Ilkhanate contained Poland.,"[[[187942, 199496, 'Ilkhanate', 4]]]",Ilkhanate contained Poland.,ilkhanate contained poland.
169866,VERIFIABLE,SUPPORTS,Cary Grant appeared in a film.,"[[[195943, 206082, 'Cary_Grant', 8]]]",Cary Grant appeared in a film.,cary grant appeared in a film.
213086,VERIFIABLE,SUPPORTS,Marlon Brando was in a film.,"[[[252747, 252578, 'Marlon_Brando', 0]], [[252747, 252579, 'Marlon_Brando', 1]], [[252747, 252580, 'Marlon_Brando', 3]], [[252747, 252581, 'Marlon_Brando', 4], [252747, 252581, 'Apocalypse_Now', 0]], [[252747, 252582, 'Marlon_Brando', 8]], [[252747, 252583, 'Marlon_Brando', 11]], [[252747, 252584, 'Marlon_Brando', 10]], [[252747, 252585, 'Marlon_Brando', 16]], [[252747, 252586, 'Marlon_Brando', 17]], [[252747, 252587, 'Marlon_Brando', 18], [252747, 252587, 'The_Godfather', 1]], [[252747, 252588, 'Marlon_Brando', 19]], [[252747, 252589, 'Marlon_Brando', 23]], [[252747, 252590, 'Marlon_Brando', 26]]]",Marlon Brando was in a film.,marlon brando was in a film.
228876,NOT VERIFIABLE,NOT ENOUGH INFO,Drama school offers a Ph.D.,"[[[273082, None, None, None]]]",Drama school offers a Ph.D.,drama school offers a ph.d.
203944,NOT VERIFIABLE,NOT ENOUGH INFO,"Laura Linney was in Lorenzo's Oil, You Can Count on Me (2000), Kinsey (2004) and The Savages (2007), Primal Fear (1996), The Truman Show (1998), Mystic River (2003), Love Actually (2003) and The Squid and the Whale (2005).","[[[240729, None, None, None]]]","Laura Linney was in Lorenzo's Oil, You Can Count on Me (2000), Kinsey (2004) and The Savages (2007), Primal Fear (1996), The Truman Show (1998), Mystic River (2003), Love Actually (2003) and The Squid and the Whale (2005).","laura linney was in lorenzo's oil, you can count on me (2000), kinsey (2004) and the savages (2007), primal fear (1996), the truman show (1998), mystic river (2003), love actually (2003) and the squid and the whale (2005)."
9774,NOT VERIFIABLE,NOT ENOUGH INFO,Cricket is followed in Oceania.,"[[[24621, None, None, None]]]",Cricket is followed in Oceania.,cricket is followed in oceania.
73501,VERIFIABLE,SUPPORTS,Helike was submerged in 373 AD.,"[[[90305, 103054, 'Helike', 0]]]",Helike was submerged in 373 AD.,helike was submerged in 373 ad.
179185,VERIFIABLE,REFUTES,Dominick Dunne was illiterate.,"[[[207870, 216058, 'Dominick_Dunne', 0]], [[207870, 216059, 'Dominick_Dunne', 4]]]",Dominick Dunne was illiterate.,dominick dunne was illiterate.
229251,NOT VERIFIABLE,NOT ENOUGH INFO,Cara Delevingne was involved in a film.,"[[[273583, None, None, None]]]",Cara Delevingne was involved in a film.,cara delevingne was involved in a film.
203279,NOT VERIFIABLE,NOT ENOUGH INFO,Extreme environments can only be caused by humans.,"[[[239770, None, None, None]]]",Extreme environments can only be caused by humans.,extreme environments can only be caused by humans.
186112,NOT VERIFIABLE,NOT ENOUGH INFO,There are zero bodies of water in Ontario.,"[[[217028, None, None, None], [217039, None, None, None]]]",There are zero bodies of water in Ontario.,there are zero bodies of water in ontario.
174918,VERIFIABLE,REFUTES,50 First Dates is a horror film.,"[[[202294, 211604, '50_First_Dates', 0]]]",50 First Dates is a horror film.,50 first dates is a horror film.
214212,VERIFIABLE,SUPPORTS,Syria includes various ethnic groups.,"[[[254301, 254010, 'Syria', 4]]]",Syria includes various ethnic groups.,syria includes various ethnic groups.
171975,NOT VERIFIABLE,NOT ENOUGH INFO,Warm Leatherette is by a woman.,"[[[198456, None, None, None]]]",Warm Leatherette is by a woman.,warm leatherette is by a woman.
31404,VERIFIABLE,SUPPORTS,Justified lost an award.,"[[[47558, 56763, 'Justified_-LRB-TV_series-RRB-', 8]]]",Justified lost an award.,justified lost an award.
177260,NOT VERIFIABLE,NOT ENOUGH INFO,The second season of Outlander (TV series) was premiered in 2016.,"[[[205439, None, None, None]]]",The second season of Outlander (TV series) was premiered in 2016.,the second season of outlander (tv series) was premiered in 2016.
176107,VERIFIABLE,SUPPORTS,Caryn Mandabach produced That '80s Show.,"[[[203931, 212840, 'Caryn_Mandabach', 3]]]",Caryn Mandabach produced That '80s Show.,caryn mandabach produced that '80s show.
182567,NOT VERIFIABLE,NOT ENOUGH INFO,"Entertainment, sports, news, politics, fashion/clothes, technology, and slang are popular culture categories.","[[[212352, None, None, None]]]","Entertainment, sports, news, politics, fashion/clothes, technology, and slang are popular culture categories.","entertainment, sports, news, politics, fashion/clothes, technology, and slang are popular culture categories."
116799,NOT VERIFIABLE,NOT ENOUGH INFO,Jesus is also known as Jesus of Canada.,"[[[137165, None, None, None]]]",Jesus is also known as Jesus of Canada.,jesus is also known as jesus of canada.
187703,VERIFIABLE,SUPPORTS,The United Kingdom is a member of organizations.,"[[[219015, 225158, 'United_Kingdom', 39]]]",The United Kingdom is a member of organizations.,the united kingdom is a member of organizations.
98485,NOT VERIFIABLE,NOT ENOUGH INFO,"Beverly Hills, 90210 addressed global human rights.","[[[116136, None, None, None]]]","Beverly Hills, 90210 addressed global human rights.","beverly hills, 90210 addressed global human rights."
179619,NOT VERIFIABLE,NOT ENOUGH INFO,Michael Giacchino composed the score for Dunkirk.,"[[[208459, None, None, None]]]",Michael Giacchino composed the score for Dunkirk.,michael giacchino composed the score for dunkirk.
202521,VERIFIABLE,REFUTES,Little Boy was dropped by a plane piloted by a robot.,"[[[238642, 240629, 'Little_Boy', 0], [238642, 240629, 'Enola_Gay', 0], [238642, 240629, 'Paul_Tibbets', 0], [238642, 240629, 'Paul_Tibbets', 1]]]",Little Boy was dropped by a plane piloted by a robot.,little boy was dropped by a plane piloted by a robot.
135184,NOT VERIFIABLE,NOT ENOUGH INFO,Paul Pogba is a basketball player.,"[[[157758, None, None, None]]]",Paul Pogba is a basketball player.,paul pogba is a basketball player.
192871,VERIFIABLE,REFUTES,Lindsay Lohan has no experience as a fashion model.,"[[[225697, 230305, 'Lindsay_Lohan', 1]]]",Lindsay Lohan has no experience as a fashion model.,lindsay lohan has no experience as a fashion model.
152745,VERIFIABLE,REFUTES,Sally Field was in Mordor.,"[[[176692, 189629, 'Sally_Field', 0], [176692, 189629, 'Mordor', 0]]]",Sally Field was in Mordor.,sally field was in mordor.
199016,NOT VERIFIABLE,NOT ENOUGH INFO,International Relations includes animals.,"[[[233995, None, None, None]]]",International Relations includes animals.,international relations includes animals.
209543,NOT VERIFIABLE,NOT ENOUGH INFO,"Sleep can be disrupted by dyssomnia, insomnia, hypersomnia, narcolepsy, sleep apnea, parasomnia, sleepwalking, REM behavior disorder, bruxism, and circadian rhythm sleep disorders.","[[[248101, None, None, None]]]","Sleep can be disrupted by dyssomnia, insomnia, hypersomnia, narcolepsy, sleep apnea, parasomnia, sleepwalking, REM behavior disorder, bruxism, and circadian rhythm sleep disorders.","sleep can be disrupted by dyssomnia, insomnia, hypersomnia, narcolepsy, sleep apnea, parasomnia, sleepwalking, rem behavior disorder, bruxism, and circadian rhythm sleep disorders."
53269,VERIFIABLE,SUPPORTS,The Council on Foreign Relations was founded in 1821.,"[[[69547, 80362, 'Council_on_Foreign_Relations', 0]]]",The Council on Foreign Relations was founded in 1821.,the council on foreign relations was founded in 1821.
46404,NOT VERIFIABLE,NOT ENOUGH INFO,The Promise premiered in Canada.,"[[[141628, None, None, None], [143595, None, None, None], [312679, None, None, None], [312688, None, None, None]]]",The Promise premiered in Canada.,the promise premiered in canada.
186108,NOT VERIFIABLE,NOT ENOUGH INFO,There are people in Ontario.,"[[[217018, None, None, None]]]",There are people in Ontario.,there are people in ontario.
202358,VERIFIABLE,REFUTES,Destiny was released exclusively for the Wii.,"[[[238398, 240436, 'Destiny_-LRB-video_game-RRB-', 1]]]",Destiny was released exclusively for the Wii.,destiny was released exclusively for the wii.
225128,VERIFIABLE,REFUTES,Chet Atkins only produced records for Michael Jackson.,"[[[268271, 264877, 'Chet_Atkins', 8]]]",Chet Atkins only produced records for Michael Jackson.,chet atkins only produced records for michael jackson.
81642,VERIFIABLE,REFUTES,Ozzy Osbourne was inducted into the Museum of Modern Art.,"[[[98694, 111761, 'Ozzy_Osbourne', 8]]]",Ozzy Osbourne was inducted into the Museum of Modern Art.,ozzy osbourne was inducted into the museum of modern art.
47408,VERIFIABLE,SUPPORTS,The Supernatural pilot was written by David Nutter.,"[[[63721, 74468, 'Pilot_-LRB-Supernatural-RRB-', 1]]]",The Supernatural pilot was written by David Nutter.,the supernatural pilot was written by david nutter.
218915,NOT VERIFIABLE,NOT ENOUGH INFO,Renaissance art only involved Leonardo Da Vinci and Milan.,"[[[260277, None, None, None]]]",Renaissance art only involved Leonardo Da Vinci and Milan.,renaissance art only involved leonardo da vinci and milan.
156746,VERIFIABLE,SUPPORTS,Linux distributes software.,"[[[180839, 193205, 'Linux', 1]]]",Linux distributes software.,linux distributes software.
213248,NOT VERIFIABLE,NOT ENOUGH INFO,The Nile drains through a forest.,"[[[253016, None, None, None]]]",The Nile drains through a forest.,the nile drains through a forest.
203950,NOT VERIFIABLE,NOT ENOUGH INFO,Laura Linney was on the Titanic.,"[[[240734, None, None, None]]]",Laura Linney was on the Titanic.,laura linney was on the titanic.
27942,NOT VERIFIABLE,NOT ENOUGH INFO,Volleyball is a business.,"[[[44060, None, None, None]]]",Volleyball is a business.,volleyball is a business.
13103,NOT VERIFIABLE,NOT ENOUGH INFO,The Boys from Brazil stars Liv Ullmann.,"[[[28342, None, None, None]]]",The Boys from Brazil stars Liv Ullmann.,the boys from brazil stars liv ullmann.
105779,NOT VERIFIABLE,NOT ENOUGH INFO,Star vs. the Forces of Evil is produced by an American company.,"[[[124168, None, None, None]]]",Star vs. the Forces of Evil is produced by an American company.,star vs. the forces of evil is produced by an american company.
111091,NOT VERIFIABLE,NOT ENOUGH INFO,Jacqueline Kennedy Onassis was American.,"[[[130463, None, None, None]]]",Jacqueline Kennedy Onassis was American.,jacqueline kennedy onassis was american.
193392,NOT VERIFIABLE,NOT ENOUGH INFO,The Mummy is an Armenian film.,"[[[226448, None, None, None]]]",The Mummy is an Armenian film.,the mummy is an armenian film.
9815,VERIFIABLE,REFUTES,Maggie Gyllenhaal is a Canadian.,"[[[24658, 30442, 'Maggie_Gyllenhaal', 0]]]",Maggie Gyllenhaal is a Canadian.,maggie gyllenhaal is a canadian.
198992,NOT VERIFIABLE,NOT ENOUGH INFO,International Relations includes animals.,"[[[233971, None, None, None]]]",International Relations includes animals.,international relations includes animals.
192399,NOT VERIFIABLE,NOT ENOUGH INFO,Francois de Belleforest translated the works of Elena Ferrante.,"[[[225066, None, None, None]]]",Francois de Belleforest translated the works of Elena Ferrante.,francois de belleforest translated the works of elena ferrante.
205319,VERIFIABLE,SUPPORTS,Ballet Shoes premiered in Britain.,"[[[242598, 243936, 'Ballet_Shoes_-LRB-film-RRB-', 1], [242598, 243936, 'BBC_One', 0]]]",Ballet Shoes premiered in Britain.,ballet shoes premiered in britain.
208257,NOT VERIFIABLE,NOT ENOUGH INFO,"In Despicable Me 3, Steve Carell plays a single role.","[[[246402, None, None, None]]]","In Despicable Me 3, Steve Carell plays a single role.","in despicable me 3, steve carell plays a single role."
191814,VERIFIABLE,REFUTES,German is a Western Romance Language.,"[[[224337, 229196, 'Western_Romance_languages', 0], [224337, 229196, 'German_language', 0]]]",German is a Western Romance Language.,german is a western romance language.
197075,NOT VERIFIABLE,NOT ENOUGH INFO,Charles Woodruff Yost died.,"[[[231591, None, None, None]]]",Charles Woodruff Yost died.,charles woodruff yost died.
189597,VERIFIABLE,REFUTES,Doctor Zhivago is a script.,"[[[221447, 227049, 'Doctor_Zhivago_-LRB-novel-RRB-', 0]]]",Doctor Zhivago is a script.,doctor zhivago is a script.
203321,NOT VERIFIABLE,NOT ENOUGH INFO,Saratoga failed to be produced and so no actors were included.,"[[[239831, None, None, None]]]",Saratoga failed to be produced and so no actors were included.,saratoga failed to be produced and so no actors were included.
198983,NOT VERIFIABLE,NOT ENOUGH INFO,International Relations includes animals.,"[[[233961, None, None, None]]]",International Relations includes animals.,international relations includes animals.
48281,NOT VERIFIABLE,NOT ENOUGH INFO,Green Day is from Boston.,"[[[64646, None, None, None]]]",Green Day is from Boston.,green day is from boston.
177631,NOT VERIFIABLE,NOT ENOUGH INFO,Fences stars Emma Stone.,"[[[207253, None, None, None]]]",Fences stars Emma Stone.,fences stars emma stone.
214235,VERIFIABLE,REFUTES,Syria includes only one ethnic group which is Italian.,"[[[254326, 254029, 'Syria', 4]], [[254327, 254030, 'Syria', 4]], [[254338, 254037, 'Syria', 4]]]",Syria includes only one ethnic group which is Italian.,syria includes only one ethnic group which is italian.
187690,VERIFIABLE,SUPPORTS,"The UK is a member of the Commonwealth of Nations, the Council of Europe, the G7 finance ministers, the G7 forum, the G20, NATO, the Organisation for Economic Co-operation and Development (OECD), and the World Trade Organization (WTO).","[[[220799, 226598, 'United_Kingdom', 39]]]","The UK is a member of the Commonwealth of Nations, the Council of Europe, the G7 finance ministers, the G7 forum, the G20, NATO, the Organisation for Economic Co-operation and Development (OECD), and the World Trade Organization (WTO).","the uk is a member of the commonwealth of nations, the council of europe, the g7 finance ministers, the g7 forum, the g20, nato, the organisation for economic co-operation and development (oecd), and the world trade organization (wto)."
199055,VERIFIABLE,REFUTES,International Relations only includes the entertainment industry.,"[[[234037, 236934, 'International_relations', 0]], [[234037, 236935, 'International_relations', 1]], [[234037, 236936, 'International_relations', 2]], [[234037, 236937, 'International_relations', 9]], [[234037, 236938, 'International_relations', 10]]]",International Relations only includes the entertainment industry.,international relations only includes the entertainment industry.
192627,VERIFIABLE,REFUTES,Odin travels independently only.,"[[[225368, 230033, 'Odin', 16]]]",Odin travels independently only.,odin travels independently only.
84172,NOT VERIFIABLE,NOT ENOUGH INFO,"Beverly Hills, 90210 addressed global human rights.","[[[101209, None, None, None]]]","Beverly Hills, 90210 addressed global human rights.","beverly hills, 90210 addressed global human rights."
189088,VERIFIABLE,SUPPORTS,Svitavy is in Britain.,"[[[220793, 226592, 'Svitavy', 0]], [[220794, 226593, 'Svitavy', 0]]]",Svitavy is in Britain.,svitavy is in britain.
203984,VERIFIABLE,SUPPORTS,Laura Linney was in a movie.,"[[[240778, 242386, 'Laura_Linney', 7]]]",Laura Linney was in a movie.,laura linney was in a movie.
218896,NOT VERIFIABLE,NOT ENOUGH INFO,Renaissance art involved an artist.,"[[[260251, None, None, None]]]",Renaissance art involved an artist.,renaissance art involved an artist.
214846,VERIFIABLE,SUPPORTS,"History of art includes architecture, dance, sculpture, music, painting, poetry literature, theatre, narrative, film, photography and graphic arts.","[[[255120, 254635, 'History_of_art', 2]]]","History of art includes architecture, dance, sculpture, music, painting, poetry literature, theatre, narrative, film, photography and graphic arts.","history of art includes architecture, dance, sculpture, music, painting, poetry literature, theatre, narrative, film, photography and graphic arts."
66043,NOT VERIFIABLE,NOT ENOUGH INFO,Seven Days in May stars Robert Pattinson.,"[[[82599, None, None, None]]]",Seven Days in May stars Robert Pattinson.,seven days in may stars robert pattinson.
115823,NOT VERIFIABLE,NOT ENOUGH INFO,Aix-Marseille-Provence Metropolis encompasses a city.,"[[[135993, None, None, None]]]",Aix-Marseille-Provence Metropolis encompasses a city.,aix-marseille-provence metropolis encompasses a city.
203344,VERIFIABLE,REFUTES,Saratoga failed to be produced and so no actors were included.,"[[[239861, 241554, 'Saratoga_-LRB-film-RRB-', 1], [239861, 241554, 'Clark_Gable', 0], [239861, 241554, 'Frank_Morgan', 0], [239861, 241554, 'Hattie_McDaniel', 0]]]",Saratoga failed to be produced and so no actors were included.,saratoga failed to be produced and so no actors were included.
49149,NOT VERIFIABLE,NOT ENOUGH INFO,Doctor Who was written by the Ancient Greeks.,"[[[65482, None, None, None]]]",Doctor Who was written by the Ancient Greeks.,doctor who was written by the ancient greeks.
182537,VERIFIABLE,SUPPORTS,"Entertainment, sports, news, politics, fashion/clothes, technology, and slang are popular culture categories.","[[[212316, 219895, 'Popular_culture', 2]]]","Entertainment, sports, news, politics, fashion/clothes, technology, and slang are popular culture categories.","entertainment, sports, news, politics, fashion/clothes, technology, and slang are popular culture categories."
55819,NOT VERIFIABLE,NOT ENOUGH INFO,Penny Dreadful has a character.,"[[[72188, None, None, None]]]",Penny Dreadful has a character.,penny dreadful has a character.
224529,NOT VERIFIABLE,NOT ENOUGH INFO,Peggy Sue Got Married was directed by Spike Lee.,"[[[267568, None, None, None]]]",Peggy Sue Got Married was directed by Spike Lee.,peggy sue got married was directed by spike lee.
188367,VERIFIABLE,SUPPORTS,Joey Graceffa is a YouTube personage.,"[[[219864, 225773, 'Joey_Graceffa', 0]]]",Joey Graceffa is a YouTube personage.,joey graceffa is a youtube personage.
156641,VERIFIABLE,SUPPORTS,Yeh Dillagi had a cast.,"[[[180728, 193127, 'Yeh_Dillagi', 1]]]",Yeh Dillagi had a cast.,yeh dillagi had a cast.
202721,VERIFIABLE,REFUTES,Luxo Jr. was filmed in front of a live audience.,"[[[238896, 240869, 'Luxo_Jr.', 0]]]",Luxo Jr. was filmed in front of a live audience.,luxo jr. was filmed in front of a live audience.
80901,NOT VERIFIABLE,NOT ENOUGH INFO,Frank is a dead body.,"[[[97908, None, None, None]]]",Frank is a dead body.,frank is a dead body.
91653,NOT VERIFIABLE,NOT ENOUGH INFO,"Beverly Hills, 90210 addressed global human rights.","[[[108995, None, None, None]]]","Beverly Hills, 90210 addressed global human rights.","beverly hills, 90210 addressed global human rights."
121268,VERIFIABLE,SUPPORTS,Justin Bieber recorded Love Yourself.,"[[[283314, 277363, 'Justin_Bieber', 12]], [[285836, 279454, 'Justin_Bieber', 12], [285836, 279454, 'Love_Yourself', 0]], [[285836, 279455, 'Justin_Bieber', 11]], [[287552, 280926, 'Justin_Bieber', 12]], [[331922, 318358, 'Justin_Bieber', 12]], [[331923, 318359, 'Justin_Bieber', 12]]]",Justin Bieber recorded Love Yourself.,justin bieber recorded love yourself.
218898,VERIFIABLE,REFUTES,Renaissance art only involved Leonardo Da Vinci and Milan.,"[[[260252, 258688, 'Renaissance_art', 30]]]",Renaissance art only involved Leonardo Da Vinci and Milan.,renaissance art only involved leonardo da vinci and milan.
225131,VERIFIABLE,REFUTES,Chet Atkins only produced records for Michael Jackson.,"[[[268279, 264881, 'Chet_Atkins', 8]], [[268291, 264896, 'Chet_Atkins', 8]]]",Chet Atkins only produced records for Michael Jackson.,chet atkins only produced records for michael jackson.
224827,NOT VERIFIABLE,NOT ENOUGH INFO,Snoop Dogg is a Pisces.,"[[[269783, None, None, None]]]",Snoop Dogg is a Pisces.,snoop dogg is a pisces.
71189,NOT VERIFIABLE,NOT ENOUGH INFO,Northeast megalopolis includes Portland.,"[[[227711, None, None, None], [230435, None, None, None], [318202, None, None, None], [318206, None, None, None], [318211, None, None, None], [318239, None, None, None]]]",Northeast megalopolis includes Portland.,northeast megalopolis includes portland.
126065,NOT VERIFIABLE,NOT ENOUGH INFO,Get Out stars Brad Pitt.,"[[[147883, None, None, None]]]",Get Out stars Brad Pitt.,get out stars brad pitt.
28126,VERIFIABLE,REFUTES,Unforgettable is written by Stephenie Meyer.,"[[[44246, 52887, 'Unforgettable_-LRB-2017_film-RRB-', 0]]]",Unforgettable is written by Stephenie Meyer.,unforgettable is written by stephenie meyer.
191827,VERIFIABLE,SUPPORTS,"Portuguese, Spanish, Asturian-Leonese, Aragonese, Catalan, Gascon, Provençal, Gallo-Wallon, French, Franco-Provençal, Romansh, and Ladin are Western Romance Languages.","[[[224357, 229216, 'Western_Romance_languages', 6], [224357, 229216, 'Western_Romance_languages', 0]]]","Portuguese, Spanish, Asturian-Leonese, Aragonese, Catalan, Gascon, Provençal, Gallo-Wallon, French, Franco-Provençal, Romansh, and Ladin are Western Romance Languages.","portuguese, spanish, asturian-leonese, aragonese, catalan, gascon, provençal, gallo-wallon, french, franco-provençal, romansh, and ladin are western romance languages."
143051,VERIFIABLE,SUPPORTS,Dragon is derived from a language.,"[[[166116, 180059, 'Dragon', 12], [166116, 180059, 'Greek_language', 0]]]",Dragon is derived from a language.,dragon is derived from a language.
132365,VERIFIABLE,REFUTES,The Fosters is a country.,"[[[154780, 169540, 'The_Fosters_-LRB-2013_TV_series-RRB-', 0]]]",The Fosters is a country.,the fosters is a country.
141715,VERIFIABLE,REFUTES,Egypt is a member of the Aligned Movement.,"[[[164773, 178974, 'Egypt', 20]]]",Egypt is a member of the Aligned Movement.,egypt is a member of the aligned movement.
214223,NOT VERIFIABLE,NOT ENOUGH INFO,Syria includes only one ethnic group which is Italian.,"[[[254314, None, None, None]]]",Syria includes only one ethnic group which is Italian.,syria includes only one ethnic group which is italian.
213375,NOT VERIFIABLE,NOT ENOUGH INFO,Donnie Wahlberg is a creative work producer.,"[[[253159, None, None, None]]]",Donnie Wahlberg is a creative work producer.,donnie wahlberg is a creative work producer.
182529,VERIFIABLE,REFUTES,Popular culture is only about computers.,"[[[212305, 219889, 'Popular_culture', 0]]]",Popular culture is only about computers.,popular culture is only about computers.
35653,NOT VERIFIABLE,NOT ENOUGH INFO,Audrey Hepburn is a singer.,"[[[51841, None, None, None]]]",Audrey Hepburn is a singer.,audrey hepburn is a singer.
64713,VERIFIABLE,REFUTES,Dirty Diana is by Michael Jackson's brother.,"[[[81153, 92974, 'Dirty_Diana', 0]]]",Dirty Diana is by Michael Jackson's brother.,dirty diana is by michael jackson's brother.
226293,VERIFIABLE,SUPPORTS,Gift of the Night Fury stars the voice of an American filmmaker.,"[[[269791, 266003, 'Gift_of_the_Night_Fury', 6]]]",Gift of the Night Fury stars the voice of an American filmmaker.,gift of the night fury stars the voice of an american filmmaker.
194037,VERIFIABLE,REFUTES,Duane Hopwood includes Ryan Gosling.,"[[[227227, 231629, 'Duane_Hopwood', 0]]]",Duane Hopwood includes Ryan Gosling.,duane hopwood includes ryan gosling.
7555,NOT VERIFIABLE,NOT ENOUGH INFO,"Cupid (2009 TV series) stopped airing on June 16th, 2009.","[[[12263, None, None, None]]]","Cupid (2009 TV series) stopped airing on June 16th, 2009.","cupid (2009 tv series) stopped airing on june 16th, 2009."
186110,VERIFIABLE,SUPPORTS,There are bodies of water in Ontario.,"[[[217053, 223692, 'Ontario', 8], [217053, 223692, 'Detroit_River', 0], [217053, 223692, 'Lake_Superior', 0], [217053, 223692, 'Niagara_River', 0]], [[217053, 223693, 'Ontario', 7]], [[217053, 223694, 'Ontario', 6]]]",There are bodies of water in Ontario.,there are bodies of water in ontario.
25095,NOT VERIFIABLE,NOT ENOUGH INFO,Appian Way Productions was established by a murderer.,"[[[41045, None, None, None]]]",Appian Way Productions was established by a murderer.,appian way productions was established by a murderer.
187706,NOT VERIFIABLE,NOT ENOUGH INFO,The United Kingdom is a member of organizations.,"[[[219017, None, None, None]]]",The United Kingdom is a member of organizations.,the united kingdom is a member of organizations.
134631,VERIFIABLE,SUPPORTS,Sally Field was in a movie.,"[[[157180, 171734, 'Sally_Field', 2]]]",Sally Field was in a movie.,sally field was in a movie.
9796,VERIFIABLE,SUPPORTS,Inception stars Ellen Page.,"[[[20382, 24962, 'Inception', 2]], [[21891, 26877, 'Inception', 2]], [[22199, 27318, 'Inception', 2]], [[301469, 292581, 'Inception', 2], [301469, 292581, 'Ellen_Page', 7]], [[302499, 293497, 'Inception', 2], [302499, 293497, 'Ensemble_cast', 0]], [[302504, 293501, 'Inception', 2]]]",Inception stars Ellen Page.,inception stars ellen page.
75557,VERIFIABLE,REFUTES,Jim Rash is a brand name.,"[[[92353, 105102, 'Jim_Rash', 0]], [[92353, 105103, 'Jim_Rash', 1]], [[92353, 105104, 'Jim_Rash', 3]], [[92353, 105105, 'Jim_Rash', 2], [92353, 105105, 'Community_-LRB-TV_series-RRB-', 1]]]",Jim Rash is a brand name.,jim rash is a brand name.
142367,NOT VERIFIABLE,NOT ENOUGH INFO,Jim Rash is a man.,"[[[165425, None, None, None]]]",Jim Rash is a man.,jim rash is a man.
185695,NOT VERIFIABLE,NOT ENOUGH INFO,Ben Whishaw was in a stage production.,"[[[216519, None, None, None]]]",Ben Whishaw was in a stage production.,ben whishaw was in a stage production.
121692,NOT VERIFIABLE,NOT ENOUGH INFO,"Adele wrote ""Rolling in the Deep"" when she was 16 years old.","[[[142889, None, None, None]]]","Adele wrote ""Rolling in the Deep"" when she was 16 years old.","adele wrote ""rolling in the deep"" when she was 16 years old."
41950,VERIFIABLE,SUPPORTS,Chris Mckenna has written multiple episodes for the series Community.,"[[[58231, 68455, 'Chris_McKenna_-LRB-writer-RRB-', 1]], [[58231, 68456, 'Chris_McKenna_-LRB-writer-RRB-', 2]]]",Chris Mckenna has written multiple episodes for the series Community.,chris mckenna has written multiple episodes for the series community.
213366,VERIFIABLE,SUPPORTS,Donnie Wahlberg is a creative work producer.,"[[[253147, 253038, 'Donnie_Wahlberg', 1]]]",Donnie Wahlberg is a creative work producer.,donnie wahlberg is a creative work producer.
206980,NOT VERIFIABLE,NOT ENOUGH INFO,The Meyerowitz stories stars a cat.,"[[[244739, None, None, None]]]",The Meyerowitz stories stars a cat.,the meyerowitz stories stars a cat.
206894,VERIFIABLE,SUPPORTS,"Ayutthaya was friendly towards Chinese, Dutch, English, Vietnamese, Indian, Japanese, Persian, Portuguese, Spanish, and French people.","[[[244636, 245575, 'Ayutthaya_Kingdom', 1]]]","Ayutthaya was friendly towards Chinese, Dutch, English, Vietnamese, Indian, Japanese, Persian, Portuguese, Spanish, and French people.","ayutthaya was friendly towards chinese, dutch, english, vietnamese, indian, japanese, persian, portuguese, spanish, and french people."
202342,NOT VERIFIABLE,NOT ENOUGH INFO,Destiny was released exclusively for the Wii.,"[[[238375, None, None, None]]]",Destiny was released exclusively for the Wii.,destiny was released exclusively for the wii.
19948,NOT VERIFIABLE,NOT ENOUGH INFO,The Supernatural pilot was directed by Eric Kripke.,"[[[35762, None, None, None]]]",The Supernatural pilot was directed by Eric Kripke.,the supernatural pilot was directed by eric kripke.
163372,VERIFIABLE,SUPPORTS,"Ilkhanate contained Iran, Iraq, Armenia, Azerbaijan, Georgia, Turkmenistan, Turkey, western Afghanistan, and southwestern Pakistan.","[[[188094, 199638, 'Ilkhanate', 4]]]","Ilkhanate contained Iran, Iraq, Armenia, Azerbaijan, Georgia, Turkmenistan, Turkey, western Afghanistan, and southwestern Pakistan.","ilkhanate contained iran, iraq, armenia, azerbaijan, georgia, turkmenistan, turkey, western afghanistan, and southwestern pakistan."
85782,VERIFIABLE,REFUTES,Ethiopia is in the Ivory Coast.,"[[[102933, 116216, 'Ethiopia', 0], [102933, 116216, 'Ivory_Coast', 0], [102933, 116216, 'Horn_of_Africa', 0]]]",Ethiopia is in the Ivory Coast.,ethiopia is in the ivory coast.
225099,NOT VERIFIABLE,NOT ENOUGH INFO,Chet Atkins produced records for Elvis Presley.,"[[[268236, None, None, None]]]",Chet Atkins produced records for Elvis Presley.,chet atkins produced records for elvis presley.
187700,VERIFIABLE,REFUTES,The United Kingdom is a member of no organizations.,"[[[219010, 225156, 'United_Kingdom', 39]]]",The United Kingdom is a member of no organizations.,the united kingdom is a member of no organizations.
30132,VERIFIABLE,REFUTES,The blue-ringed octopus is a terrestrial animal.,"[[[20856, 25552, 'Blue-ringed_octopus', 0]], [[183334, 195343, 'Blue-ringed_octopus', 0]], [[183334, 195344, 'Blue-ringed_octopus', 2]], [[299116, 290493, 'Blue-ringed_octopus', 0], [299116, 290493, 'Terrestrial_animal', 0]]]",The blue-ringed octopus is a terrestrial animal.,the blue-ringed octopus is a terrestrial animal.
142442,NOT VERIFIABLE,NOT ENOUGH INFO,Saturn is a Christian state.,"[[[165501, None, None, None], [165502, None, None, None]]]",Saturn is a Christian state.,saturn is a christian state.
199001,VERIFIABLE,REFUTES,International Relations only includes the entertainment industry.,"[[[233980, 236862, 'International_relations', 0]], [[233980, 236863, 'International_relations', 1]], [[233980, 236864, 'International_relations', 2]], [[233980, 236865, 'International_relations', 9]], [[233980, 236866, 'International_relations', 10]]]",International Relations only includes the entertainment industry.,international relations only includes the entertainment industry.
125648,NOT VERIFIABLE,NOT ENOUGH INFO,Jennifer Hudson came in seventh place on The Voice.,"[[[147465, None, None, None]]]",Jennifer Hudson came in seventh place on The Voice.,jennifer hudson came in seventh place on the voice.
50664,NOT VERIFIABLE,NOT ENOUGH INFO,Minos fathered Persephone.,"[[[67010, None, None, None]]]",Minos fathered Persephone.,minos fathered persephone.
53040,NOT VERIFIABLE,NOT ENOUGH INFO,Mark Millar has worked on cars.,"[[[69320, None, None, None]]]",Mark Millar has worked on cars.,mark millar has worked on cars.
76626,VERIFIABLE,REFUTES,David Carradine was a producer.,"[[[93497, 106453, 'David_Carradine', 0]]]",David Carradine was a producer.,david carradine was a producer.
38885,VERIFIABLE,REFUTES,Diane Ruggiero's full name is Diane Cameron.,"[[[55114, 65153, 'Diane_Ruggiero', 0]]]",Diane Ruggiero's full name is Diane Cameron.,diane ruggiero's full name is diane cameron.
98805,VERIFIABLE,REFUTES,24 is a thriller television show.,"[[[116456, 130352, '24_-LRB-2016_film-RRB-', 0]], [[116457, 130353, '24_-LRB-2016_film-RRB-', 0]]]",24 is a thriller television show.,24 is a thriller television show.
198986,VERIFIABLE,REFUTES,International Relations only includes the entertainment industry.,"[[[233967, 236848, 'International_relations', 10]], [[233967, 236849, 'International_relations', 9]], [[233967, 236850, 'International_relations', 0]], [[233967, 236851, 'International_relations', 1]], [[233967, 236852, 'International_relations', 2]], [[233968, 236853, 'International_relations', 9]], [[233968, 236854, 'International_relations', 0]]]",International Relations only includes the entertainment industry.,international relations only includes the entertainment industry.
145524,VERIFIABLE,REFUTES,Empress Matilda was the daughter of Henry VIII.,"[[[168850, 182556, 'Empress_Matilda', 1]]]",Empress Matilda was the daughter of Henry VIII.,empress matilda was the daughter of henry viii.
196280,VERIFIABLE,SUPPORTS,Emily Browning starred in a show.,"[[[230626, 234285, 'Emily_Browning', 3]]]",Emily Browning starred in a show.,emily browning starred in a show.
226374,VERIFIABLE,REFUTES,Gift of the Night Fury exclusively stars the voices of people from Kenya.,"[[[269889, 266061, 'Gift_of_the_Night_Fury', 6], [269889, 266061, 'America_Ferrera', 0]]]",Gift of the Night Fury exclusively stars the voices of people from Kenya.,gift of the night fury exclusively stars the voices of people from kenya.
2606,VERIFIABLE,REFUTES,Amitabh Bachchan received the highest honor by the Government of France.,"[[[18460, 22645, 'Amitabh_Bachchan', 18], [18460, 22645, 'Legion_of_Honour', 1]]]",Amitabh Bachchan received the highest honor by the Government of France.,amitabh bachchan received the highest honor by the government of france.
122770,NOT VERIFIABLE,NOT ENOUGH INFO,The Legend of Tarzan (film) is based on a real person.,"[[[144146, None, None, None]]]",The Legend of Tarzan (film) is based on a real person.,the legend of tarzan (film) is based on a real person.
220820,NOT VERIFIABLE,NOT ENOUGH INFO,The Royal Tenenbaum stars Dolly Parton.,"[[[262832, None, None, None]]]",The Royal Tenenbaum stars Dolly Parton.,the royal tenenbaum stars dolly parton.
191777,VERIFIABLE,REFUTES,German is a Western Romance Language.,"[[[224295, 229129, 'Western_Romance_languages', 6]]]",German is a Western Romance Language.,german is a western romance language.
163396,VERIFIABLE,SUPPORTS,"Ilkhanate contained Iran, Iraq, Armenia, Azerbaijan, Georgia, Turkmenistan, Turkey, western Afghanistan, and southwestern Pakistan.","[[[188104, 199647, 'Ilkhanate', 4]]]","Ilkhanate contained Iran, Iraq, Armenia, Azerbaijan, Georgia, Turkmenistan, Turkey, western Afghanistan, and southwestern Pakistan.","ilkhanate contained iran, iraq, armenia, azerbaijan, georgia, turkmenistan, turkey, western afghanistan, and southwestern pakistan."
65852,NOT VERIFIABLE,NOT ENOUGH INFO,Ozzy Osbourne was inducted into the Museum of Modern Art.,"[[[82416, None, None, None]]]",Ozzy Osbourne was inducted into the Museum of Modern Art.,ozzy osbourne was inducted into the museum of modern art.
48361,NOT VERIFIABLE,NOT ENOUGH INFO,Saturn is a Christian state.,"[[[64738, None, None, None]]]",Saturn is a Christian state.,saturn is a christian state.
187724,VERIFIABLE,SUPPORTS,The United Kingdom is a member of organizations.,"[[[219053, 225181, 'United_Kingdom', 39]]]",The United Kingdom is a member of organizations.,the united kingdom is a member of organizations.
218928,VERIFIABLE,REFUTES,Renaissance art only involved Leonardo Da Vinci and Milan.,"[[[260316, 258739, 'Renaissance_art', 30]]]",Renaissance art only involved Leonardo Da Vinci and Milan.,renaissance art only involved leonardo da vinci and milan.
179657,NOT VERIFIABLE,NOT ENOUGH INFO,Michael Giacchino composed the score for Dunkirk.,"[[[208501, None, None, None]]]",Michael Giacchino composed the score for Dunkirk.,michael giacchino composed the score for dunkirk.
225969,VERIFIABLE,SUPPORTS,Hate group practices a philosopy.,"[[[269389, 265728, 'Hate_group', 0]]]",Hate group practices a philosopy.,hate group practices a philosopy.
149455,VERIFIABLE,REFUTES,Harald V of Norway married Princess Kate.,"[[[173259, 186522, 'Harald_V_of_Norway', 12]]]",Harald V of Norway married Princess Kate.,harald v of norway married princess kate.
127012,VERIFIABLE,SUPPORTS,Radiohead is a group.,"[[[148857, 163897, 'Radiohead', 0]], [[148858, 163898, 'Radiohead', 0]]]",Radiohead is a group.,radiohead is a group.
174249,VERIFIABLE,REFUTES,Oliver Reed was in a movie in 1936.,"[[[201376, 210833, 'Oliver_Reed', 0]]]",Oliver Reed was in a movie in 1936.,oliver reed was in a movie in 1936.
226352,NOT VERIFIABLE,NOT ENOUGH INFO,Gift of the Night Fury stars the voice of an American filmmaker.,"[[[270971, None, None, None]]]",Gift of the Night Fury stars the voice of an American filmmaker.,gift of the night fury stars the voice of an american filmmaker.
14835,NOT VERIFIABLE,NOT ENOUGH INFO,New Orleans is a harbor.,"[[[30118, None, None, None]]]",New Orleans is a harbor.,new orleans is a harbor.
225103,VERIFIABLE,SUPPORTS,Chet Atkins produced records for Elvis Presley.,"[[[268245, 264866, 'Chet_Atkins', 8]]]",Chet Atkins produced records for Elvis Presley.,chet atkins produced records for elvis presley.
224846,VERIFIABLE,REFUTES,Snoop Dogg is a Pisces.,"[[[267914, 264539, 'Snoop_Dogg', 0], [267914, 264539, 'Pisces_-LRB-astrology-RRB-', 2]]]",Snoop Dogg is a Pisces.,snoop dogg is a pisces.
79083,NOT VERIFIABLE,NOT ENOUGH INFO,Estella Warren is American.,"[[[96023, None, None, None]]]",Estella Warren is American.,estella warren is american.
102963,NOT VERIFIABLE,NOT ENOUGH INFO,Zach Galifianakis starred in The Matrix.,"[[[120920, None, None, None], [120921, None, None, None]]]",Zach Galifianakis starred in The Matrix.,zach galifianakis starred in the matrix.
199113,NOT VERIFIABLE,NOT ENOUGH INFO,International Relations includes the U.N.,"[[[234106, None, None, None]]]",International Relations includes the U.N.,international relations includes the u.n.
3400,NOT VERIFIABLE,NOT ENOUGH INFO,Just Dance was released in April 2008.,"[[[19410, None, None, None]]]",Just Dance was released in April 2008.,just dance was released in april 2008.
218515,NOT VERIFIABLE,NOT ENOUGH INFO,Colin Quinn is an American producer.,"[[[259773, None, None, None]]]",Colin Quinn is an American producer.,colin quinn is an american producer.
199089,VERIFIABLE,SUPPORTS,International Relations includes many subject matters.,"[[[234077, 236970, 'International_relations', 0]], [[234077, 236971, 'International_relations', 9]]]",International Relations includes many subject matters.,international relations includes many subject matters.
187698,VERIFIABLE,REFUTES,United Kingdom is a car.,"[[[219009, 225155, 'United_Kingdom', 0]]]",United Kingdom is a car.,united kingdom is a car.
199075,VERIFIABLE,REFUTES,International Relations only includes the entertainment industry.,"[[[234062, 236957, 'International_relations', 0]], [[234062, 236958, 'International_relations', 9]], [[234062, 236959, 'International_relations', 10]]]",International Relations only includes the entertainment industry.,international relations only includes the entertainment industry.
124007,VERIFIABLE,SUPPORTS,The Champ stars a film producer.,"[[[147325, 162337, 'The_Champ_-LRB-1979_film-RRB-', 1]]]",The Champ stars a film producer.,the champ stars a film producer.
192476,NOT VERIFIABLE,NOT ENOUGH INFO,Francois de Belleforest translated the works of Elena Ferrante.,"[[[225166, None, None, None]]]",Francois de Belleforest translated the works of Elena Ferrante.,francois de belleforest translated the works of elena ferrante.
58922,VERIFIABLE,SUPPORTS,Northeast megalopolis includes cities.,"[[[184331, 196248, 'Northeast_megalopolis', 1]], [[184331, 196249, 'Northeast_megalopolis', 10]], [[184331, 196250, 'Northeast_megalopolis', 0]], [[186360, 198176, 'Northeast_megalopolis', 1]], [[187934, 199491, 'Northeast_megalopolis', 1]], [[314557, 303906, 'Northeast_megalopolis', 0]], [[316175, 305376, 'Northeast_megalopolis', 1]]]",Northeast megalopolis includes cities.,northeast megalopolis includes cities.
150026,NOT VERIFIABLE,NOT ENOUGH INFO,Linux distributes software.,"[[[173847, None, None, None]]]",Linux distributes software.,linux distributes software.
205304,NOT VERIFIABLE,NOT ENOUGH INFO,Ballet Shoes premiered in Britain.,"[[[242584, None, None, None], [242641, None, None, None]]]",Ballet Shoes premiered in Britain.,ballet shoes premiered in britain.
52291,NOT VERIFIABLE,NOT ENOUGH INFO,Snooki is a television host.,"[[[68602, None, None, None]]]",Snooki is a television host.,snooki is a television host.
111082,VERIFIABLE,REFUTES,Transformers: Age of Extinction was released in The Galactic Empire.,"[[[130451, 145226, 'Transformers-COLON-_Age_of_Extinction', 6], [130451, 145226, 'Galactic_Empire_-LRB-Star_Wars-RRB-', 0]]]",Transformers: Age of Extinction was released in The Galactic Empire.,transformers: age of extinction was released in the galactic empire.
160906,VERIFIABLE,SUPPORTS,"Beverly Hills, 90210 addressed numerous topical issues such as date rape, gay rights, animal rights, alcoholism, drug abuse, domestic violence, sex, antisemitism, racism, teenage suicide, teenage pregnancy, and AIDS.","[[[185434, 197201, 'Beverly_Hills,_90210', 10]]]","Beverly Hills, 90210 addressed numerous topical issues such as date rape, gay rights, animal rights, alcoholism, drug abuse, domestic violence, sex, antisemitism, racism, teenage suicide, teenage pregnancy, and AIDS.","beverly hills, 90210 addressed numerous topical issues such as date rape, gay rights, animal rights, alcoholism, drug abuse, domestic violence, sex, antisemitism, racism, teenage suicide, teenage pregnancy, and aids."
111370,VERIFIABLE,REFUTES,Portal 2 was only released for Playstation 4.,"[[[130764, 145558, 'Portal_2', 1]]]",Portal 2 was only released for Playstation 4.,portal 2 was only released for playstation 4.
80086,NOT VERIFIABLE,NOT ENOUGH INFO,Merlin was awoken by Julian Jones.,"[[[97048, None, None, None]]]",Merlin was awoken by Julian Jones.,merlin was awoken by julian jones.
218904,NOT VERIFIABLE,NOT ENOUGH INFO,Renaissance art only involved Leonardo Da Vinci and Milan.,"[[[260260, None, None, None]]]",Renaissance art only involved Leonardo Da Vinci and Milan.,renaissance art only involved leonardo da vinci and milan.
219072,VERIFIABLE,SUPPORTS,Deadpool 2 featured superheroes.,"[[[260572, 258948, 'Deadpool_-LRB-film-RRB-', 0]]]",Deadpool 2 featured superheroes.,deadpool 2 featured superheroes.
152033,VERIFIABLE,REFUTES,Frank Ocean was denied American citizenship.,"[[[175987, 188946, 'Frank_Ocean', 0]]]",Frank Ocean was denied American citizenship.,frank ocean was denied american citizenship.
206138,VERIFIABLE,REFUTES,Saratoga is exclusively a children's film.,"[[[243671, 244844, 'Saratoga_-LRB-film-RRB-', 0]]]",Saratoga is exclusively a children's film.,saratoga is exclusively a children's film.
11473,VERIFIABLE,SUPPORTS,Anne Frank's full last name was Annelies.,"[[[26664, 32728, 'Anne_Frank', 0]]]",Anne Frank's full last name was Annelies.,anne frank's full last name was annelies.
55056,VERIFIABLE,REFUTES,Taipei is the center of Taiwan.,"[[[71413, 82378, 'Taipei', 1]]]",Taipei is the center of Taiwan.,taipei is the center of taiwan.
103057,NOT VERIFIABLE,NOT ENOUGH INFO,Scanline VFX created the train crash sequence in The Avengers.,"[[[121018, None, None, None]]]",Scanline VFX created the train crash sequence in The Avengers.,scanline vfx created the train crash sequence in the avengers.
214115,NOT VERIFIABLE,NOT ENOUGH INFO,"Celeste and Jesse Forever stars Rashida Jones, Andy Samberg, and Will McCormack.","[[[254181, None, None, None]]]","Celeste and Jesse Forever stars Rashida Jones, Andy Samberg, and Will McCormack.","celeste and jesse forever stars rashida jones, andy samberg, and will mccormack."
212658,NOT VERIFIABLE,NOT ENOUGH INFO,Elementary was created by James Cameron.,"[[[252196, None, None, None]]]",Elementary was created by James Cameron.,elementary was created by james cameron.
8775,VERIFIABLE,REFUTES,The Champ stars an Armenian actress.,"[[[14173, 17718, 'The_Champ_-LRB-1979_film-RRB-', 1], [14173, 17718, 'Faye_Dunaway', 0], [14173, 17718, 'Jon_Voight', 0], [14173, 17718, 'Ricky_Schroder', 0]]]",The Champ stars an Armenian actress.,the champ stars an armenian actress.
179549,NOT VERIFIABLE,NOT ENOUGH INFO,The Singing Detective had an episode called Runaway.,"[[[208367, None, None, None]]]",The Singing Detective had an episode called Runaway.,the singing detective had an episode called runaway.
199128,VERIFIABLE,REFUTES,International Relations includes animals.,"[[[234124, 237023, 'International_relations', 9]], [[234124, 237024, 'International_relations', 10]]]",International Relations includes animals.,international relations includes animals.
127668,NOT VERIFIABLE,NOT ENOUGH INFO,The President of Russia can grant reprieves.,"[[[149613, None, None, None]]]",The President of Russia can grant reprieves.,the president of russia can grant reprieves.
99681,VERIFIABLE,REFUTES,Taipei is the least important city of Taiwan.,"[[[117338, 131257, 'Taipei', 0]]]",Taipei is the least important city of Taiwan.,taipei is the least important city of taiwan.
199090,NOT VERIFIABLE,NOT ENOUGH INFO,International Relations includes the U.N.,"[[[234079, None, None, None]]]",International Relations includes the U.N.,international relations includes the u.n.
154561,VERIFIABLE,REFUTES,Elsa Pataky is a squid.,"[[[178551, 191146, 'Elsa_Pataky', 0]]]",Elsa Pataky is a squid.,elsa pataky is a squid.
110002,NOT VERIFIABLE,NOT ENOUGH INFO,Ātman means soulless.,"[[[129067, None, None, None]]]",Ātman means soulless.,ātman means soulless.
218706,VERIFIABLE,SUPPORTS,Chris Hemsworth starred in Snow White and the Huntsman.,"[[[260011, 258501, 'Chris_Hemsworth', 2]]]",Chris Hemsworth starred in Snow White and the Huntsman.,chris hemsworth starred in snow white and the huntsman.
184828,VERIFIABLE,REFUTES,Hungary is surrounded by water.,"[[[215336, 222231, 'Hungary', 1]]]",Hungary is surrounded by water.,hungary is surrounded by water.
45891,VERIFIABLE,REFUTES,Nick Jonas was released by the dead.,"[[[62227, 72817, 'Nick_Jonas_-LRB-album-RRB-', 1]]]",Nick Jonas was released by the dead.,nick jonas was released by the dead.
186142,NOT VERIFIABLE,NOT ENOUGH INFO,There are zero bodies of water in Ontario.,"[[[217066, None, None, None]]]",There are zero bodies of water in Ontario.,there are zero bodies of water in ontario.
225494,NOT VERIFIABLE,NOT ENOUGH INFO,Ice Hockey is popular in Russia.,"[[[268711, None, None, None]]]",Ice Hockey is popular in Russia.,ice hockey is popular in russia.
123570,VERIFIABLE,REFUTES,Maria I of Portugal was Queen of the Dead.,"[[[147232, 162228, 'Maria_I_of_Portugal', 0]]]",Maria I of Portugal was Queen of the Dead.,maria i of portugal was queen of the dead.
191631,NOT VERIFIABLE,NOT ENOUGH INFO,Famous in Love stars sea otters.,"[[[224109, None, None, None]]]",Famous in Love stars sea otters.,famous in love stars sea otters.
206892,VERIFIABLE,SUPPORTS,"Ayutthaya was friendly towards Chinese, Dutch, English, Vietnamese, Indian, Japanese, Persian, Portuguese, Spanish, and French people.","[[[244635, 245574, 'Ayutthaya_Kingdom', 1]]]","Ayutthaya was friendly towards Chinese, Dutch, English, Vietnamese, Indian, Japanese, Persian, Portuguese, Spanish, and French people.","ayutthaya was friendly towards chinese, dutch, english, vietnamese, indian, japanese, persian, portuguese, spanish, and french people."
177612,NOT VERIFIABLE,NOT ENOUGH INFO,Fences stars Emma Stone.,"[[[205861, None, None, None]]]",Fences stars Emma Stone.,fences stars emma stone.
127985,VERIFIABLE,REFUTES,Vito Corleone is a father.,"[[[149995, 164928, 'Vito_Corleone', 0]]]",Vito Corleone is a father.,vito corleone is a father.
91576,NOT VERIFIABLE,NOT ENOUGH INFO,The World According to Paris starred Brooke Mueller.,"[[[108916, None, None, None]]]",The World According to Paris starred Brooke Mueller.,the world according to paris starred brooke mueller.
198164,VERIFIABLE,REFUTES,Julie Walters failed to be an actress.,"[[[232991, 236020, 'Julie_Walters', 0]]]",Julie Walters failed to be an actress.,julie walters failed to be an actress.
103119,VERIFIABLE,SUPPORTS,Minos fathered a child.,"[[[122353, 136619, 'Minos', 4]], [[122353, 136620, 'Minos', 5]]]",Minos fathered a child.,minos fathered a child.
97353,VERIFIABLE,REFUTES,"Beverly Hills, 90210 was a non-political or social commentary show.","[[[114999, 128712, 'Beverly_Hills,_90210', 10]]]","Beverly Hills, 90210 was a non-political or social commentary show.","beverly hills, 90210 was a non-political or social commentary show."
