claim_id,claim,evidence,label,dataset,source,metadata
scifact_train_0,0-dimensional biomaterials lack inductive properties.,,NOT_ENOUGH_INFO,scifact,Docs: 31715818,"{""original_id"": 0, ""cited_doc_ids"": [31715818], ""is_grounded"": false}"
scifact_train_2_doc13734012_rat0,1 in 5 million in UK have abnormal PrP positivity.,"RESULTS Of the 32,441 appendix samples 16 were positive for abnormal PrP, indicating an overall prevalence of 493 per million population (95% confidence interval 282 to 801 per million).",REFUTES,scifact,PubMed_13734012: Prevalent abnormal prion protein in human appendixes after bovine spongiform encephalopathy epizootic: large scale survey,"{""original_id"": 2, ""doc_id"": 13734012, ""doc_title"": ""Prevalent abnormal prion protein in human appendixes after bovine spongiform encephalopathy epizootic: large scale survey"", ""sentence_indices"": [4], ""is_grounded"": true}"
scifact_train_4,1-1% of colorectal cancer patients are diagnosed with regional or distant metastases.,,NOT_ENOUGH_INFO,scifact,Docs: 22942787,"{""original_id"": 4, ""cited_doc_ids"": [22942787], ""is_grounded"": false}"
scifact_train_6,10% of sudden infant death syndrome (SIDS) deaths happen in newborns aged less than 6 months.,,NOT_ENOUGH_INFO,scifact,Docs: 2613775,"{""original_id"": 6, ""cited_doc_ids"": [2613775], ""is_grounded"": false}"
scifact_train_9_doc44265107_rat0,32% of liver transplantation programs required patients to discontinue methadone treatment in 2001.,Policies requiring discontinuation of methadone in 32% of all programs contradict the evidence base for efficacy of long-term replacement therapies and potentially result in relapse of previously stable patients.,SUPPORTS,scifact,PubMed_44265107: Liver transplantation and opioid dependence.,"{""original_id"": 9, ""doc_id"": 44265107, ""doc_title"": ""Liver transplantation and opioid dependence."", ""sentence_indices"": [15], ""is_grounded"": true}"
scifact_train_10,4-PBA treatment decreases endoplasmic reticulum stress in response to general endoplasmic reticulum stress markers.,,NOT_ENOUGH_INFO,scifact,Docs: 32587939,"{""original_id"": 10, ""cited_doc_ids"": [32587939], ""is_grounded"": false}"
scifact_train_11,4-PBA treatment raises endoplasmic reticulum stress in response to general endoplasmic reticulum stress markers.,,NOT_ENOUGH_INFO,scifact,Docs: 32587939,"{""original_id"": 11, ""cited_doc_ids"": [32587939], ""is_grounded"": false}"
scifact_train_12_doc33409100_rat0,40mg/day dosage of folic acid and 2mg/day dosage of vitamin B12 does not affect chronic kidney disease (CKD) progression.,RESULTS Mean baseline homocysteine level was 24.0 micromol/L in the vitamin group and 24.2 micromol/L in the placebo group.,SUPPORTS,scifact,PubMed_33409100: Effect of homocysteine lowering on mortality and vascular disease in advanced chronic kidney disease and end-stage renal disease: a randomized controlled trial.,"{""original_id"": 12, ""doc_id"": 33409100, ""doc_title"": ""Effect of homocysteine lowering on mortality and vascular disease in advanced chronic kidney disease and end-stage renal disease: a randomized controlled trial."", ""sentence_indices"": [8], ""is_grounded"": true}"
scifact_train_12_doc33409100_rat1,40mg/day dosage of folic acid and 2mg/day dosage of vitamin B12 does not affect chronic kidney disease (CKD) progression.,CONCLUSION Treatment with high doses of folic acid and B vitamins did not improve survival or reduce the incidence of vascular disease in patients with advanced chronic kidney disease or end-stage renal disease.,SUPPORTS,scifact,PubMed_33409100: Effect of homocysteine lowering on mortality and vascular disease in advanced chronic kidney disease and end-stage renal disease: a randomized controlled trial.,"{""original_id"": 12, ""doc_id"": 33409100, ""doc_title"": ""Effect of homocysteine lowering on mortality and vascular disease in advanced chronic kidney disease and end-stage renal disease: a randomized controlled trial."", ""sentence_indices"": [12], ""is_grounded"": true}"
scifact_train_14,5'-nucleotidase metabolizes 6MP.,,NOT_ENOUGH_INFO,scifact,Docs: 641786,"{""original_id"": 14, ""cited_doc_ids"": [641786], ""is_grounded"": false}"
scifact_train_15,50% of patients exposed to radiation have activated markers of mesenchymal stem cells.,,NOT_ENOUGH_INFO,scifact,Docs: 22080671,"{""original_id"": 15, ""cited_doc_ids"": [22080671], ""is_grounded"": false}"
scifact_train_17,53% of perinatal mortality is due to low birth weight.,,NOT_ENOUGH_INFO,scifact,Docs: 1606628,"{""original_id"": 17, ""cited_doc_ids"": [1606628], ""is_grounded"": false}"
scifact_train_18,61% of colorectal cancer patients are diagnosed with regional or distant metastases.,,NOT_ENOUGH_INFO,scifact,Docs: 22942787,"{""original_id"": 18, ""cited_doc_ids"": [22942787], ""is_grounded"": false}"
scifact_train_19,7-day-old adult Caenorhabditis elegans exhibit approximately 5% of the learning capacity seen in 1-day old adults.,,NOT_ENOUGH_INFO,scifact,Docs: 3202143,"{""original_id"": 19, ""cited_doc_ids"": [3202143], ""is_grounded"": false}"
scifact_train_20,7-day-old adult Caenorhabditis elegans exhibit approximately 75% of the learning capacity seen in 1-day old adults.,,NOT_ENOUGH_INFO,scifact,Docs: 3202143,"{""original_id"": 20, ""cited_doc_ids"": [3202143], ""is_grounded"": false}"
scifact_train_21,70% of burn patients are admitted for hospitalization and further treatment after appearing at hospital emergency wards or outpatient clinics.,,NOT_ENOUGH_INFO,scifact,Docs: 41493639,"{""original_id"": 21, ""cited_doc_ids"": [41493639], ""is_grounded"": false}"
scifact_train_22_doc6490571_rat0,76-85% of people with severe mental disorder receive no treatment in low and middle income countries.,"Although disorder severity was correlated with probability of treatment in almost all countries, 35.5% to 50.3% of serious cases in developed countries and 76.3% to 85.4% in less-developed countries received no treatment in the 12 months before the interview.",SUPPORTS,scifact,"PubMed_6490571: Prevalence, severity, and unmet need for treatment of mental disorders in the World Health Organization World Mental Health Surveys.","{""original_id"": 22, ""doc_id"": 6490571, ""doc_title"": ""Prevalence, severity, and unmet need for treatment of mental disorders in the World Health Organization World Mental Health Surveys."", ""sentence_indices"": [7], ""is_grounded"": true}"
scifact_train_24,90% of patients with melanoma and an objective response to PD-1 blockade will experience a progression in their melanoma.,,NOT_ENOUGH_INFO,scifact,Docs: 3471191,"{""original_id"": 24, ""cited_doc_ids"": [3471191], ""is_grounded"": false}"
scifact_train_25,90% of sudden infant death syndrome (SIDS) deaths happen in newborns aged less than 6 months.,,NOT_ENOUGH_INFO,scifact,Docs: 2613775,"{""original_id"": 25, ""cited_doc_ids"": [2613775], ""is_grounded"": false}"
scifact_train_26,A 100g dose of chloroquine chemoprophylactic regimen results in retinal toxicity after 1 year of weekly intake.,,NOT_ENOUGH_INFO,scifact,Docs: 32390525,"{""original_id"": 26, ""cited_doc_ids"": [32390525], ""is_grounded"": false}"
scifact_train_27,A 100g dose of chloroquine chemoprophylactic regimen results in retinal toxicity after 5-6 years of weekly intake.,,NOT_ENOUGH_INFO,scifact,Docs: 32390525,"{""original_id"": 27, ""cited_doc_ids"": [32390525], ""is_grounded"": false}"
scifact_train_28_doc12670680_rat0,A T helper 2 cell (Th2) environment impedes disease development in patients with systemic lupus erythematosus (SLE).,"We report that activation of basophils by autoreactive IgE causes their homing to lymph nodes, promoting T helper type 2 (T(H)2) cell differentiation and enhancing the production of self-reactive antibodies that cause lupus-like nephritis in mice lacking the Src family protein tyrosine kinase Lyn (Lyn(-/-) mice).",REFUTES,scifact,PubMed_12670680: BASOPHILS AND THE T HELPER 2 ENVIRONMENT CAN PROMOTE THE DEVELOPMENT OF LUPUS NEPHRITIS,"{""original_id"": 28, ""doc_id"": 12670680, ""doc_title"": ""BASOPHILS AND THE T HELPER 2 ENVIRONMENT CAN PROMOTE THE DEVELOPMENT OF LUPUS NEPHRITIS"", ""sentence_indices"": [1], ""is_grounded"": true}"
scifact_train_28_doc12670680_rat1,A T helper 2 cell (Th2) environment impedes disease development in patients with systemic lupus erythematosus (SLE).,"Individuals with SLE also have elevated serum IgE, self-reactive IgEs and activated basophils that express CD62 ligand (CD62L) and the major histocompatibility complex (MHC) class II molecule human leukocyte antigen-DR (HLA-DR), parameters that are associated with increased disease activity and active lupus nephritis.",REFUTES,scifact,PubMed_12670680: BASOPHILS AND THE T HELPER 2 ENVIRONMENT CAN PROMOTE THE DEVELOPMENT OF LUPUS NEPHRITIS,"{""original_id"": 28, ""doc_id"": 12670680, ""doc_title"": ""BASOPHILS AND THE T HELPER 2 ENVIRONMENT CAN PROMOTE THE DEVELOPMENT OF LUPUS NEPHRITIS"", ""sentence_indices"": [2], ""is_grounded"": true}"
scifact_train_28_doc12670680_rat2,A T helper 2 cell (Th2) environment impedes disease development in patients with systemic lupus erythematosus (SLE).,"Thus, in Lyn(-/-) mice, basophils and IgE autoantibodies amplify autoantibody production that leads to lupus nephritis, and in individuals with SLE IgE autoantibodies and activated basophils are factors associated with disease activity and nephritis.",REFUTES,scifact,PubMed_12670680: BASOPHILS AND THE T HELPER 2 ENVIRONMENT CAN PROMOTE THE DEVELOPMENT OF LUPUS NEPHRITIS,"{""original_id"": 28, ""doc_id"": 12670680, ""doc_title"": ""BASOPHILS AND THE T HELPER 2 ENVIRONMENT CAN PROMOTE THE DEVELOPMENT OF LUPUS NEPHRITIS"", ""sentence_indices"": [4], ""is_grounded"": true}"
scifact_train_30_doc24341590_rat0,A breast cancer patient's capacity to metabolize tamoxifen influences treatment outcome.,"At 9 years of follow-up, the recurrence rates were 14.9% for extensive metabolizers, 20.9% for heterozygous extensive/intermediate metabolizers, and 29.0% for poor metabolizers, and all-cause mortality rates were 16.7%, 18.0%, and 22.8%, respectively.",SUPPORTS,scifact,PubMed_24341590: Association between CYP2D6 polymorphisms and outcomes among women with early stage breast cancer treated with tamoxifen.,"{""original_id"": 30, ""doc_id"": 24341590, ""doc_title"": ""Association between CYP2D6 polymorphisms and outcomes among women with early stage breast cancer treated with tamoxifen."", ""sentence_indices"": [10], ""is_grounded"": true}"
scifact_train_30_doc24341590_rat1,A breast cancer patient's capacity to metabolize tamoxifen influences treatment outcome.,"Compared with extensive metabolizers, there was a significantly increased risk of recurrence for heterozygous extensive/intermediate metabolizers (time to recurrence adjusted hazard ratio [HR], 1.40; 95% confidence interval [CI], 1.04-1.90) and for poor metabolizers (time to recurrence HR, 1.90; 95% CI, 1.10-3.28).",SUPPORTS,scifact,PubMed_24341590: Association between CYP2D6 polymorphisms and outcomes among women with early stage breast cancer treated with tamoxifen.,"{""original_id"": 30, ""doc_id"": 24341590, ""doc_title"": ""Association between CYP2D6 polymorphisms and outcomes among women with early stage breast cancer treated with tamoxifen."", ""sentence_indices"": [11], ""is_grounded"": true}"
scifact_train_30_doc24341590_rat2,A breast cancer patient's capacity to metabolize tamoxifen influences treatment outcome.,"Compared with extensive metabolizers, those with decreased CYP2D6 activity (heterozygous extensive/intermediate and poor metabolism) had worse event-free survival (HR, 1.33; 95% CI, 1.06-1.68) and disease-free survival (HR, 1.29; 95% CI, 1.03-1.61), but there was no significant difference in overall survival (HR, 1.15; 95% CI, 0.88-1.51).",SUPPORTS,scifact,PubMed_24341590: Association between CYP2D6 polymorphisms and outcomes among women with early stage breast cancer treated with tamoxifen.,"{""original_id"": 30, ""doc_id"": 24341590, ""doc_title"": ""Association between CYP2D6 polymorphisms and outcomes among women with early stage breast cancer treated with tamoxifen."", ""sentence_indices"": [12], ""is_grounded"": true}"
scifact_train_30_doc24341590_rat3,A breast cancer patient's capacity to metabolize tamoxifen influences treatment outcome.,"CONCLUSION Among women with breast cancer treated with tamoxifen, there was an association between CYP2D6 variation and clinical outcomes, such that the presence of 2 functional CYP2D6 alleles was associated with better clinical outcomes and the presence of nonfunctional or reduced-function alleles with worse outcomes.",SUPPORTS,scifact,PubMed_24341590: Association between CYP2D6 polymorphisms and outcomes among women with early stage breast cancer treated with tamoxifen.,"{""original_id"": 30, ""doc_id"": 24341590, ""doc_title"": ""Association between CYP2D6 polymorphisms and outcomes among women with early stage breast cancer treated with tamoxifen."", ""sentence_indices"": [13], ""is_grounded"": true}"
scifact_train_32_doc12428497_rat0,A country's Vaccine Alliance (GAVI) eligibility is not indictivate of accelerated adoption of the Hub vaccine.,CONCLUSIONS This study substantiates previous findings related to vaccine price and presents new evidence to suggest that GAVI eligibility is associated with accelerated decisions to adopt Hib vaccine.,REFUTES,scifact,"PubMed_12428497: Accelerating Policy Decisions to Adopt Haemophilus influenzae Type b Vaccine: A Global, Multivariable Analysis","{""original_id"": 32, ""doc_id"": 12428497, ""doc_title"": ""Accelerating Policy Decisions to Adopt Haemophilus influenzae Type b Vaccine: A Global, Multivariable Analysis"", ""sentence_indices"": [8], ""is_grounded"": true}"
scifact_train_34_doc11705328_rat0,A deficiency of folate increases blood levels of homocysteine.,"RESULTS Median serum homocysteine level decreased with increasing folic acid dosage, to a maximum at 0.8 mg of folic acid per day, when the homocysteine reduction (placebo adjusted) was 2.7 micromol/L (23%), similar to the known effect of folic acid dosages of 1 mg/d and above.",SUPPORTS,scifact,PubMed_11705328: Randomized trial of folic acid supplementation and serum homocysteine levels.,"{""original_id"": 34, ""doc_id"": 11705328, ""doc_title"": ""Randomized trial of folic acid supplementation and serum homocysteine levels."", ""sentence_indices"": [4], ""is_grounded"": true}"
scifact_train_35,A deficiency of vitamin B12 decreases blood levels of homocysteine.,,NOT_ENOUGH_INFO,scifact,"Docs: 5152028,11705328","{""original_id"": 35, ""cited_doc_ids"": [5152028, 11705328], ""is_grounded"": false}"
scifact_train_37,A deficiency of vitamin B6 decreases blood levels of homocysteine.,,NOT_ENOUGH_INFO,scifact,"Docs: 5152028,11705328","{""original_id"": 37, ""cited_doc_ids"": [5152028, 11705328], ""is_grounded"": false}"
scifact_train_39_doc13497630_rat0,A diminished ovarian reserve does not solely indicate infertility in an a priori non-infertile population.,"After adjusting for age, body mass index, race, current smoking status, and recent hormonal contraceptive use, women with low AMH values (<0.7 ng/mL [n = 84]) did not have a significantly different predicted probability of conceiving by 6 cycles of attempt (65%; 95% CI, 50%-75%) compared with women (n = 579) with normal values (62%; 95% CI, 57%-66%) or by 12 cycles of attempt (84% [95% CI, 70%-91%] vs 75% [95% CI, 70%-79%], respectively).",SUPPORTS,scifact,PubMed_13497630: Association Between Biomarkers of Ovarian Reserve and Infertility Among Older Women of Reproductive Age,"{""original_id"": 39, ""doc_id"": 13497630, ""doc_title"": ""Association Between Biomarkers of Ovarian Reserve and Infertility Among Older Women of Reproductive Age"", ""sentence_indices"": [7], ""is_grounded"": true}"
scifact_train_39_doc13497630_rat1,A diminished ovarian reserve does not solely indicate infertility in an a priori non-infertile population.,"Women with high serum FSH values (>10 mIU/mL [n = 83]) did not have a significantly different predicted probability of conceiving after 6 cycles of attempt (63%; 95% CI, 50%-73%) compared with women (n = 654) with normal values (62%; 95% CI, 57%-66%) or after 12 cycles of attempt (82% [95% CI, 70%-89%] vs 75% [95% CI, 70%-78%], respectively).",SUPPORTS,scifact,PubMed_13497630: Association Between Biomarkers of Ovarian Reserve and Infertility Among Older Women of Reproductive Age,"{""original_id"": 39, ""doc_id"": 13497630, ""doc_title"": ""Association Between Biomarkers of Ovarian Reserve and Infertility Among Older Women of Reproductive Age"", ""sentence_indices"": [8], ""is_grounded"": true}"
scifact_train_39_doc13497630_rat2,A diminished ovarian reserve does not solely indicate infertility in an a priori non-infertile population.,"Women with high urinary FSH values (>11.5 mIU/mg creatinine [n = 69]) did not have a significantly different predicted probability of conceiving after 6 cycles of attempt (61%; 95% CI, 46%-74%) compared with women (n = 660) with normal values (62%; 95% CI, 58%-66%) or after 12 cycles of attempt (70% [95% CI, 54%-80%] vs 76% [95% CI, 72%-80%], respectively).",SUPPORTS,scifact,PubMed_13497630: Association Between Biomarkers of Ovarian Reserve and Infertility Among Older Women of Reproductive Age,"{""original_id"": 39, ""doc_id"": 13497630, ""doc_title"": ""Association Between Biomarkers of Ovarian Reserve and Infertility Among Older Women of Reproductive Age"", ""sentence_indices"": [9], ""is_grounded"": true}"
scifact_train_39_doc13497630_rat3,A diminished ovarian reserve does not solely indicate infertility in an a priori non-infertile population.,"Inhibin B levels (n = 737) were not associated with the probability of conceiving in a given cycle (hazard ratio per 1-pg/mL increase, 0.999; 95% CI, 0.997-1.001).",SUPPORTS,scifact,PubMed_13497630: Association Between Biomarkers of Ovarian Reserve and Infertility Among Older Women of Reproductive Age,"{""original_id"": 39, ""doc_id"": 13497630, ""doc_title"": ""Association Between Biomarkers of Ovarian Reserve and Infertility Among Older Women of Reproductive Age"", ""sentence_indices"": [10], ""is_grounded"": true}"
scifact_train_39_doc13497630_rat4,A diminished ovarian reserve does not solely indicate infertility in an a priori non-infertile population.,"Conclusions and Relevance Among women aged 30 to 44 years without a history of infertility who had been trying to conceive for 3 months or less, biomarkers indicating diminished ovarian reserve compared with normal ovarian reserve were not associated with reduced fertility.",SUPPORTS,scifact,PubMed_13497630: Association Between Biomarkers of Ovarian Reserve and Infertility Among Older Women of Reproductive Age,"{""original_id"": 39, ""doc_id"": 13497630, ""doc_title"": ""Association Between Biomarkers of Ovarian Reserve and Infertility Among Older Women of Reproductive Age"", ""sentence_indices"": [11], ""is_grounded"": true}"
scifact_train_40_doc13497630_rat0,"A diminished ovarian reserve is a very strong indicator of infertility, even in an a priori non-infertile population.","After adjusting for age, body mass index, race, current smoking status, and recent hormonal contraceptive use, women with low AMH values (<0.7 ng/mL [n = 84]) did not have a significantly different predicted probability of conceiving by 6 cycles of attempt (65%; 95% CI, 50%-75%) compared with women (n = 579) with normal values (62%; 95% CI, 57%-66%) or by 12 cycles of attempt (84% [95% CI, 70%-91%] vs 75% [95% CI, 70%-79%], respectively).",REFUTES,scifact,PubMed_13497630: Association Between Biomarkers of Ovarian Reserve and Infertility Among Older Women of Reproductive Age,"{""original_id"": 40, ""doc_id"": 13497630, ""doc_title"": ""Association Between Biomarkers of Ovarian Reserve and Infertility Among Older Women of Reproductive Age"", ""sentence_indices"": [7], ""is_grounded"": true}"
scifact_train_40_doc13497630_rat1,"A diminished ovarian reserve is a very strong indicator of infertility, even in an a priori non-infertile population.","Women with high serum FSH values (>10 mIU/mL [n = 83]) did not have a significantly different predicted probability of conceiving after 6 cycles of attempt (63%; 95% CI, 50%-73%) compared with women (n = 654) with normal values (62%; 95% CI, 57%-66%) or after 12 cycles of attempt (82% [95% CI, 70%-89%] vs 75% [95% CI, 70%-78%], respectively).",REFUTES,scifact,PubMed_13497630: Association Between Biomarkers of Ovarian Reserve and Infertility Among Older Women of Reproductive Age,"{""original_id"": 40, ""doc_id"": 13497630, ""doc_title"": ""Association Between Biomarkers of Ovarian Reserve and Infertility Among Older Women of Reproductive Age"", ""sentence_indices"": [8], ""is_grounded"": true}"
scifact_train_40_doc13497630_rat2,"A diminished ovarian reserve is a very strong indicator of infertility, even in an a priori non-infertile population.","Women with high urinary FSH values (>11.5 mIU/mg creatinine [n = 69]) did not have a significantly different predicted probability of conceiving after 6 cycles of attempt (61%; 95% CI, 46%-74%) compared with women (n = 660) with normal values (62%; 95% CI, 58%-66%) or after 12 cycles of attempt (70% [95% CI, 54%-80%] vs 76% [95% CI, 72%-80%], respectively).",REFUTES,scifact,PubMed_13497630: Association Between Biomarkers of Ovarian Reserve and Infertility Among Older Women of Reproductive Age,"{""original_id"": 40, ""doc_id"": 13497630, ""doc_title"": ""Association Between Biomarkers of Ovarian Reserve and Infertility Among Older Women of Reproductive Age"", ""sentence_indices"": [9], ""is_grounded"": true}"
scifact_train_40_doc13497630_rat3,"A diminished ovarian reserve is a very strong indicator of infertility, even in an a priori non-infertile population.","Inhibin B levels (n = 737) were not associated with the probability of conceiving in a given cycle (hazard ratio per 1-pg/mL increase, 0.999; 95% CI, 0.997-1.001).",REFUTES,scifact,PubMed_13497630: Association Between Biomarkers of Ovarian Reserve and Infertility Among Older Women of Reproductive Age,"{""original_id"": 40, ""doc_id"": 13497630, ""doc_title"": ""Association Between Biomarkers of Ovarian Reserve and Infertility Among Older Women of Reproductive Age"", ""sentence_indices"": [10], ""is_grounded"": true}"
scifact_train_40_doc13497630_rat4,"A diminished ovarian reserve is a very strong indicator of infertility, even in an a priori non-infertile population.","Conclusions and Relevance Among women aged 30 to 44 years without a history of infertility who had been trying to conceive for 3 months or less, biomarkers indicating diminished ovarian reserve compared with normal ovarian reserve were not associated with reduced fertility.",REFUTES,scifact,PubMed_13497630: Association Between Biomarkers of Ovarian Reserve and Infertility Among Older Women of Reproductive Age,"{""original_id"": 40, ""doc_id"": 13497630, ""doc_title"": ""Association Between Biomarkers of Ovarian Reserve and Infertility Among Older Women of Reproductive Age"", ""sentence_indices"": [11], ""is_grounded"": true}"
scifact_train_41_doc18174210_rat0,A high microerythrocyte count protects against severe anemia in homozygous alpha (+)- thalassemia trait subjects.,"Individuals homozygous for alpha(+)-thalassaemia have microcytosis and an increased erythrocyte count. We estimated that the haematological profile in children homozygous for alpha(+)-thalassaemia reduces the risk of SMA during acute malaria compared to children of normal genotype (relative risk 0.52; 95% confidence interval [CI] 0.24-1.12, p = 0.09).",SUPPORTS,scifact,PubMed_18174210: Increased Microerythrocyte Count in Homozygous α+-Thalassaemia Contributes to Protection against Severe Malarial Anaemia,"{""original_id"": 41, ""doc_id"": 18174210, ""doc_title"": ""Increased Microerythrocyte Count in Homozygous \u03b1+-Thalassaemia Contributes to Protection against Severe Malarial Anaemia"", ""sentence_indices"": [1, 9], ""is_grounded"": true}"
scifact_train_41_doc18174210_rat1,A high microerythrocyte count protects against severe anemia in homozygous alpha (+)- thalassemia trait subjects.,CONCLUSIONS The increased erythrocyte count and microcytosis in children homozygous for alpha(+)-thalassaemia may contribute substantially to their protection against SMA.,SUPPORTS,scifact,PubMed_18174210: Increased Microerythrocyte Count in Homozygous α+-Thalassaemia Contributes to Protection against Severe Malarial Anaemia,"{""original_id"": 41, ""doc_id"": 18174210, ""doc_title"": ""Increased Microerythrocyte Count in Homozygous \u03b1+-Thalassaemia Contributes to Protection against Severe Malarial Anaemia"", ""sentence_indices"": [10], ""is_grounded"": true}"
scifact_train_43,A low percentage of hematopoietic progenitor cells are susceptible to HIV-1 infection ex vivo.,,NOT_ENOUGH_INFO,scifact,Docs: 7224723,"{""original_id"": 43, ""cited_doc_ids"": [7224723], ""is_grounded"": false}"
scifact_train_44_doc56893404_rat0,A mutation in HNF4A leads to an increased risk of developing diabetes by the age of 14 years.,"We assessed the in utero and neonatal role of two key regulators of pancreatic insulin secretion by studying birthweight and the incidence of neonatal hypoglycaemia in patients with heterozygous mutations in the maturity-onset diabetes of the young (MODY) genes HNF4A (encoding HNF-4α) and HNF1A/TCF1 (encoding HNF-1α), and the effect of pancreatic deletion of Hnf4a on foetal and neonatal insulin secretion in mice.",SUPPORTS,scifact,PubMed_56893404: Macrosomia and Hyperinsulinaemic Hypoglycaemia in Patients with Heterozygous Mutations in the HNF4A Gene,"{""original_id"": 44, ""doc_id"": 56893404, ""doc_title"": ""Macrosomia and Hyperinsulinaemic Hypoglycaemia in Patients with Heterozygous Mutations in the HNF4A Gene"", ""sentence_indices"": [3], ""is_grounded"": true}"
scifact_train_45,A mutation in HNF4A leads to an increased risk of diabetes by the age of 14 years.,,NOT_ENOUGH_INFO,scifact,Docs: 56893404,"{""original_id"": 45, ""cited_doc_ids"": [56893404], ""is_grounded"": false}"
scifact_train_46_doc380526_rat0,A single nucleotide variant the gene DGKK is strongly associated with increased risk of hypospadias.,"Individual genotyping of two SNPs (rs1934179 and rs7063116) in DGKK, encoding diacylglycerol kinase κ, produced compelling evidence for association with hypospadias in the discovery sample (allele-specific odds ratio (OR) = 2.5, P = 2.5 × 10−11 and OR = 2.3, P = 2.9 × 10−9, respectively) and in the Dutch (OR = 3.9, P = 2.4 × 10−5 and OR = 3.8, P = 3.4 × 10−5) and Swedish (OR = 2.5, P = 2.6 × 10−8 and OR = 2.2, P = 2.7 × 10−6) replication samples.",SUPPORTS,scifact,PubMed_380526: Common variants in DGKK are strongly associated with risk of hypospadias,"{""original_id"": 46, ""doc_id"": 380526, ""doc_title"": ""Common variants in DGKK are strongly associated with risk of hypospadias"", ""sentence_indices"": [2], ""is_grounded"": true}"
scifact_train_47_doc26996935_rat0,A strong bias in the phage genome locations where the spacers were derived has been observed in many CRISPR subtypes that confer the immunity to phage.,We detect a strong and reproducible bias in the phage genome locations from which spacers derive.,SUPPORTS,scifact,PubMed_26996935: Strong bias in the bacterial CRISPR elements that confer immunity to phage.,"{""original_id"": 47, ""doc_id"": 26996935, ""doc_title"": ""Strong bias in the bacterial CRISPR elements that confer immunity to phage."", ""sentence_indices"": [6], ""is_grounded"": true}"
scifact_train_52_doc45638119_rat0,ALDH1 expression is associated with poorer prognosis for breast cancer primary tumors.,"In a series of 577 breast carcinomas, expression of ALDH1 detected by immunostaining correlated with poor prognosis.",SUPPORTS,scifact,PubMed_45638119: ALDH1 is a marker of normal and malignant human mammary stem cells and a predictor of poor clinical outcome.,"{""original_id"": 52, ""doc_id"": 45638119, ""doc_title"": ""ALDH1 is a marker of normal and malignant human mammary stem cells and a predictor of poor clinical outcome."", ""sentence_indices"": [4], ""is_grounded"": true}"
scifact_train_55_doc49556906_rat0,AMP-activated protein kinase (AMPK) activation reduces inflammation-related fibrosis in the lungs.,"Pharmacological activation of AMPK in myofibroblasts from lungs of humans with IPF display lower fibrotic activity, along with enhanced mitochondrial biogenesis and normalization of sensitivity to apoptosis.",SUPPORTS,scifact,PubMed_49556906: Metformin reverses established lung fibrosis in a bleomycin model,"{""original_id"": 55, ""doc_id"": 49556906, ""doc_title"": ""Metformin reverses established lung fibrosis in a bleomycin model"", ""sentence_indices"": [5], ""is_grounded"": true}"
scifact_train_55_doc49556906_rat1,AMP-activated protein kinase (AMPK) activation reduces inflammation-related fibrosis in the lungs.,"In a bleomycin model of lung fibrosis in mice, metformin therapeutically accelerates the resolution of well-established fibrosis in an AMPK-dependent manner.",SUPPORTS,scifact,PubMed_49556906: Metformin reverses established lung fibrosis in a bleomycin model,"{""original_id"": 55, ""doc_id"": 49556906, ""doc_title"": ""Metformin reverses established lung fibrosis in a bleomycin model"", ""sentence_indices"": [6], ""is_grounded"": true}"
scifact_train_55_doc49556906_rat2,AMP-activated protein kinase (AMPK) activation reduces inflammation-related fibrosis in the lungs.,"These studies implicate deficient AMPK activation in non-resolving, pathologic fibrotic processes, and support a role for metformin (or other AMPK activators) to reverse established fibrosis by facilitating deactivation and apoptosis of myofibroblasts.",SUPPORTS,scifact,PubMed_49556906: Metformin reverses established lung fibrosis in a bleomycin model,"{""original_id"": 55, ""doc_id"": 49556906, ""doc_title"": ""Metformin reverses established lung fibrosis in a bleomycin model"", ""sentence_indices"": [7], ""is_grounded"": true}"
scifact_train_58_doc4709641_rat0,APOE4 expression in iPSC-derived neurons results in decreased tau phosphorylation.,"Using human neurons derived from induced pluripotent stem cells that expressed apolipoprotein E4 (ApoE4), a variant of the APOE gene product and the major genetic risk factor for AD, we demonstrated that ApoE4-expressing neurons had higher levels of tau phosphorylation, unrelated to their increased production of amyloid-β (Aβ) peptides, and that they displayed GABAergic neuron degeneration.",REFUTES,scifact,PubMed_4709641: Gain of toxic Apolipoprotein E4 effects in Human iPSC-Derived Neurons Is Ameliorated by a Small-Molecule Structure Corrector,"{""original_id"": 58, ""doc_id"": 4709641, ""doc_title"": ""Gain of toxic Apolipoprotein E4 effects in Human iPSC-Derived Neurons Is Ameliorated by a Small-Molecule Structure Corrector"", ""sentence_indices"": [1], ""is_grounded"": true}"
scifact_train_60_doc13899137_rat0,ART has no effect on the infectiveness of HIV-positive people.,"For a scenario in which 80% of HIV-infected individuals start treatment on average 1 y after their CD4 count drops below 350 cells/µl and 85% remain on treatment after 3 y, the models projected that HIV incidence would be 35% to 54% lower 8 y after the introduction of ART, compared to a counterfactual scenario in which there is no ART.",REFUTES,scifact,PubMed_13899137: HIV Treatment as Prevention: Systematic Comparison of Mathematical Models of the Potential Impact of Antiretroviral Therapy on HIV Incidence in South Africa,"{""original_id"": 60, ""doc_id"": 13899137, ""doc_title"": ""HIV Treatment as Prevention: Systematic Comparison of Mathematical Models of the Potential Impact of Antiretroviral Therapy on HIV Incidence in South Africa"", ""sentence_indices"": [5], ""is_grounded"": true}"
scifact_train_60_doc13899137_rat1,ART has no effect on the infectiveness of HIV-positive people.,"Considering the actual scale-up of ART in South Africa, seven models estimated that current HIV incidence is 17% to 32% lower than it would have been in the absence of ART.",REFUTES,scifact,PubMed_13899137: HIV Treatment as Prevention: Systematic Comparison of Mathematical Models of the Potential Impact of Antiretroviral Therapy on HIV Incidence in South Africa,"{""original_id"": 60, ""doc_id"": 13899137, ""doc_title"": ""HIV Treatment as Prevention: Systematic Comparison of Mathematical Models of the Potential Impact of Antiretroviral Therapy on HIV Incidence in South Africa"", ""sentence_indices"": [9], ""is_grounded"": true}"
scifact_train_60_doc13899137_rat2,ART has no effect on the infectiveness of HIV-positive people.,"CONCLUSIONS Mathematical models evaluating the impact of ART vary substantially in structure, complexity, and parameter choices, but all suggest that ART, at high levels of access and with high adherence, has the potential to substantially reduce new HIV infections.",REFUTES,scifact,PubMed_13899137: HIV Treatment as Prevention: Systematic Comparison of Mathematical Models of the Potential Impact of Antiretroviral Therapy on HIV Incidence in South Africa,"{""original_id"": 60, ""doc_id"": 13899137, ""doc_title"": ""HIV Treatment as Prevention: Systematic Comparison of Mathematical Models of the Potential Impact of Antiretroviral Therapy on HIV Incidence in South Africa"", ""sentence_indices"": [11], ""is_grounded"": true}"
scifact_train_61_doc13899137_rat0,ART substantially reduces infectiveness of HIV-positive people.,"For a scenario in which 80% of HIV-infected individuals start treatment on average 1 y after their CD4 count drops below 350 cells/µl and 85% remain on treatment after 3 y, the models projected that HIV incidence would be 35% to 54% lower 8 y after the introduction of ART, compared to a counterfactual scenario in which there is no ART.",SUPPORTS,scifact,PubMed_13899137: HIV Treatment as Prevention: Systematic Comparison of Mathematical Models of the Potential Impact of Antiretroviral Therapy on HIV Incidence in South Africa,"{""original_id"": 61, ""doc_id"": 13899137, ""doc_title"": ""HIV Treatment as Prevention: Systematic Comparison of Mathematical Models of the Potential Impact of Antiretroviral Therapy on HIV Incidence in South Africa"", ""sentence_indices"": [5], ""is_grounded"": true}"
scifact_train_61_doc13899137_rat1,ART substantially reduces infectiveness of HIV-positive people.,"Considering the actual scale-up of ART in South Africa, seven models estimated that current HIV incidence is 17% to 32% lower than it would have been in the absence of ART.",SUPPORTS,scifact,PubMed_13899137: HIV Treatment as Prevention: Systematic Comparison of Mathematical Models of the Potential Impact of Antiretroviral Therapy on HIV Incidence in South Africa,"{""original_id"": 61, ""doc_id"": 13899137, ""doc_title"": ""HIV Treatment as Prevention: Systematic Comparison of Mathematical Models of the Potential Impact of Antiretroviral Therapy on HIV Incidence in South Africa"", ""sentence_indices"": [9], ""is_grounded"": true}"
scifact_train_61_doc13899137_rat2,ART substantially reduces infectiveness of HIV-positive people.,"CONCLUSIONS Mathematical models evaluating the impact of ART vary substantially in structure, complexity, and parameter choices, but all suggest that ART, at high levels of access and with high adherence, has the potential to substantially reduce new HIV infections.",SUPPORTS,scifact,PubMed_13899137: HIV Treatment as Prevention: Systematic Comparison of Mathematical Models of the Potential Impact of Antiretroviral Therapy on HIV Incidence in South Africa,"{""original_id"": 61, ""doc_id"": 13899137, ""doc_title"": ""HIV Treatment as Prevention: Systematic Comparison of Mathematical Models of the Potential Impact of Antiretroviral Therapy on HIV Incidence in South Africa"", ""sentence_indices"": [11], ""is_grounded"": true}"
scifact_train_62,ATF4 is a general endoplasmic reticulum stress marker.,,NOT_ENOUGH_INFO,scifact,Docs: 32587939,"{""original_id"": 62, ""cited_doc_ids"": [32587939], ""is_grounded"": false}"
scifact_train_63,ATM and Rad3 related protein are critical for sensing DNA damage.,,NOT_ENOUGH_INFO,scifact,Docs: 40349336,"{""original_id"": 63, ""cited_doc_ids"": [40349336], ""is_grounded"": false}"
scifact_train_64,ATM and Rad3 related protein have no role in sensing DNA damage.,,NOT_ENOUGH_INFO,scifact,Docs: 40349336,"{""original_id"": 64, ""cited_doc_ids"": [40349336], ""is_grounded"": false}"
scifact_train_66,AZT given with ribavirin increases anemia.,,NOT_ENOUGH_INFO,scifact,Docs: 14806256,"{""original_id"": 66, ""cited_doc_ids"": [14806256], ""is_grounded"": false}"
scifact_train_67_doc21295300_rat0,Activated Cdk5 phosphorylates the ATM protein in response to DNA damage.,"Here we show that Cdk5 (cyclin-dependent kinase 5), activated by DNA damage, directly phosphorylates ATM at Ser 794 in post-mitotic neurons.",SUPPORTS,scifact,PubMed_21295300: Phosphorylation of ATM by Cdk5 mediates DNA damage signaling and regulates neuronal death,"{""original_id"": 67, ""doc_id"": 21295300, ""doc_title"": ""Phosphorylation of ATM by Cdk5 mediates DNA damage signaling and regulates neuronal death"", ""sentence_indices"": [3], ""is_grounded"": true}"
scifact_train_67_doc21295300_rat1,Activated Cdk5 phosphorylates the ATM protein in response to DNA damage.,"Thus, activation of Cdk5 by DNA damage serves as a critical signal to initiate the ATM response and regulate ATM-dependent cellular processes.",SUPPORTS,scifact,PubMed_21295300: Phosphorylation of ATM by Cdk5 mediates DNA damage signaling and regulates neuronal death,"{""original_id"": 67, ""doc_id"": 21295300, ""doc_title"": ""Phosphorylation of ATM by Cdk5 mediates DNA damage signaling and regulates neuronal death"", ""sentence_indices"": [7], ""is_grounded"": true}"
scifact_train_68_doc21295300_rat0,Activated Cdk5 regulates DNA damage-induced neuronal death.,"Interruption of the Cdk5-ATM pathway attenuates DNA-damage-induced neuronal cell cycle re-entry and expression of the p53 targets PUMA and Bax, protecting neurons from death.",SUPPORTS,scifact,PubMed_21295300: Phosphorylation of ATM by Cdk5 mediates DNA damage signaling and regulates neuronal death,"{""original_id"": 68, ""doc_id"": 21295300, ""doc_title"": ""Phosphorylation of ATM by Cdk5 mediates DNA damage signaling and regulates neuronal death"", ""sentence_indices"": [6], ""is_grounded"": true}"
scifact_train_69_doc5956380_rat0,Activation of PPM1D enhances p53 function.,PPM1D mutations were mutually exclusive with TP53 mutations in BSG and attenuated p53 activation in vitro. PPM1D mutations were truncating alterations in exon 6 that enhanced the ability of PPM1D to suppress the activation of the DNA damage response checkpoint protein CHK2.,REFUTES,scifact,PubMed_5956380: Exome sequencing identifies somatic gain-of-function PPM1D mutations in brainstem gliomas,"{""original_id"": 69, ""doc_id"": 5956380, ""doc_title"": ""Exome sequencing identifies somatic gain-of-function PPM1D mutations in brainstem gliomas"", ""sentence_indices"": [5, 6], ""is_grounded"": true}"
scifact_train_69_doc4414547_rat0,Activation of PPM1D enhances p53 function.,"Functional studies demonstrate that the mutations result in enhanced suppression of p53 in response to ionizing radiation exposure, suggesting that the mutant alleles encode hyperactive PPM1D isoforms.",REFUTES,scifact,PubMed_4414547: Mosaic PPM1D mutations are associated with predisposition to breast and ovarian cancer,"{""original_id"": 69, ""doc_id"": 4414547, ""doc_title"": ""Mosaic PPM1D mutations are associated with predisposition to breast and ovarian cancer"", ""sentence_indices"": [5], ""is_grounded"": true}"
scifact_train_71_doc1127562_rat0,Activation of the Rac1 homolog CED-10 kills viable cells in SRGP-1 mutant Caenorhabditis elegans.,"We show that SRGP-1 functions in engulfing cells and functions as a GTPase activating protein (GAP) for CED-10 (Rac1). Interestingly, loss of srgp-1 function promotes not only the clearance of already dead cells, but also the removal of cells that have been brought to the verge of death through sublethal apoptotic, necrotic or cytotoxic insults.",SUPPORTS,scifact,PubMed_1127562: Loss of the RhoGAP SRGP-1 promotes the clearance of dead and injured cells in Caenorhabditis elegans,"{""original_id"": 71, ""doc_id"": 1127562, ""doc_title"": ""Loss of the RhoGAP SRGP-1 promotes the clearance of dead and injured cells in Caenorhabditis elegans"", ""sentence_indices"": [4, 5], ""is_grounded"": true}"
scifact_train_73,Activator-inhibitor pairs are provided ventrally by Xrl-sizzled.,,NOT_ENOUGH_INFO,scifact,Docs: 6076903,"{""original_id"": 73, ""cited_doc_ids"": [6076903], ""is_grounded"": false}"
scifact_train_74,Active H. pylori urease has a polymeric structure consisting of five distinct subunits.,,NOT_ENOUGH_INFO,scifact,Docs: 4387784,"{""original_id"": 74, ""cited_doc_ids"": [4387784], ""is_grounded"": false}"
scifact_train_76_doc5531479_rat0,Active Ly49Q induces neutrophil polarization.,"Here, we show that an inhibitory MHC I receptor, Ly49Q, was crucial for the swift polarization of and tissue infiltration by neutrophils.",SUPPORTS,scifact,PubMed_5531479: The Ly49Q receptor plays a crucial role in neutrophil polarization and migration by regulating raft trafficking.,"{""original_id"": 76, ""doc_id"": 5531479, ""doc_title"": ""The Ly49Q receptor plays a crucial role in neutrophil polarization and migration by regulating raft trafficking."", ""sentence_indices"": [1], ""is_grounded"": true}"
scifact_train_76_doc5531479_rat1,Active Ly49Q induces neutrophil polarization.,"We propose that Ly49Q is pivotal in switching neutrophils to their polarized morphology and rapid migration upon inflammation, through its spatiotemporal regulation of membrane rafts and raft-associated signaling molecules.",SUPPORTS,scifact,PubMed_5531479: The Ly49Q receptor plays a crucial role in neutrophil polarization and migration by regulating raft trafficking.,"{""original_id"": 76, ""doc_id"": 5531479, ""doc_title"": ""The Ly49Q receptor plays a crucial role in neutrophil polarization and migration by regulating raft trafficking."", ""sentence_indices"": [6], ""is_grounded"": true}"
scifact_train_77_doc5531479_rat0,Active Ly49Q prevents neutrophil polarization.,"Here, we show that an inhibitory MHC I receptor, Ly49Q, was crucial for the swift polarization of and tissue infiltration by neutrophils.",REFUTES,scifact,PubMed_5531479: The Ly49Q receptor plays a crucial role in neutrophil polarization and migration by regulating raft trafficking.,"{""original_id"": 77, ""doc_id"": 5531479, ""doc_title"": ""The Ly49Q receptor plays a crucial role in neutrophil polarization and migration by regulating raft trafficking."", ""sentence_indices"": [1], ""is_grounded"": true}"
scifact_train_77_doc5531479_rat1,Active Ly49Q prevents neutrophil polarization.,"We propose that Ly49Q is pivotal in switching neutrophils to their polarized morphology and rapid migration upon inflammation, through its spatiotemporal regulation of membrane rafts and raft-associated signaling molecules.",REFUTES,scifact,PubMed_5531479: The Ly49Q receptor plays a crucial role in neutrophil polarization and migration by regulating raft trafficking.,"{""original_id"": 77, ""doc_id"": 5531479, ""doc_title"": ""The Ly49Q receptor plays a crucial role in neutrophil polarization and migration by regulating raft trafficking."", ""sentence_indices"": [6], ""is_grounded"": true}"
scifact_train_78_doc5099266_rat0,Active caspase-11 participate in regulating phagosome-lysosome fusion.,"However, caspase-11 was dispensable for the fusion of lysosomes with phagosomes containing nonpathogenic bacteria, uncovering a fundamental difference in the trafficking of phagosomes according to their cargo.",SUPPORTS,scifact,PubMed_5099266: Caspase-11 promotes the fusion of phagosomes harboring pathogenic bacteria with lysosomes by modulating actin polymerization.,"{""original_id"": 78, ""doc_id"": 5099266, ""doc_title"": ""Caspase-11 promotes the fusion of phagosomes harboring pathogenic bacteria with lysosomes by modulating actin polymerization."", ""sentence_indices"": [7], ""is_grounded"": true}"
scifact_train_79_doc5099266_rat0,Active caspase-11 protein promotes pyroptosis.,"Here, we demonstrated that caspase-11 was dispensable for caspase-1 activation in response to Legionella, Salmonella, Francisella, and Listeria.",SUPPORTS,scifact,PubMed_5099266: Caspase-11 promotes the fusion of phagosomes harboring pathogenic bacteria with lysosomes by modulating actin polymerization.,"{""original_id"": 79, ""doc_id"": 5099266, ""doc_title"": ""Caspase-11 promotes the fusion of phagosomes harboring pathogenic bacteria with lysosomes by modulating actin polymerization."", ""sentence_indices"": [3], ""is_grounded"": true}"
scifact_train_79_doc5099266_rat1,Active caspase-11 protein promotes pyroptosis.,We also determined that active mouse caspase-11 was required for restriction of L. pneumophila infection.,SUPPORTS,scifact,PubMed_5099266: Caspase-11 promotes the fusion of phagosomes harboring pathogenic bacteria with lysosomes by modulating actin polymerization.,"{""original_id"": 79, ""doc_id"": 5099266, ""doc_title"": ""Caspase-11 promotes the fusion of phagosomes harboring pathogenic bacteria with lysosomes by modulating actin polymerization."", ""sentence_indices"": [4], ""is_grounded"": true}"
scifact_train_80,Acute ablation of KRAS causes severe growth impairment.,,NOT_ENOUGH_INFO,scifact,Docs: 4920376,"{""original_id"": 80, ""cited_doc_ids"": [4920376], ""is_grounded"": false}"
scifact_train_81,Acute ablation of Snail in the embryonic cortex affects the proliferation and number of embryonic cortical precursors.,,NOT_ENOUGH_INFO,scifact,Docs: 1797622,"{""original_id"": 81, ""cited_doc_ids"": [1797622], ""is_grounded"": false}"
scifact_train_82,"Addition of BMP4, activin A, CHIR99021, and SU504 to reprogramming fibroblasts generates, expands and maintains cardiovascular progenitor cells (CPCs)",,NOT_ENOUGH_INFO,scifact,Docs: 3619372,"{""original_id"": 82, ""cited_doc_ids"": [3619372], ""is_grounded"": false}"
scifact_train_85_doc7521113_rat0,Adult tissue-resident macrophages are seeded before birth.,"We have demonstrated that major tissue-resident macrophage populations, including liver Kupffer cells and lung alveolar, splenic, and peritoneal macrophages, are established prior to birth and maintain themselves subsequently during adulthood independent of replenishment by blood monocytes.",SUPPORTS,scifact,PubMed_7521113: Fate mapping reveals origins and dynamics of monocytes and tissue macrophages under homeostasis.,"{""original_id"": 85, ""doc_id"": 7521113, ""doc_title"": ""Fate mapping reveals origins and dynamics of monocytes and tissue macrophages under homeostasis."", ""sentence_indices"": [4], ""is_grounded"": true}"
scifact_train_85_doc22406695_rat0,Adult tissue-resident macrophages are seeded before birth.,"Recently, it has become evident that most adult tissue macrophages originate during embryonic development and not from circulating monocytes.",SUPPORTS,scifact,PubMed_22406695: Origin and functions of tissue macrophages.,"{""original_id"": 85, ""doc_id"": 22406695, ""doc_title"": ""Origin and functions of tissue macrophages."", ""sentence_indices"": [1], ""is_grounded"": true}"
scifact_train_88_doc7521113_rat0,Adult tissue-resident macrophages possess a self-renewing capacity.,"We have demonstrated that major tissue-resident macrophage populations, including liver Kupffer cells and lung alveolar, splenic, and peritoneal macrophages, are established prior to birth and maintain themselves subsequently during adulthood independent of replenishment by blood monocytes.",SUPPORTS,scifact,PubMed_7521113: Fate mapping reveals origins and dynamics of monocytes and tissue macrophages under homeostasis.,"{""original_id"": 88, ""doc_id"": 7521113, ""doc_title"": ""Fate mapping reveals origins and dynamics of monocytes and tissue macrophages under homeostasis."", ""sentence_indices"": [4], ""is_grounded"": true}"
scifact_train_89,Adult tissue-resident macrophages stem from the embryonal yolk sac and fetal liver.,,NOT_ENOUGH_INFO,scifact,"Docs: 7521113,22406695","{""original_id"": 89, ""cited_doc_ids"": [7521113, 22406695], ""is_grounded"": false}"
scifact_train_91,Aged patients are less susceptible to ischaemia/reperfusion injury.,,NOT_ENOUGH_INFO,scifact,Docs: 1084345,"{""original_id"": 91, ""cited_doc_ids"": [1084345], ""is_grounded"": false}"
scifact_train_92,Aged patients are more susceptible to ischaemia/reperfusion injury.,,NOT_ENOUGH_INFO,scifact,Docs: 1084345,"{""original_id"": 92, ""cited_doc_ids"": [1084345], ""is_grounded"": false}"
scifact_train_93_doc2692522_rat0,Aggravated inflammation is dependent on NLRP3 inflammasome activation.,"Here we show that MSU and CPPD engage the caspase-1-activating NALP3 (also called cryopyrin) inflammasome, resulting in the production of active interleukin (IL)-1β and IL-18.",SUPPORTS,scifact,PubMed_2692522: Gout-associated uric acid crystals activate the NALP3 inflammasome,"{""original_id"": 93, ""doc_id"": 2692522, ""doc_title"": ""Gout-associated uric acid crystals activate the NALP3 inflammasome"", ""sentence_indices"": [2], ""is_grounded"": true}"
scifact_train_93_doc2692522_rat1,Aggravated inflammation is dependent on NLRP3 inflammasome activation.,"Macrophages from mice deficient in various components of the inflammasome such as caspase-1, ASC and NALP3 are defective in crystal-induced IL-1β activation.",SUPPORTS,scifact,PubMed_2692522: Gout-associated uric acid crystals activate the NALP3 inflammasome,"{""original_id"": 93, ""doc_id"": 2692522, ""doc_title"": ""Gout-associated uric acid crystals activate the NALP3 inflammasome"", ""sentence_indices"": [3], ""is_grounded"": true}"
scifact_train_95,Albendazole is used to treat soil-transmitted helminths.,,NOT_ENOUGH_INFO,scifact,Docs: 1215116,"{""original_id"": 95, ""cited_doc_ids"": [1215116], ""is_grounded"": false}"
scifact_train_96,Algerian physicians constitue the largest component of sub-Saharan Africa-trained physicians in the United States.,,NOT_ENOUGH_INFO,scifact,Docs: 14500725,"{""original_id"": 96, ""cited_doc_ids"": [14500725], ""is_grounded"": false}"
scifact_train_98_doc6540064_rat0,Alirocumab treatment reduces apo(a) fractional clearance rate.,"RESULTS Alirocumab reduced ultracentrifugally isolated LDL-C by 55.1%, LDL-apoB by 56.3%, and plasma Lp(a) by 18.7%. The fall in LDL-apoB was caused by an 80.4% increase in LDL-apoB FCR and a 23.9% reduction in LDL-apoB PR.",REFUTES,scifact,PubMed_6540064: Effects of PCSK9 Inhibition With Alirocumab on Lipoprotein Metabolism in Healthy Humans,"{""original_id"": 98, ""doc_id"": 6540064, ""doc_title"": ""Effects of PCSK9 Inhibition With Alirocumab on Lipoprotein Metabolism in Healthy Humans"", ""sentence_indices"": [9, 10], ""is_grounded"": true}"
scifact_train_98_doc6540064_rat1,Alirocumab treatment reduces apo(a) fractional clearance rate.,The FCR of apo(a) tended to increase (24.6%) without any change in apo(a) PR.,REFUTES,scifact,PubMed_6540064: Effects of PCSK9 Inhibition With Alirocumab on Lipoprotein Metabolism in Healthy Humans,"{""original_id"": 98, ""doc_id"": 6540064, ""doc_title"": ""Effects of PCSK9 Inhibition With Alirocumab on Lipoprotein Metabolism in Healthy Humans"", ""sentence_indices"": [12], ""is_grounded"": true}"
scifact_train_98_doc6540064_rat2,Alirocumab treatment reduces apo(a) fractional clearance rate.,CONCLUSIONS Alirocumab decreased LDL-C and LDL-apoB by increasing IDL- and LDL-apoB FCRs and decreasing LDL-apoB PR.,REFUTES,scifact,PubMed_6540064: Effects of PCSK9 Inhibition With Alirocumab on Lipoprotein Metabolism in Healthy Humans,"{""original_id"": 98, ""doc_id"": 6540064, ""doc_title"": ""Effects of PCSK9 Inhibition With Alirocumab on Lipoprotein Metabolism in Healthy Humans"", ""sentence_indices"": [14], ""is_grounded"": true}"
scifact_train_98_doc6540064_rat3,Alirocumab treatment reduces apo(a) fractional clearance rate.,The increase in apo(a) FCR during alirocumab treatment suggests that increased LDL receptors may also play a role in the reduction of plasma Lp(a).,REFUTES,scifact,PubMed_6540064: Effects of PCSK9 Inhibition With Alirocumab on Lipoprotein Metabolism in Healthy Humans,"{""original_id"": 98, ""doc_id"": 6540064, ""doc_title"": ""Effects of PCSK9 Inhibition With Alirocumab on Lipoprotein Metabolism in Healthy Humans"", ""sentence_indices"": [16], ""is_grounded"": true}"
scifact_train_104_doc40164383_rat0,Allogeneic mechanical circulatory support is not as effective as autologous mechanical circulatory support for treating acute myocardial infarction.,The 1-year incidence of SAEs was 33.3% (n = 5) in the allogeneic group and 53.3% (n = 8) in the autologous group (P = .46).,REFUTES,scifact,PubMed_40164383: Comparison of allogeneic vs autologous bone marrow–derived mesenchymal stem cells delivered by transendocardial injection in patients with ischemic cardiomyopathy: the POSEIDON randomized trial.,"{""original_id"": 104, ""doc_id"": 40164383, ""doc_title"": ""Comparison of allogeneic vs autologous bone marrow\u2013derived mesenchymal stem cells delivered by transendocardial injection in patients with ischemic cardiomyopathy: the POSEIDON randomized trial."", ""sentence_indices"": [8], ""is_grounded"": true}"
scifact_train_104_doc40164383_rat1,Allogeneic mechanical circulatory support is not as effective as autologous mechanical circulatory support for treating acute myocardial infarction.,"At 1 year, there were no ventricular arrhythmia SAEs observed among allogeneic recipients compared with 4 patients (26.7%) in the autologous group (P = .10).",REFUTES,scifact,PubMed_40164383: Comparison of allogeneic vs autologous bone marrow–derived mesenchymal stem cells delivered by transendocardial injection in patients with ischemic cardiomyopathy: the POSEIDON randomized trial.,"{""original_id"": 104, ""doc_id"": 40164383, ""doc_title"": ""Comparison of allogeneic vs autologous bone marrow\u2013derived mesenchymal stem cells delivered by transendocardial injection in patients with ischemic cardiomyopathy: the POSEIDON randomized trial."", ""sentence_indices"": [9], ""is_grounded"": true}"
scifact_train_104_doc40164383_rat2,Allogeneic mechanical circulatory support is not as effective as autologous mechanical circulatory support for treating acute myocardial infarction.,"Allogeneic and autologous MSCs reduced mean EED by −33.21% (95% CI, −43.61% to −22.81%; P < .001) and sphericity index but did not increase EF.",REFUTES,scifact,PubMed_40164383: Comparison of allogeneic vs autologous bone marrow–derived mesenchymal stem cells delivered by transendocardial injection in patients with ischemic cardiomyopathy: the POSEIDON randomized trial.,"{""original_id"": 104, ""doc_id"": 40164383, ""doc_title"": ""Comparison of allogeneic vs autologous bone marrow\u2013derived mesenchymal stem cells delivered by transendocardial injection in patients with ischemic cardiomyopathy: the POSEIDON randomized trial."", ""sentence_indices"": [11], ""is_grounded"": true}"
scifact_train_104_doc40164383_rat3,Allogeneic mechanical circulatory support is not as effective as autologous mechanical circulatory support for treating acute myocardial infarction.,"CONCLUSIONS In this early-stage study of patients with ICM, transendocardial injection of allogeneic and autologous MSCs without a placebo control were both associated with low rates of treatment-emergent SAEs, including immunologic reactions.",REFUTES,scifact,PubMed_40164383: Comparison of allogeneic vs autologous bone marrow–derived mesenchymal stem cells delivered by transendocardial injection in patients with ischemic cardiomyopathy: the POSEIDON randomized trial.,"{""original_id"": 104, ""doc_id"": 40164383, ""doc_title"": ""Comparison of allogeneic vs autologous bone marrow\u2013derived mesenchymal stem cells delivered by transendocardial injection in patients with ischemic cardiomyopathy: the POSEIDON randomized trial."", ""sentence_indices"": [15], ""is_grounded"": true}"
scifact_train_105_doc36606083_rat0,Alteration of origin firing causes changes in termination zones of Okazaki fragments.,"Using a strain in which late origins can be induced to fire early, we show that replication termination is a largely passive phenomenon that does not rely on cis-acting sequences or replication fork pausing.",REFUTES,scifact,"PubMed_36606083: Quantitative, genome-wide analysis of eukaryotic replication initiation and termination.","{""original_id"": 105, ""doc_id"": 36606083, ""doc_title"": ""Quantitative, genome-wide analysis of eukaryotic replication initiation and termination."", ""sentence_indices"": [3], ""is_grounded"": true}"
scifact_train_106_doc25515907_rat0,Ambulatory blood pressure monitoring is inaccurate at diagnosing hypertension.,"Compared with ambulatory monitoring thresholds of 135/85 mm Hg, clinic measurements over 140/90 mm Hg had mean sensitivity and specificity of 74.6% (95% confidence interval 60.7% to 84.8%) and 74.6% (47.9% to 90.4%), respectively, whereas home measurements over 135/85 mm Hg had mean sensitivity and specificity of 85.7% (78.0% to 91.0%) and 62.4% (48.0% to 75.0%).",REFUTES,scifact,PubMed_25515907: Relative effectiveness of clinic and home blood pressure monitoring compared with ambulatory blood pressure monitoring in diagnosis of hypertension: systematic review,"{""original_id"": 106, ""doc_id"": 25515907, ""doc_title"": ""Relative effectiveness of clinic and home blood pressure monitoring compared with ambulatory blood pressure monitoring in diagnosis of hypertension: systematic review"", ""sentence_indices"": [6], ""is_grounded"": true}"
scifact_train_106_doc25515907_rat1,Ambulatory blood pressure monitoring is inaccurate at diagnosing hypertension.,"If ambulatory monitoring is taken as the reference standard, then treatment decisions based on clinic or home blood pressure alone might result in substantial overdiagnosis.",REFUTES,scifact,PubMed_25515907: Relative effectiveness of clinic and home blood pressure monitoring compared with ambulatory blood pressure monitoring in diagnosis of hypertension: systematic review,"{""original_id"": 106, ""doc_id"": 25515907, ""doc_title"": ""Relative effectiveness of clinic and home blood pressure monitoring compared with ambulatory blood pressure monitoring in diagnosis of hypertension: systematic review"", ""sentence_indices"": [8], ""is_grounded"": true}"
scifact_train_106_doc25515907_rat2,Ambulatory blood pressure monitoring is inaccurate at diagnosing hypertension.,"Ambulatory monitoring before the start of lifelong drug treatment might lead to more appropriate targeting of treatment, particularly around the diagnostic threshold.",REFUTES,scifact,PubMed_25515907: Relative effectiveness of clinic and home blood pressure monitoring compared with ambulatory blood pressure monitoring in diagnosis of hypertension: systematic review,"{""original_id"": 106, ""doc_id"": 25515907, ""doc_title"": ""Relative effectiveness of clinic and home blood pressure monitoring compared with ambulatory blood pressure monitoring in diagnosis of hypertension: systematic review"", ""sentence_indices"": [9], ""is_grounded"": true}"
scifact_train_106_doc5151024_rat0,Ambulatory blood pressure monitoring is inaccurate at diagnosing hypertension.,"BACKGROUND The diagnosis of hypertension has traditionally been based on blood-pressure measurements in the clinic, but home and ambulatory measurements better correlate with cardiovascular outcome, and ambulatory monitoring is more accurate than both clinic and home monitoring in diagnosing hypertension.",REFUTES,scifact,PubMed_5151024: Cost-effectiveness of options for the diagnosis of high blood pressure in primary care: a modelling study.,"{""original_id"": 106, ""doc_id"": 5151024, ""doc_title"": ""Cost-effectiveness of options for the diagnosis of high blood pressure in primary care: a modelling study."", ""sentence_indices"": [0], ""is_grounded"": true}"
scifact_train_106_doc5151024_rat1,Ambulatory blood pressure monitoring is inaccurate at diagnosing hypertension.,INTERPRETATION Ambulatory monitoring as a diagnostic strategy for hypertension after an initial raised reading in the clinic would reduce misdiagnosis and save costs.,REFUTES,scifact,PubMed_5151024: Cost-effectiveness of options for the diagnosis of high blood pressure in primary care: a modelling study.,"{""original_id"": 106, ""doc_id"": 5151024, ""doc_title"": ""Cost-effectiveness of options for the diagnosis of high blood pressure in primary care: a modelling study."", ""sentence_indices"": [8], ""is_grounded"": true}"
scifact_train_108_doc6191684_rat0,Amitriptyline is an effective treatment for chronic tension-type headaches.,"RESULTS Tricyclic antidepressant medication and stress management therapy each produced larger reductions in headache activity, analgesic medication use, and headache-related disability than placebo, but antidepressant medication yielded more rapid improvements in headache activity.",SUPPORTS,scifact,"PubMed_6191684: Management of chronic tension-type headache with tricyclic antidepressant medication, stress management therapy, and their combination: a randomized controlled trial.","{""original_id"": 108, ""doc_id"": 6191684, ""doc_title"": ""Management of chronic tension-type headache with tricyclic antidepressant medication, stress management therapy, and their combination: a randomized controlled trial."", ""sentence_indices"": [7], ""is_grounded"": true}"
scifact_train_108_doc6191684_rat1,Amitriptyline is an effective treatment for chronic tension-type headaches.,"Combined therapy was more likely to produce clinically significant (>/=50%) reductions in headache index scores (64% of participants) than antidepressant medication (38% of participants; P =.006), stress management therapy (35%; P =.003), or placebo (29%; P =.001).",SUPPORTS,scifact,"PubMed_6191684: Management of chronic tension-type headache with tricyclic antidepressant medication, stress management therapy, and their combination: a randomized controlled trial.","{""original_id"": 108, ""doc_id"": 6191684, ""doc_title"": ""Management of chronic tension-type headache with tricyclic antidepressant medication, stress management therapy, and their combination: a randomized controlled trial."", ""sentence_indices"": [8], ""is_grounded"": true}"
scifact_train_108_doc6191684_rat2,Amitriptyline is an effective treatment for chronic tension-type headaches.,CONCLUSIONS Our results indicate that antidepressant medication and stress management therapy are each modestly effective in treating chronic tension-type headaches.,SUPPORTS,scifact,"PubMed_6191684: Management of chronic tension-type headache with tricyclic antidepressant medication, stress management therapy, and their combination: a randomized controlled trial.","{""original_id"": 108, ""doc_id"": 6191684, ""doc_title"": ""Management of chronic tension-type headache with tricyclic antidepressant medication, stress management therapy, and their combination: a randomized controlled trial."", ""sentence_indices"": [10], ""is_grounded"": true}"
scifact_train_108_doc22995579_rat0,Amitriptyline is an effective treatment for chronic tension-type headaches.,"The tricyclic antidepressant, amitriptyline, is an effective drug for the treatment of chronic tension-type headache and for other chronic pain syndromes, but it is also effective in the prophylaxis of an episodic type of headache such as migraine.",SUPPORTS,scifact,PubMed_22995579: Amitriptyline is effective in chronic but not in episodic tension-type headache: pathogenetic implications.,"{""original_id"": 108, ""doc_id"": 22995579, ""doc_title"": ""Amitriptyline is effective in chronic but not in episodic tension-type headache: pathogenetic implications."", ""sentence_indices"": [0], ""is_grounded"": true}"
scifact_train_108_doc22995579_rat1,Amitriptyline is an effective treatment for chronic tension-type headaches.,"Amitriptyline significantly reduced (P < 0.05) frequency and duration of headache as well as analgesic consumption in chronic, but not in episodic, tension-type headache.",SUPPORTS,scifact,PubMed_22995579: Amitriptyline is effective in chronic but not in episodic tension-type headache: pathogenetic implications.,"{""original_id"": 108, ""doc_id"": 22995579, ""doc_title"": ""Amitriptyline is effective in chronic but not in episodic tension-type headache: pathogenetic implications."", ""sentence_indices"": [3], ""is_grounded"": true}"
scifact_train_108_doc23865182_rat0,Amitriptyline is an effective treatment for chronic tension-type headaches.,Amitriptyline is the medication of first choice in the treatment of chronic tension-type headache.,SUPPORTS,scifact,PubMed_23865182: Efficacy and tolerability of amitriptylinoxide in the treatment of chronic tension-type headache: a multi-centre controlled study.,"{""original_id"": 108, ""doc_id"": 23865182, ""doc_title"": ""Efficacy and tolerability of amitriptylinoxide in the treatment of chronic tension-type headache: a multi-centre controlled study."", ""sentence_indices"": [0], ""is_grounded"": true}"
scifact_train_108_doc23865182_rat1,Amitriptyline is an effective treatment for chronic tension-type headaches.,The primary study endpoint was a reduction of at least 50% of the product of headache duration and frequency and a reduction of at least 50% in headache intensity.,SUPPORTS,scifact,PubMed_23865182: Efficacy and tolerability of amitriptylinoxide in the treatment of chronic tension-type headache: a multi-centre controlled study.,"{""original_id"": 108, ""doc_id"": 23865182, ""doc_title"": ""Efficacy and tolerability of amitriptylinoxide in the treatment of chronic tension-type headache: a multi-centre controlled study."", ""sentence_indices"": [3], ""is_grounded"": true}"
scifact_train_108_doc23865182_rat2,Amitriptyline is an effective treatment for chronic tension-type headaches.,"A reduction in headache duration and frequency of at least 50% was found in 39.4% on AO, in 25.4% on AM and in 26.6% on PL (PAO-PL = .1384, PAM-PL = 1.000, PAO-AM = .0973).",SUPPORTS,scifact,PubMed_23865182: Efficacy and tolerability of amitriptylinoxide in the treatment of chronic tension-type headache: a multi-centre controlled study.,"{""original_id"": 108, ""doc_id"": 23865182, ""doc_title"": ""Efficacy and tolerability of amitriptylinoxide in the treatment of chronic tension-type headache: a multi-centre controlled study."", ""sentence_indices"": [7], ""is_grounded"": true}"
scifact_train_108_doc23865182_rat3,Amitriptyline is an effective treatment for chronic tension-type headaches.,"A reduction in headache intensity of at least 50% was found in 31.8% on AO, in 26.9% on AM and in 26.6% on PL (PAO-PL = .5657, PAM-PL = 1.000, PAO-AM = .5715).",SUPPORTS,scifact,PubMed_23865182: Efficacy and tolerability of amitriptylinoxide in the treatment of chronic tension-type headache: a multi-centre controlled study.,"{""original_id"": 108, ""doc_id"": 23865182, ""doc_title"": ""Efficacy and tolerability of amitriptylinoxide in the treatment of chronic tension-type headache: a multi-centre controlled study."", ""sentence_indices"": [8], ""is_grounded"": true}"
scifact_train_109_doc4319174_rat0,An M2-like phenotype in brown adipose tissue macrophages is quickly induced by cold exposure.,"Exposure to cold temperature rapidly promoted alternative activation of adipose tissue macrophages, which secrete catecholamines to induce thermogenic gene expression in brown adipose tissue and lipolysis in white adipose tissue.",SUPPORTS,scifact,PubMed_4319174: Alternatively activated macrophages produce catecholamines to sustain adaptive thermogenesis,"{""original_id"": 109, ""doc_id"": 4319174, ""doc_title"": ""Alternatively activated macrophages produce catecholamines to sustain adaptive thermogenesis"", ""sentence_indices"": [5], ""is_grounded"": true}"
scifact_train_111_doc13513790_rat0,Androgenetic haploid mouse embryonic stem cells (ESCs) can be derived and genetically manipulated in vitro.,"Strikingly, live mice can be obtained upon injection of AG-haESCs into MII oocytes, and these mice bear haESC-carried genetic traits and develop into fertile adults.",SUPPORTS,scifact,PubMed_13513790: Generation of Genetically Modified Mice by Oocyte Injection of Androgenetic Haploid Embryonic Stem Cells,"{""original_id"": 111, ""doc_id"": 13513790, ""doc_title"": ""Generation of Genetically Modified Mice by Oocyte Injection of Androgenetic Haploid Embryonic Stem Cells"", ""sentence_indices"": [5], ""is_grounded"": true}"
scifact_train_111_doc13513790_rat1,Androgenetic haploid mouse embryonic stem cells (ESCs) can be derived and genetically manipulated in vitro.,Our results demonstrate that AG-haESCs can be used as a genetically tractable fertilization agent for the production of live animals via injection into oocytes.,SUPPORTS,scifact,PubMed_13513790: Generation of Genetically Modified Mice by Oocyte Injection of Androgenetic Haploid Embryonic Stem Cells,"{""original_id"": 111, ""doc_id"": 13513790, ""doc_title"": ""Generation of Genetically Modified Mice by Oocyte Injection of Androgenetic Haploid Embryonic Stem Cells"", ""sentence_indices"": [7], ""is_grounded"": true}"
scifact_train_112_doc6157837_rat0,Angiotensin converting enzyme inhibitors are associated with decreased risk for functional renal insufficiency.,"Although ACE inhibitor therapy usually improves renal blood flow (RBF) and sodium excretion rates in CHF and reduces the rate of progressive renal injury in chronic renal disease, its use can also be associated with a syndrome of ""functional renal insufficiency"" and/or hyperkalemia.",REFUTES,scifact,PubMed_6157837: Renal considerations in angiotensin converting enzyme inhibitor therapy: a statement for healthcare professionals from the Council on the Kidney in Cardiovascular Disease and the Council for High Blood Pressure Research of the American Heart Association.,"{""original_id"": 112, ""doc_id"": 6157837, ""doc_title"": ""Renal considerations in angiotensin converting enzyme inhibitor therapy: a statement for healthcare professionals from the Council on the Kidney in Cardiovascular Disease and the Council for High Blood Pressure Research of the American Heart Association."", ""sentence_indices"": [2], ""is_grounded"": true}"
scifact_train_112_doc6157837_rat1,Angiotensin converting enzyme inhibitors are associated with decreased risk for functional renal insufficiency.,"Understanding the pathophysiological mechanisms and the common risk factors for ACE inhibitor-induced functional ARF is critical, because preventive strategies for ARF exist, and if effectively used, they may permit use of these compounds in a less restricted fashion.",REFUTES,scifact,PubMed_6157837: Renal considerations in angiotensin converting enzyme inhibitor therapy: a statement for healthcare professionals from the Council on the Kidney in Cardiovascular Disease and the Council for High Blood Pressure Research of the American Heart Association.,"{""original_id"": 112, ""doc_id"": 6157837, ""doc_title"": ""Renal considerations in angiotensin converting enzyme inhibitor therapy: a statement for healthcare professionals from the Council on the Kidney in Cardiovascular Disease and the Council for High Blood Pressure Research of the American Heart Association."", ""sentence_indices"": [7], ""is_grounded"": true}"
scifact_train_114_doc33872649_rat0,Anthrax spores are very difficult to dispose once they are dispersed.,More than 80% of the B anthracis particles collected on stationary monitors were within an alveolar respirable size range of 0.95 to 3.5 micro m. CONCLUSIONS Bacillus anthracis spores used in a recent terrorist incident reaerosolized under common office activities.,SUPPORTS,scifact,PubMed_33872649: Secondary aerosolization of viable Bacillus anthracis spores in a contaminated US Senate Office.,"{""original_id"": 114, ""doc_id"": 33872649, ""doc_title"": ""Secondary aerosolization of viable Bacillus anthracis spores in a contaminated US Senate Office."", ""sentence_indices"": [6], ""is_grounded"": true}"
scifact_train_116_doc33872649_rat0,Anthrax spores remain deadly until affected areas are decontaminated.,More than 80% of the B anthracis particles collected on stationary monitors were within an alveolar respirable size range of 0.95 to 3.5 micro m. CONCLUSIONS Bacillus anthracis spores used in a recent terrorist incident reaerosolized under common office activities.,SUPPORTS,scifact,PubMed_33872649: Secondary aerosolization of viable Bacillus anthracis spores in a contaminated US Senate Office.,"{""original_id"": 116, ""doc_id"": 33872649, ""doc_title"": ""Secondary aerosolization of viable Bacillus anthracis spores in a contaminated US Senate Office."", ""sentence_indices"": [6], ""is_grounded"": true}"
scifact_train_119_doc14606752_rat0,Antidepressants increase the severity of migraines.,"Tricyclics significantly reduced the number of days with tension-type headache and number of headache attacks from migraine than placebo (average standardised mean difference -1.29, 95% confidence interval -2.18 to -0.39 and -0.70, -0.93 to -0.48) but not compared with selective serotonin reuptake inhibitors (-0.80, -2.63 to 0.02 and -0.20, -0.60 to 0.19).",REFUTES,scifact,PubMed_14606752: Tricyclic antidepressants and headaches: systematic review and meta-analysis,"{""original_id"": 119, ""doc_id"": 14606752, ""doc_title"": ""Tricyclic antidepressants and headaches: systematic review and meta-analysis"", ""sentence_indices"": [6], ""is_grounded"": true}"
scifact_train_119_doc14606752_rat1,Antidepressants increase the severity of migraines.,"Tricyclics were also more likely to reduce the intensity of headaches by at least 50% than either placebo (tension-type: relative risk 1.41, 95% confidence interval 1.02 to 1.89; migraine: 1.80, 1.24 to 2.62) or selective serotonin reuptake inhibitors (1.73, 1.34 to 2.22 and 1.72, 1.15 to 2.55).",REFUTES,scifact,PubMed_14606752: Tricyclic antidepressants and headaches: systematic review and meta-analysis,"{""original_id"": 119, ""doc_id"": 14606752, ""doc_title"": ""Tricyclic antidepressants and headaches: systematic review and meta-analysis"", ""sentence_indices"": [8], ""is_grounded"": true}"
scifact_train_119_doc14606752_rat2,Antidepressants increase the severity of migraines.,"CONCLUSIONS Tricyclic antidepressants are effective in preventing migraine and tension-type headaches and are more effective than selective serotonin reuptake inhibitors, although with greater adverse effects.",REFUTES,scifact,PubMed_14606752: Tricyclic antidepressants and headaches: systematic review and meta-analysis,"{""original_id"": 119, ""doc_id"": 14606752, ""doc_title"": ""Tricyclic antidepressants and headaches: systematic review and meta-analysis"", ""sentence_indices"": [10], ""is_grounded"": true}"
scifact_train_120_doc14606752_rat0,Antidepressants reduce the severity of migraines.,"Tricyclics significantly reduced the number of days with tension-type headache and number of headache attacks from migraine than placebo (average standardised mean difference -1.29, 95% confidence interval -2.18 to -0.39 and -0.70, -0.93 to -0.48) but not compared with selective serotonin reuptake inhibitors (-0.80, -2.63 to 0.02 and -0.20, -0.60 to 0.19).",SUPPORTS,scifact,PubMed_14606752: Tricyclic antidepressants and headaches: systematic review and meta-analysis,"{""original_id"": 120, ""doc_id"": 14606752, ""doc_title"": ""Tricyclic antidepressants and headaches: systematic review and meta-analysis"", ""sentence_indices"": [6], ""is_grounded"": true}"
scifact_train_120_doc14606752_rat1,Antidepressants reduce the severity of migraines.,"Tricyclics were also more likely to reduce the intensity of headaches by at least 50% than either placebo (tension-type: relative risk 1.41, 95% confidence interval 1.02 to 1.89; migraine: 1.80, 1.24 to 2.62) or selective serotonin reuptake inhibitors (1.73, 1.34 to 2.22 and 1.72, 1.15 to 2.55).",SUPPORTS,scifact,PubMed_14606752: Tricyclic antidepressants and headaches: systematic review and meta-analysis,"{""original_id"": 120, ""doc_id"": 14606752, ""doc_title"": ""Tricyclic antidepressants and headaches: systematic review and meta-analysis"", ""sentence_indices"": [8], ""is_grounded"": true}"
scifact_train_120_doc14606752_rat2,Antidepressants reduce the severity of migraines.,"CONCLUSIONS Tricyclic antidepressants are effective in preventing migraine and tension-type headaches and are more effective than selective serotonin reuptake inhibitors, although with greater adverse effects.",SUPPORTS,scifact,PubMed_14606752: Tricyclic antidepressants and headaches: systematic review and meta-analysis,"{""original_id"": 120, ""doc_id"": 14606752, ""doc_title"": ""Tricyclic antidepressants and headaches: systematic review and meta-analysis"", ""sentence_indices"": [10], ""is_grounded"": true}"
scifact_train_121_doc31460499_rat0,Antimicrobial agents are less effective due to the pressure of antimicrobial usage.,"Overusing antibiotics is not the only cause and reducing use is not the only solution W arning signs of antimicrobial resistance, chinks in the antimicrobial armour, began to appear in the middle of the last century, and by the 1990s various reports had signalled the dangers of excessive or inappropriate use of antibiotics in clinical medicine and of the use of antibiotics in animal feed as growth promoters.1-3 Overuse of antimicrobials emerged as the main culprit, and reducing their use was seen as the answer.",SUPPORTS,scifact,PubMed_31460499: Resistance to antimicrobials in humans and animals.,"{""original_id"": 121, ""doc_id"": 31460499, ""doc_title"": ""Resistance to antimicrobials in humans and animals."", ""sentence_indices"": [0], ""is_grounded"": true}"
scifact_train_122_doc31460499_rat0,Antimicrobial agents are more effective due to the pressure of antimicrobial usage.,"Overusing antibiotics is not the only cause and reducing use is not the only solution W arning signs of antimicrobial resistance, chinks in the antimicrobial armour, began to appear in the middle of the last century, and by the 1990s various reports had signalled the dangers of excessive or inappropriate use of antibiotics in clinical medicine and of the use of antibiotics in animal feed as growth promoters.1-3 Overuse of antimicrobials emerged as the main culprit, and reducing their use was seen as the answer.",REFUTES,scifact,PubMed_31460499: Resistance to antimicrobials in humans and animals.,"{""original_id"": 122, ""doc_id"": 31460499, ""doc_title"": ""Resistance to antimicrobials in humans and animals."", ""sentence_indices"": [0], ""is_grounded"": true}"
scifact_train_123_doc4883040_rat0,Antiretroviral therapy increases rates of tuberculosis across a broad range of CD4 strata.,"Antiretroviral therapy is strongly associated with a reduction in the incidence of tuberculosis in all baseline CD4 count categories: (1) less than 200 cells/µl (hazard ratio [HR] 0.16, 95% confidence interval [CI] 0.07 to 0.36), (2) 200 to 350 cells/µl (HR 0.34, 95% CI 0.19 to 0.60), (3) greater than 350 cells/µl (HR 0.43, 95% CI 0.30 to 0.63), and (4) any CD4 count (HR 0.35, 95% CI 0.28 to 0.44).",REFUTES,scifact,PubMed_4883040: Antiretroviral Therapy for Prevention of Tuberculosis in Adults with HIV: A Systematic Review and Meta-Analysis,"{""original_id"": 123, ""doc_id"": 4883040, ""doc_title"": ""Antiretroviral Therapy for Prevention of Tuberculosis in Adults with HIV: A Systematic Review and Meta-Analysis"", ""sentence_indices"": [8], ""is_grounded"": true}"
scifact_train_123_doc4883040_rat1,Antiretroviral therapy increases rates of tuberculosis across a broad range of CD4 strata.,CONCLUSIONS Antiretroviral therapy is strongly associated with a reduction in the incidence of tuberculosis across all CD4 count strata.,REFUTES,scifact,PubMed_4883040: Antiretroviral Therapy for Prevention of Tuberculosis in Adults with HIV: A Systematic Review and Meta-Analysis,"{""original_id"": 123, ""doc_id"": 4883040, ""doc_title"": ""Antiretroviral Therapy for Prevention of Tuberculosis in Adults with HIV: A Systematic Review and Meta-Analysis"", ""sentence_indices"": [10], ""is_grounded"": true}"
scifact_train_126,"Approximately 250,000 people are infected with human T-cell lymphotropic virus type 1 in the United Kingdom.",,NOT_ENOUGH_INFO,scifact,Docs: 24512064,"{""original_id"": 126, ""cited_doc_ids"": [24512064], ""is_grounded"": false}"
scifact_train_134,Assessing treatment adherence is more beneficial to clinical practice than measuring routine outcomes.,,NOT_ENOUGH_INFO,scifact,Docs: 4695046,"{""original_id"": 134, ""cited_doc_ids"": [4695046], ""is_grounded"": false}"
scifact_train_138_doc26016929_rat0,Asymptomatic visual impairment screening in elderly populations leads to improved vision.,The inclusion of a visual screening component in the assessment did not result in improvements in self reported visual problems (pooled odds ratio 1.04:95% confidence interval 0.89 to 1.22). CONCLUSIONS Screening of asymptomatic older people in the community is not justified on present evidence.,REFUTES,scifact,PubMed_26016929: Effectiveness of screening older people for impaired vision in community setting: systematic review of evidence from randomised controlled trials.,"{""original_id"": 138, ""doc_id"": 26016929, ""doc_title"": ""Effectiveness of screening older people for impaired vision in community setting: systematic review of evidence from randomised controlled trials."", ""sentence_indices"": [7, 9], ""is_grounded"": true}"
scifact_train_139,At least 85% of patients exposed to radiation have activated markers of myofibroblasts.,,NOT_ENOUGH_INFO,scifact,Docs: 22080671,"{""original_id"": 139, ""cited_doc_ids"": [22080671], ""is_grounded"": false}"
scifact_train_144_doc10582939_rat0,Autologous transplantation of mesenchymal stem cells has better graft function than induction therapy with anti-interleukin-2 receptor antibodies.,"After 6 months, 4 of 53 patients (7.5%) in the autologous MSC plus standard-dose CNI group (95% CI, 0.4%-14.7%; P = .04) and 4 of 52 patients (7.7%) in the low-dose group (95% CI, 0.5%-14.9%; P = .046) compared with 11 of 51 controls (21.6%; 95% CI, 10.5%-32.6%) had biopsy-confirmed acute rejection.",SUPPORTS,scifact,PubMed_10582939: Induction therapy with autologous mesenchymal stem cells in living-related kidney transplants: a randomized controlled trial.,"{""original_id"": 144, ""doc_id"": 10582939, ""doc_title"": ""Induction therapy with autologous mesenchymal stem cells in living-related kidney transplants: a randomized controlled trial."", ""sentence_indices"": [8], ""is_grounded"": true}"
scifact_train_144_doc10582939_rat1,Autologous transplantation of mesenchymal stem cells has better graft function than induction therapy with anti-interleukin-2 receptor antibodies.,Renal function recovered faster among both MSC groups showing increased eGFR levels during the first month after surgery than the control group.,SUPPORTS,scifact,PubMed_10582939: Induction therapy with autologous mesenchymal stem cells in living-related kidney transplants: a randomized controlled trial.,"{""original_id"": 144, ""doc_id"": 10582939, ""doc_title"": ""Induction therapy with autologous mesenchymal stem cells in living-related kidney transplants: a randomized controlled trial."", ""sentence_indices"": [10], ""is_grounded"": true}"
scifact_train_144_doc10582939_rat2,Autologous transplantation of mesenchymal stem cells has better graft function than induction therapy with anti-interleukin-2 receptor antibodies.,"Also, during the 1-year follow-up, combined analysis of MSC-treated groups revealed significantly decreased risk of opportunistic infections than the control group (hazard ratio, 0.42; 95% CI, 0.20-0.85, P=.02) CONCLUSION Among patients undergoing renal transplant, the use of autologous MSCs compared with anti-IL-2 receptor antibody induction therapy resulted in lower incidence of acute rejection, decreased risk of opportunistic infection, and better estimated renal function at 1 year.",SUPPORTS,scifact,PubMed_10582939: Induction therapy with autologous mesenchymal stem cells in living-related kidney transplants: a randomized controlled trial.,"{""original_id"": 144, ""doc_id"": 10582939, ""doc_title"": ""Induction therapy with autologous mesenchymal stem cells in living-related kidney transplants: a randomized controlled trial."", ""sentence_indices"": [12], ""is_grounded"": true}"
scifact_train_149_doc6227220_rat0,Autophagy deficiency in the liver increases vulnerability to insulin resistance.,"Unexpectedly, these mice showed decreased fat mass and were protected from diet-induced obesity and insulin resistance; this phenotype was accompanied by increased fatty acid oxidation and browning of white adipose tissue (WAT) owing to induction of fibroblast growth factor 21 (Fgf21).",REFUTES,scifact,PubMed_6227220: Autophagy deficiency leads to protection from obesity and insulin resistance by inducing Fgf21 as a mitokine,"{""original_id"": 149, ""doc_id"": 6227220, ""doc_title"": ""Autophagy deficiency leads to protection from obesity and insulin resistance by inducing Fgf21 as a mitokine"", ""sentence_indices"": [2], ""is_grounded"": true}"
scifact_train_149_doc6227220_rat1,Autophagy deficiency in the liver increases vulnerability to insulin resistance.,"We also observed induction of Fgf21, resistance to diet-induced obesity and amelioration of insulin resistance in mice with autophagy deficiency in the liver, another insulin target tissue.",REFUTES,scifact,PubMed_6227220: Autophagy deficiency leads to protection from obesity and insulin resistance by inducing Fgf21 as a mitokine,"{""original_id"": 149, ""doc_id"": 6227220, ""doc_title"": ""Autophagy deficiency leads to protection from obesity and insulin resistance by inducing Fgf21 as a mitokine"", ""sentence_indices"": [5], ""is_grounded"": true}"
scifact_train_149_doc6227220_rat2,Autophagy deficiency in the liver increases vulnerability to insulin resistance.,"These findings suggest that autophagy deficiency and subsequent mitochondrial dysfunction promote Fgf21 expression, a hormone we consequently term a 'mitokine', and together these processes promote protection from diet-induced obesity and insulin resistance.",REFUTES,scifact,PubMed_6227220: Autophagy deficiency leads to protection from obesity and insulin resistance by inducing Fgf21 as a mitokine,"{""original_id"": 149, ""doc_id"": 6227220, ""doc_title"": ""Autophagy deficiency leads to protection from obesity and insulin resistance by inducing Fgf21 as a mitokine"", ""sentence_indices"": [6], ""is_grounded"": true}"
scifact_train_152_doc15488881_rat0,B cells go though plasmablast differentiation and antibody production by continuous expression of EBI2.,"Here, we show that expression of the orphan G protein-coupled receptor Epstein-Barr virus-induced gene 2 (EBI2, also known as GPR183) by activated B cells was essential for their movement to extrafollicular sites and induction of early plasmablast responses.",SUPPORTS,scifact,PubMed_15488881: Guidance of B cells by the orphan G protein-coupled receptor EBI2 shapes humoral immune responses.,"{""original_id"": 152, ""doc_id"": 15488881, ""doc_title"": ""Guidance of B cells by the orphan G protein-coupled receptor EBI2 shapes humoral immune responses."", ""sentence_indices"": [2], ""is_grounded"": true}"
scifact_train_152_doc15488881_rat1,B cells go though plasmablast differentiation and antibody production by continuous expression of EBI2.,EBI2 therefore provides a previously uncharacterized dimension to B cell migration that is crucial for coordinating rapid versus long-term antibody responses.,SUPPORTS,scifact,PubMed_15488881: Guidance of B cells by the orphan G protein-coupled receptor EBI2 shapes humoral immune responses.,"{""original_id"": 152, ""doc_id"": 15488881, ""doc_title"": ""Guidance of B cells by the orphan G protein-coupled receptor EBI2 shapes humoral immune responses."", ""sentence_indices"": [4], ""is_grounded"": true}"
scifact_train_153,B3-Galectin decreases cell resistance to tyrosine kinase inhibitors (TKIs) by engaging the alternate KRAS-RalB signaling complex downstream of EGFR.,,NOT_ENOUGH_INFO,scifact,Docs: 4702639,"{""original_id"": 153, ""cited_doc_ids"": [4702639], ""is_grounded"": false}"
scifact_train_154,B3-Galectin increases cell resistance to tyrosine kinase inhibitors (TKIs) by engaging the alternate KRAS-RalB signaling complex downstream of EGFR.,,NOT_ENOUGH_INFO,scifact,Docs: 4702639,"{""original_id"": 154, ""cited_doc_ids"": [4702639], ""is_grounded"": false}"
scifact_train_155_doc37549932_rat0,BCL-2 activation antagonizes the apoptotic effects of c-Myc.,"Eliminating BCL-2 yielded rapid loss of leukemic cells and significantly prolonged survival, formally validating BCL-2 as a rational target for cancer therapy.",SUPPORTS,scifact,PubMed_37549932: Antiapoptotic BCL-2 is required for maintenance of a model leukemia.,"{""original_id"": 155, ""doc_id"": 37549932, ""doc_title"": ""Antiapoptotic BCL-2 is required for maintenance of a model leukemia."", ""sentence_indices"": [3], ""is_grounded"": true}"
scifact_train_156_doc37549932_rat0,BCL-2 promotes the apoptotic effects of c-Myc.,"Eliminating BCL-2 yielded rapid loss of leukemic cells and significantly prolonged survival, formally validating BCL-2 as a rational target for cancer therapy.",REFUTES,scifact,PubMed_37549932: Antiapoptotic BCL-2 is required for maintenance of a model leukemia.,"{""original_id"": 156, ""doc_id"": 37549932, ""doc_title"": ""Antiapoptotic BCL-2 is required for maintenance of a model leukemia."", ""sentence_indices"": [3], ""is_grounded"": true}"
scifact_train_157_doc13439128_rat0,BLM gene encodes RecQ-class DNA helicase.,"cDNA analysis of the candidate gene identified a 4437 bp cDNA that encodes a 1417 amino acid peptide with homology to the RecQ helicases, a subfamily of DExH box-containing DNA and RNA helicases.",SUPPORTS,scifact,PubMed_13439128: The Bloom's syndrome gene product is homologous to RecQ helicases,"{""original_id"": 157, ""doc_id"": 13439128, ""doc_title"": ""The Bloom's syndrome gene product is homologous to RecQ helicases"", ""sentence_indices"": [3], ""is_grounded"": true}"
scifact_train_159_doc9394119_rat0,BRCA 1 mutation carriers' risk of breast and ovarian cancer depends on where the mutation is located.,Mutations conferring nonsense-mediated decay were associated with differential breast or ovarian cancer risks and an earlier age of breast cancer diagnosis for both BRCA1 and BRCA2 mutation carriers.,SUPPORTS,scifact,PubMed_9394119: Association of type and location of BRCA1 and BRCA2 mutations with risk of breast and ovarian cancer.,"{""original_id"": 159, ""doc_id"": 9394119, ""doc_title"": ""Association of type and location of BRCA1 and BRCA2 mutations with risk of breast and ovarian cancer."", ""sentence_indices"": [16], ""is_grounded"": true}"
scifact_train_159_doc9394119_rat1,BRCA 1 mutation carriers' risk of breast and ovarian cancer depends on where the mutation is located.,CONCLUSIONS AND RELEVANCE Breast and ovarian cancer risks varied by type and location of BRCA1/2 mutations.,SUPPORTS,scifact,PubMed_9394119: Association of type and location of BRCA1 and BRCA2 mutations with risk of breast and ovarian cancer.,"{""original_id"": 159, ""doc_id"": 9394119, ""doc_title"": ""Association of type and location of BRCA1 and BRCA2 mutations with risk of breast and ovarian cancer."", ""sentence_indices"": [17], ""is_grounded"": true}"
scifact_train_160_doc52874170_rat0,Bacterial meningitis can be diagnosed on the basis of positive cerebrospinal fluid (CSF) cultures.,"A CSF-blood glucose ratio of 0.4 or less (likelihood ratio [LR], 18; 95% CI, 12-27]), CSF white blood cell count of 500/muL or higher (LR, 15; 95% CI, 10-22), and CSF lactate level of 31.53 mg/dL or more (> or =3.5 mmol/L; LR, 21; 95% CI, 14-32) accurately diagnosed bacterial meningitis.",SUPPORTS,scifact,PubMed_52874170: How do I perform a lumbar puncture and analyze the results to diagnose bacterial meningitis?,"{""original_id"": 160, ""doc_id"": 52874170, ""doc_title"": ""How do I perform a lumbar puncture and analyze the results to diagnose bacterial meningitis?"", ""sentence_indices"": [14], ""is_grounded"": true}"
scifact_train_161,Bacteriophagaes MS2 and Qβ are members of the Leviviridae.,,NOT_ENOUGH_INFO,scifact,Docs: 6903077,"{""original_id"": 161, ""cited_doc_ids"": [6903077], ""is_grounded"": false}"
scifact_train_164_doc5824985_rat0,Bariatric surgery increases rates of colorectal cancer.,"No association was detected between bariatric surgery and fractures, cancer, or stroke.",SUPPORTS,scifact,PubMed_5824985: Bariatric Surgery in the United Kingdom: A Cohort Study of Weight Loss and Clinical Outcomes in Routine Clinical Care.,"{""original_id"": 164, ""doc_id"": 5824985, ""doc_title"": ""Bariatric Surgery in the United Kingdom: A Cohort Study of Weight Loss and Clinical Outcomes in Routine Clinical Care."", ""sentence_indices"": [11], ""is_grounded"": true}"
scifact_train_165_doc5824985_rat0,Bariatric surgery increases rates of postmenopausal breast cancer.,"No association was detected between bariatric surgery and fractures, cancer, or stroke.",SUPPORTS,scifact,PubMed_5824985: Bariatric Surgery in the United Kingdom: A Cohort Study of Weight Loss and Clinical Outcomes in Routine Clinical Care.,"{""original_id"": 165, ""doc_id"": 5824985, ""doc_title"": ""Bariatric Surgery in the United Kingdom: A Cohort Study of Weight Loss and Clinical Outcomes in Routine Clinical Care."", ""sentence_indices"": [11], ""is_grounded"": true}"
scifact_train_166_doc18872233_rat0,Bariatric surgery leads to negative outcomes in mental health.,"Bariatric surgery was, however, consistently associated with postoperative decreases in the prevalence of depression (7 studies; 8%-74% decrease) and the severity of depressive symptoms (6 studies; 40%-70% decrease).",REFUTES,scifact,PubMed_18872233: Mental Health Conditions Among Patients Seeking and Undergoing Bariatric Surgery: A Meta-analysis.,"{""original_id"": 166, ""doc_id"": 18872233, ""doc_title"": ""Mental Health Conditions Among Patients Seeking and Undergoing Bariatric Surgery: A Meta-analysis."", ""sentence_indices"": [9], ""is_grounded"": true}"
scifact_train_166_doc18872233_rat1,Bariatric surgery leads to negative outcomes in mental health.,Moderate-quality evidence supports an association between bariatric surgery and lower rates of depression postoperatively.,REFUTES,scifact,PubMed_18872233: Mental Health Conditions Among Patients Seeking and Undergoing Bariatric Surgery: A Meta-analysis.,"{""original_id"": 166, ""doc_id"": 18872233, ""doc_title"": ""Mental Health Conditions Among Patients Seeking and Undergoing Bariatric Surgery: A Meta-analysis."", ""sentence_indices"": [12], ""is_grounded"": true}"
scifact_train_167_doc18872233_rat0,Bariatric surgery leads to positive outcomes in mental health.,"Bariatric surgery was, however, consistently associated with postoperative decreases in the prevalence of depression (7 studies; 8%-74% decrease) and the severity of depressive symptoms (6 studies; 40%-70% decrease).",SUPPORTS,scifact,PubMed_18872233: Mental Health Conditions Among Patients Seeking and Undergoing Bariatric Surgery: A Meta-analysis.,"{""original_id"": 167, ""doc_id"": 18872233, ""doc_title"": ""Mental Health Conditions Among Patients Seeking and Undergoing Bariatric Surgery: A Meta-analysis."", ""sentence_indices"": [9], ""is_grounded"": true}"
scifact_train_167_doc18872233_rat1,Bariatric surgery leads to positive outcomes in mental health.,Moderate-quality evidence supports an association between bariatric surgery and lower rates of depression postoperatively.,SUPPORTS,scifact,PubMed_18872233: Mental Health Conditions Among Patients Seeking and Undergoing Bariatric Surgery: A Meta-analysis.,"{""original_id"": 167, ""doc_id"": 18872233, ""doc_title"": ""Mental Health Conditions Among Patients Seeking and Undergoing Bariatric Surgery: A Meta-analysis."", ""sentence_indices"": [12], ""is_grounded"": true}"
scifact_train_168_doc5824985_rat0,Bariatric surgery reduces colorectal cancer.,"No association was detected between bariatric surgery and fractures, cancer, or stroke.",REFUTES,scifact,PubMed_5824985: Bariatric Surgery in the United Kingdom: A Cohort Study of Weight Loss and Clinical Outcomes in Routine Clinical Care.,"{""original_id"": 168, ""doc_id"": 5824985, ""doc_title"": ""Bariatric Surgery in the United Kingdom: A Cohort Study of Weight Loss and Clinical Outcomes in Routine Clinical Care."", ""sentence_indices"": [11], ""is_grounded"": true}"
scifact_train_169_doc5824985_rat0,Bariatric surgery reduces postmenopausal breast cancer.,"No association was detected between bariatric surgery and fractures, cancer, or stroke.",REFUTES,scifact,PubMed_5824985: Bariatric Surgery in the United Kingdom: A Cohort Study of Weight Loss and Clinical Outcomes in Routine Clinical Care.,"{""original_id"": 169, ""doc_id"": 5824985, ""doc_title"": ""Bariatric Surgery in the United Kingdom: A Cohort Study of Weight Loss and Clinical Outcomes in Routine Clinical Care."", ""sentence_indices"": [11], ""is_grounded"": true}"
scifact_train_172_doc12670680_rat0,Basophils promote disease development in patients with systemic lupus erythematosus (SLE).,"We report that activation of basophils by autoreactive IgE causes their homing to lymph nodes, promoting T helper type 2 (T(H)2) cell differentiation and enhancing the production of self-reactive antibodies that cause lupus-like nephritis in mice lacking the Src family protein tyrosine kinase Lyn (Lyn(-/-) mice).",SUPPORTS,scifact,PubMed_12670680: BASOPHILS AND THE T HELPER 2 ENVIRONMENT CAN PROMOTE THE DEVELOPMENT OF LUPUS NEPHRITIS,"{""original_id"": 172, ""doc_id"": 12670680, ""doc_title"": ""BASOPHILS AND THE T HELPER 2 ENVIRONMENT CAN PROMOTE THE DEVELOPMENT OF LUPUS NEPHRITIS"", ""sentence_indices"": [1], ""is_grounded"": true}"
scifact_train_172_doc12670680_rat1,Basophils promote disease development in patients with systemic lupus erythematosus (SLE).,"Individuals with SLE also have elevated serum IgE, self-reactive IgEs and activated basophils that express CD62 ligand (CD62L) and the major histocompatibility complex (MHC) class II molecule human leukocyte antigen-DR (HLA-DR), parameters that are associated with increased disease activity and active lupus nephritis.",SUPPORTS,scifact,PubMed_12670680: BASOPHILS AND THE T HELPER 2 ENVIRONMENT CAN PROMOTE THE DEVELOPMENT OF LUPUS NEPHRITIS,"{""original_id"": 172, ""doc_id"": 12670680, ""doc_title"": ""BASOPHILS AND THE T HELPER 2 ENVIRONMENT CAN PROMOTE THE DEVELOPMENT OF LUPUS NEPHRITIS"", ""sentence_indices"": [2], ""is_grounded"": true}"
scifact_train_172_doc12670680_rat2,Basophils promote disease development in patients with systemic lupus erythematosus (SLE).,"Thus, in Lyn(-/-) mice, basophils and IgE autoantibodies amplify autoantibody production that leads to lupus nephritis, and in individuals with SLE IgE autoantibodies and activated basophils are factors associated with disease activity and nephritis.",SUPPORTS,scifact,PubMed_12670680: BASOPHILS AND THE T HELPER 2 ENVIRONMENT CAN PROMOTE THE DEVELOPMENT OF LUPUS NEPHRITIS,"{""original_id"": 172, ""doc_id"": 12670680, ""doc_title"": ""BASOPHILS AND THE T HELPER 2 ENVIRONMENT CAN PROMOTE THE DEVELOPMENT OF LUPUS NEPHRITIS"", ""sentence_indices"": [4], ""is_grounded"": true}"
scifact_train_173,Bcp1 is a chaperone for Rpl23.,,NOT_ENOUGH_INFO,scifact,Docs: 8126244,"{""original_id"": 173, ""cited_doc_ids"": [8126244], ""is_grounded"": false}"
scifact_train_174,Beta-band coherence is diminished for visible stimuli over invisible stimuli.,,NOT_ENOUGH_INFO,scifact,Docs: 1710116,"{""original_id"": 174, ""cited_doc_ids"": [1710116], ""is_grounded"": false}"
scifact_train_175,Beta-band coherence is enhanced for visible stimuli over invisible stimuli.,,NOT_ENOUGH_INFO,scifact,Docs: 1710116,"{""original_id"": 175, ""cited_doc_ids"": [1710116], ""is_grounded"": false}"
scifact_train_176,BiP is a general endoplasmic reticulum stress marker.,,NOT_ENOUGH_INFO,scifact,Docs: 32587939,"{""original_id"": 176, ""cited_doc_ids"": [32587939], ""is_grounded"": false}"
scifact_train_177_doc9669099_rat0,Binding of p53 to enhancer regions (p53BERs) regulates the activity of p53 transcription and cell cycle arrest through the production of p53-dependent eRNAs.,"Furthermore, p53BERs produce, in a p53-dependent manner, enhancer RNAs (eRNAs) that are required for efficient transcriptional enhancement of interacting target genes and induction of a p53-dependent cell-cycle arrest.",SUPPORTS,scifact,PubMed_9669099: eRNAs are required for p53-dependent enhancer activity and gene transcription.,"{""original_id"": 177, ""doc_id"": 9669099, ""doc_title"": ""eRNAs are required for p53-dependent enhancer activity and gene transcription."", ""sentence_indices"": [4], ""is_grounded"": true}"
scifact_train_177_doc9669099_rat1,Binding of p53 to enhancer regions (p53BERs) regulates the activity of p53 transcription and cell cycle arrest through the production of p53-dependent eRNAs.,"Moreover, eRNA production from p53BERs is required for efficient p53 transcription enhancement.",SUPPORTS,scifact,PubMed_9669099: eRNAs are required for p53-dependent enhancer activity and gene transcription.,"{""original_id"": 177, ""doc_id"": 9669099, ""doc_title"": ""eRNAs are required for p53-dependent enhancer activity and gene transcription."", ""sentence_indices"": [6], ""is_grounded"": true}"
scifact_train_178_doc16322674_rat0,Birth-weight is negatively associated with breast cancer.,"Birth weight was positively associated with breast cancer risk in studies based on birth records (pooled relative risk [RR] per one standard deviation [SD] [= 0.5 kg] increment in birth weight: 1.06; 95% confidence interval [CI] 1.02-1.09) and parental recall when the participants were children (1.02; 95% CI 0.99-1.05), but not in those based on adult self-reports, or maternal recall during the woman's adulthood (0.98; 95% CI 0.95-1.01) (p for heterogeneity between data sources = 0.003).",REFUTES,scifact,PubMed_16322674: Birth Size and Breast Cancer Risk: Re-analysis of Individual Participant Data from 32 Studies,"{""original_id"": 178, ""doc_id"": 16322674, ""doc_title"": ""Birth Size and Breast Cancer Risk: Re-analysis of Individual Participant Data from 32 Studies"", ""sentence_indices"": [5], ""is_grounded"": true}"
scifact_train_178_doc16322674_rat1,Birth-weight is negatively associated with breast cancer.,"Relative to women who weighed 3.000-3.499 kg, the risk was 0.96 (CI 0.80-1.16) in those who weighed < 2.500 kg, and 1.12 (95% CI 1.00-1.25) in those who weighed > or = 4.000 kg (p for linear trend = 0.001) in birth record data.",REFUTES,scifact,PubMed_16322674: Birth Size and Breast Cancer Risk: Re-analysis of Individual Participant Data from 32 Studies,"{""original_id"": 178, ""doc_id"": 16322674, ""doc_title"": ""Birth Size and Breast Cancer Risk: Re-analysis of Individual Participant Data from 32 Studies"", ""sentence_indices"": [6], ""is_grounded"": true}"
scifact_train_178_doc16322674_rat2,Birth-weight is negatively associated with breast cancer.,"CONCLUSIONS This pooled analysis of individual participant data is consistent with birth size, and in particular birth length, being an independent correlate of breast cancer risk in adulthood.",REFUTES,scifact,PubMed_16322674: Birth Size and Breast Cancer Risk: Re-analysis of Individual Participant Data from 32 Studies,"{""original_id"": 178, ""doc_id"": 16322674, ""doc_title"": ""Birth Size and Breast Cancer Risk: Re-analysis of Individual Participant Data from 32 Studies"", ""sentence_indices"": [11], ""is_grounded"": true}"
scifact_train_178_doc27123743_rat0,Birth-weight is negatively associated with breast cancer.,The relative risk estimate for breast cancer comparing women with high birthweight to women with low birthweight combining all studies including both pre- and postmenopausal breast cancer was 1.23 (95% confidence interval 1.13-1.34).,REFUTES,scifact,PubMed_27123743: Role of birthweight in the etiology of breast cancer.,"{""original_id"": 178, ""doc_id"": 27123743, ""doc_title"": ""Role of birthweight in the etiology of breast cancer."", ""sentence_indices"": [4], ""is_grounded"": true}"
scifact_train_178_doc23557241_rat0,Birth-weight is negatively associated with breast cancer.,"Increased risk of breast cancer was noted with increased birthweight (relative risk [RR] 1.15 [95% CI 1.09-1.21]), birth length (1.28 [1.11-1.48]), higher maternal age (1.13 [1.02-1.25]), and paternal age (1.12 [1.05-1.19]).",REFUTES,scifact,PubMed_23557241: Intrauterine factors and risk of breast cancer: a systematic review and meta-analysis of current evidence.,"{""original_id"": 178, ""doc_id"": 23557241, ""doc_title"": ""Intrauterine factors and risk of breast cancer: a systematic review and meta-analysis of current evidence."", ""sentence_indices"": [6], ""is_grounded"": true}"
scifact_train_178_doc17450673_rat0,Birth-weight is negatively associated with breast cancer.,"RESULTS We found that heavier birth weights were associated with increased breast cancer risk, with studies involving five categories of birth weight identifying odds ratios (ORs) of 1.24 (95% confidence interval [CI] 1.04 to 1.48) for 4,000 g or more and 1.15 (95% CI 1.04 to 1.26) for 3,500 g to 3,999 g, relative to a birth weight of 2,500 to 2,599 g. These studies provided no support for a J-shaped relationship of birthweight to risk.",REFUTES,scifact,PubMed_17450673: Intrauterine environments and breast cancer risk: meta-analysis and systematic review,"{""original_id"": 178, ""doc_id"": 17450673, ""doc_title"": ""Intrauterine environments and breast cancer risk: meta-analysis and systematic review"", ""sentence_indices"": [5], ""is_grounded"": true}"
scifact_train_178_doc17450673_rat1,Birth-weight is negatively associated with breast cancer.,CONCLUSION Our findings provide some support for the hypothesis that in utero exposures reflective of higher endogenous hormone levels could affect risk for development of breast cancer in adulthood.,REFUTES,scifact,PubMed_17450673: Intrauterine environments and breast cancer risk: meta-analysis and systematic review,"{""original_id"": 178, ""doc_id"": 17450673, ""doc_title"": ""Intrauterine environments and breast cancer risk: meta-analysis and systematic review"", ""sentence_indices"": [9], ""is_grounded"": true}"
scifact_train_181_doc16966326_rat0,Blocking the interaction between TDP-43 and respiratory complex I proteins ND3 and ND6 prevents TDP-43-induced neuronal loss.,"The suppression of TDP-43 mitochondrial localization abolishes WT and mutant TDP-43-induced mitochondrial dysfunction and neuronal loss, and improves phenotypes of transgenic mutant TDP-43 mice.",SUPPORTS,scifact,PubMed_16966326: The Inhibition of TDP-43 Mitochondrial Localization Blocks Its Neuronal Toxicity,"{""original_id"": 181, ""doc_id"": 16966326, ""doc_title"": ""The Inhibition of TDP-43 Mitochondrial Localization Blocks Its Neuronal Toxicity"", ""sentence_indices"": [5], ""is_grounded"": true}"
scifact_train_182,Bone Marrow (BM) transplantation is used to treat acute myeloid leukemia (AML),,NOT_ENOUGH_INFO,scifact,Docs: 11369420,"{""original_id"": 182, ""cited_doc_ids"": [11369420], ""is_grounded"": false}"
scifact_train_184_doc12827098_rat0,Bone marrow cells don't contribute to adult macrophage compartments.,"We also found that after bone marrow transplantation, host macrophages retained the capacity to expand when the development of donor macrophages was compromised.",SUPPORTS,scifact,PubMed_12827098: Tissue-resident macrophages self-maintain locally throughout adult life with minimal contribution from circulating monocytes.,"{""original_id"": 184, ""doc_id"": 12827098, ""doc_title"": ""Tissue-resident macrophages self-maintain locally throughout adult life with minimal contribution from circulating monocytes."", ""sentence_indices"": [3], ""is_grounded"": true}"
scifact_train_186,British female students are bullied more than British male students.,,NOT_ENOUGH_INFO,scifact,Docs: 16855829,"{""original_id"": 186, ""cited_doc_ids"": [16855829], ""is_grounded"": false}"
scifact_train_187,British male students are bullied more than British female students.,,NOT_ENOUGH_INFO,scifact,Docs: 16855829,"{""original_id"": 187, ""cited_doc_ids"": [16855829], ""is_grounded"": false}"
scifact_train_189_doc4421578_rat0,Broadly HIV-1 Neutralizing Antibodies (bnAb) 10EB have no affinity for phospholipids.,"In contrast to other neutralizing MPER antibodies, 10E8 did not bind phospholipids, was not autoreactive, and bound cell-surface envelope.",SUPPORTS,scifact,PubMed_4421578: Broad and potent neutralization of HIV-1 by a gp41-specific human antibody,"{""original_id"": 189, ""doc_id"": 4421578, ""doc_title"": ""Broad and potent neutralization of HIV-1 by a gp41-specific human antibody"", ""sentence_indices"": [3], ""is_grounded"": true}"
scifact_train_196_doc19313533_rat0,C2 works synergistically with A-769662 to activate dephosphorylated AMPK.,C2 acts synergistically with the drug A769662 to activate AMPK α1-containing complexes independent of upstream kinases.,SUPPORTS,scifact,PubMed_19313533: Structural basis of allosteric and synergistic activation of AMPK by furan-2-phosphonic derivative C2 binding.,"{""original_id"": 196, ""doc_id"": 19313533, ""doc_title"": ""Structural basis of allosteric and synergistic activation of AMPK by furan-2-phosphonic derivative C2 binding."", ""sentence_indices"": [3], ""is_grounded"": true}"
scifact_train_197_doc2177022_rat0,CCL19 is a ligand for CCR7.,"Soluble CCL21 functionally resembles the second CCR7 ligand, CCL19, which lacks anchoring residues and forms soluble gradients.",SUPPORTS,scifact,PubMed_2177022: Immobilized chemokine fields and soluble chemokine gradients cooperatively shape migration patterns of dendritic cells.,"{""original_id"": 197, ""doc_id"": 2177022, ""doc_title"": ""Immobilized chemokine fields and soluble chemokine gradients cooperatively shape migration patterns of dendritic cells."", ""sentence_indices"": [4], ""is_grounded"": true}"
scifact_train_199,CCL19 is predominantly present within dLNs.,,NOT_ENOUGH_INFO,scifact,Docs: 2177022,"{""original_id"": 199, ""cited_doc_ids"": [2177022], ""is_grounded"": false}"
scifact_train_200_doc18231807_rat0,"CD28 initiates tonic signaling in conventional T cells, which causes an exhaustion phenotype and limited efficiency.","We further determine that CD28 costimulation augments, whereas 4-1BB costimulation reduces, exhaustion induced by persistent CAR signaling.",SUPPORTS,scifact,PubMed_18231807: 4-1BB Costimulation Ameliorates T Cell Exhaustion Induced by Tonic Signaling of Chimeric Antigen Receptors,"{""original_id"": 200, ""doc_id"": 18231807, ""doc_title"": ""4-1BB Costimulation Ameliorates T Cell Exhaustion Induced by Tonic Signaling of Chimeric Antigen Receptors"", ""sentence_indices"": [4], ""is_grounded"": true}"
scifact_train_201_doc2462673_rat0,CD28 signals regulate trafficking of murine auto-reactive T cells into target tissues.,"Here, we demonstrate that the CD28 co-stimulatory pathway regulates the trafficking of self-reactive Ctla4(-/-) T cells to tissues.",SUPPORTS,scifact,PubMed_2462673: CD28 and ITK signals regulate autoreactive T cell trafficking,"{""original_id"": 201, ""doc_id"": 2462673, ""doc_title"": ""CD28 and ITK signals regulate autoreactive T cell trafficking"", ""sentence_indices"": [2], ""is_grounded"": true}"
scifact_train_201_doc2462673_rat1,CD28 signals regulate trafficking of murine auto-reactive T cells into target tissues.,Concurrent ablation of the CD28-activated Tec family kinase ITK does not block spontaneous T cell activation but instead causes self-reactive Ctla4(-/-) T cells to accumulate in secondary lymphoid organs.,SUPPORTS,scifact,PubMed_2462673: CD28 and ITK signals regulate autoreactive T cell trafficking,"{""original_id"": 201, ""doc_id"": 2462673, ""doc_title"": ""CD28 and ITK signals regulate autoreactive T cell trafficking"", ""sentence_indices"": [3], ""is_grounded"": true}"
scifact_train_203_doc9558539_rat0,CD44v6 is not associated with constitutive and reprogrammed cancer stem cells driving cancer metastasis.,"Here, we show that all colorectal cancer stem cells (CR-CSCs) express CD44v6, which is required for their migration and generation of metastatic tumors.",REFUTES,scifact,PubMed_9558539: CD44v6 is a marker of constitutive and reprogrammed cancer stem cells driving colon cancer metastasis.,"{""original_id"": 203, ""doc_id"": 9558539, ""doc_title"": ""CD44v6 is a marker of constitutive and reprogrammed cancer stem cells driving colon cancer metastasis."", ""sentence_indices"": [1], ""is_grounded"": true}"
scifact_train_203_doc9558539_rat1,CD44v6 is not associated with constitutive and reprogrammed cancer stem cells driving cancer metastasis.,"Cytokines hepatocyte growth factor (HGF), osteopontin (OPN), and stromal-derived factor 1α (SDF-1), secreted from tumor associated cells, increase CD44v6 expression in CR-CSCs by activating the Wnt/β-catenin pathway, which promotes migration and metastasis.",REFUTES,scifact,PubMed_9558539: CD44v6 is a marker of constitutive and reprogrammed cancer stem cells driving colon cancer metastasis.,"{""original_id"": 203, ""doc_id"": 9558539, ""doc_title"": ""CD44v6 is a marker of constitutive and reprogrammed cancer stem cells driving colon cancer metastasis."", ""sentence_indices"": [3], ""is_grounded"": true}"
scifact_train_203_doc9558539_rat2,CD44v6 is not associated with constitutive and reprogrammed cancer stem cells driving cancer metastasis.,"CD44v6(-) progenitor cells do not give rise to metastatic lesions but, when treated with cytokines, acquire CD44v6 expression and metastatic capacity.",REFUTES,scifact,PubMed_9558539: CD44v6 is a marker of constitutive and reprogrammed cancer stem cells driving colon cancer metastasis.,"{""original_id"": 203, ""doc_id"": 9558539, ""doc_title"": ""CD44v6 is a marker of constitutive and reprogrammed cancer stem cells driving colon cancer metastasis."", ""sentence_indices"": [4], ""is_grounded"": true}"
scifact_train_203_doc9558539_rat3,CD44v6 is not associated with constitutive and reprogrammed cancer stem cells driving cancer metastasis.,"Importantly, phosphatidylinositol 3-kinase (PI3K) inhibition selectively killed CD44v6 CR-CSCs and reduced metastatic growth.",REFUTES,scifact,PubMed_9558539: CD44v6 is a marker of constitutive and reprogrammed cancer stem cells driving colon cancer metastasis.,"{""original_id"": 203, ""doc_id"": 9558539, ""doc_title"": ""CD44v6 is a marker of constitutive and reprogrammed cancer stem cells driving colon cancer metastasis."", ""sentence_indices"": [5], ""is_grounded"": true}"
scifact_train_203_doc9558539_rat4,CD44v6 is not associated with constitutive and reprogrammed cancer stem cells driving cancer metastasis.,"Thus, the metastatic process in colorectal cancer is initiated by CSCs through the expression of CD44v6, which is both a functional biomarker and therapeutic target.",REFUTES,scifact,PubMed_9558539: CD44v6 is a marker of constitutive and reprogrammed cancer stem cells driving colon cancer metastasis.,"{""original_id"": 203, ""doc_id"": 9558539, ""doc_title"": ""CD44v6 is a marker of constitutive and reprogrammed cancer stem cells driving colon cancer metastasis."", ""sentence_indices"": [7], ""is_grounded"": true}"
scifact_train_204,CDK6 shows impaired binding to loss-of-function variants of p18 INK4C.,,NOT_ENOUGH_INFO,scifact,Docs: 7898952,"{""original_id"": 204, ""cited_doc_ids"": [7898952], ""is_grounded"": false}"
scifact_train_205,CDK6 shows improved binding to loss-of-function variants of p18 INK4C.,,NOT_ENOUGH_INFO,scifact,"Docs: 7898952,470625","{""original_id"": 205, ""cited_doc_ids"": [7898952, 470625], ""is_grounded"": false}"
scifact_train_209,CHOP is a general endoplasmic reticulum stress marker.,,NOT_ENOUGH_INFO,scifact,Docs: 32587939,"{""original_id"": 209, ""cited_doc_ids"": [32587939], ""is_grounded"": false}"
scifact_train_210_doc13794374_rat0,COPI coatmer is involved in lipid homeostasis.,"Those include the vesicle-mediated Coat Protein Complex I (COPI) transport complex, which is required for limiting lipid storage.",SUPPORTS,scifact,PubMed_13794374: COPI Complex Is a Regulator of Lipid Homeostasis,"{""original_id"": 210, ""doc_id"": 13794374, ""doc_title"": ""COPI Complex Is a Regulator of Lipid Homeostasis"", ""sentence_indices"": [3], ""is_grounded"": true}"
scifact_train_210_doc13794374_rat1,COPI coatmer is involved in lipid homeostasis.,"We found that COPI components regulate the PAT protein composition at the lipid droplet surface, and promote the association of adipocyte triglyceride lipase (ATGL) with the lipid droplet surface to mediate lipolysis.",SUPPORTS,scifact,PubMed_13794374: COPI Complex Is a Regulator of Lipid Homeostasis,"{""original_id"": 210, ""doc_id"": 13794374, ""doc_title"": ""COPI Complex Is a Regulator of Lipid Homeostasis"", ""sentence_indices"": [4], ""is_grounded"": true}"
scifact_train_210_doc13794374_rat2,COPI coatmer is involved in lipid homeostasis.,"These data indicate that the COPI complex is an evolutionarily conserved regulator of lipid homeostasis, and highlight an interaction between vesicle transport systems and lipid droplets.",SUPPORTS,scifact,PubMed_13794374: COPI Complex Is a Regulator of Lipid Homeostasis,"{""original_id"": 210, ""doc_id"": 13794374, ""doc_title"": ""COPI Complex Is a Regulator of Lipid Homeostasis"", ""sentence_indices"": [7], ""is_grounded"": true}"
scifact_train_211,COPI coatmer is involved in viral replication.,,NOT_ENOUGH_INFO,scifact,Docs: 13794374,"{""original_id"": 211, ""cited_doc_ids"": [13794374], ""is_grounded"": false}"
scifact_train_214,CRP is positively correlated with postoperative mortality following Coronary Artery Bypass Graft (CABG) surgery.,,NOT_ENOUGH_INFO,scifact,Docs: 13625993,"{""original_id"": 214, ""cited_doc_ids"": [13625993], ""is_grounded"": false}"
scifact_train_220_doc19205437_rat0,Ca2+ cycling controls whole-body energy homeostasis in beige fat.,"Conversely, enhanced Ca2+ cycling by activation of α1- and/or β3-adrenergic receptors or the SERCA2b-RyR2 pathway stimulates UCP1-independent thermogenesis in beige adipocytes. In the absence of UCP1, beige fat dynamically expends glucose through enhanced glycolysis, tricarboxylic acid metabolism and pyruvate dehydrogenase activity for ATP-dependent thermogenesis through the SERCA2b pathway; beige fat thereby functions as a 'glucose sink' and improves glucose tolerance independently of body weight loss.",SUPPORTS,scifact,PubMed_19205437: UCP1-independent signaling involving SERCA2b-mediated calcium cycling regulates beige fat thermogenesis and systemic glucose homeostasis,"{""original_id"": 220, ""doc_id"": 19205437, ""doc_title"": ""UCP1-independent signaling involving SERCA2b-mediated calcium cycling regulates beige fat thermogenesis and systemic glucose homeostasis"", ""sentence_indices"": [3, 4], ""is_grounded"": true}"
scifact_train_220_doc19205437_rat1,Ca2+ cycling controls whole-body energy homeostasis in beige fat.,Our study uncovers a noncanonical thermogenic mechanism through which beige fat controls whole-body energy homeostasis via Ca2+ cycling.,SUPPORTS,scifact,PubMed_19205437: UCP1-independent signaling involving SERCA2b-mediated calcium cycling regulates beige fat thermogenesis and systemic glucose homeostasis,"{""original_id"": 220, ""doc_id"": 19205437, ""doc_title"": ""UCP1-independent signaling involving SERCA2b-mediated calcium cycling regulates beige fat thermogenesis and systemic glucose homeostasis"", ""sentence_indices"": [5], ""is_grounded"": true}"
scifact_train_221_doc19205437_rat0,Ca2+ cycling is a UCP1-dependent thermogenic mechanism.,Here we report a robust UCP1-independent thermogenic mechanism in beige fat that involves enhanced ATP-dependent Ca2+ cycling by sarco/endoplasmic reticulum Ca2+-ATPase 2b (SERCA2b) and ryanodine receptor 2 (RyR2).,REFUTES,scifact,PubMed_19205437: UCP1-independent signaling involving SERCA2b-mediated calcium cycling regulates beige fat thermogenesis and systemic glucose homeostasis,"{""original_id"": 221, ""doc_id"": 19205437, ""doc_title"": ""UCP1-independent signaling involving SERCA2b-mediated calcium cycling regulates beige fat thermogenesis and systemic glucose homeostasis"", ""sentence_indices"": [1], ""is_grounded"": true}"
scifact_train_221_doc19205437_rat1,Ca2+ cycling is a UCP1-dependent thermogenic mechanism.,"Conversely, enhanced Ca2+ cycling by activation of α1- and/or β3-adrenergic receptors or the SERCA2b-RyR2 pathway stimulates UCP1-independent thermogenesis in beige adipocytes.",REFUTES,scifact,PubMed_19205437: UCP1-independent signaling involving SERCA2b-mediated calcium cycling regulates beige fat thermogenesis and systemic glucose homeostasis,"{""original_id"": 221, ""doc_id"": 19205437, ""doc_title"": ""UCP1-independent signaling involving SERCA2b-mediated calcium cycling regulates beige fat thermogenesis and systemic glucose homeostasis"", ""sentence_indices"": [3], ""is_grounded"": true}"
scifact_train_222_doc19205437_rat0,Ca2+ cycling is a UCP1-independent thermogenic mechanism.,Here we report a robust UCP1-independent thermogenic mechanism in beige fat that involves enhanced ATP-dependent Ca2+ cycling by sarco/endoplasmic reticulum Ca2+-ATPase 2b (SERCA2b) and ryanodine receptor 2 (RyR2).,SUPPORTS,scifact,PubMed_19205437: UCP1-independent signaling involving SERCA2b-mediated calcium cycling regulates beige fat thermogenesis and systemic glucose homeostasis,"{""original_id"": 222, ""doc_id"": 19205437, ""doc_title"": ""UCP1-independent signaling involving SERCA2b-mediated calcium cycling regulates beige fat thermogenesis and systemic glucose homeostasis"", ""sentence_indices"": [1], ""is_grounded"": true}"
scifact_train_222_doc19205437_rat1,Ca2+ cycling is a UCP1-independent thermogenic mechanism.,"Conversely, enhanced Ca2+ cycling by activation of α1- and/or β3-adrenergic receptors or the SERCA2b-RyR2 pathway stimulates UCP1-independent thermogenesis in beige adipocytes.",SUPPORTS,scifact,PubMed_19205437: UCP1-independent signaling involving SERCA2b-mediated calcium cycling regulates beige fat thermogenesis and systemic glucose homeostasis,"{""original_id"": 222, ""doc_id"": 19205437, ""doc_title"": ""UCP1-independent signaling involving SERCA2b-mediated calcium cycling regulates beige fat thermogenesis and systemic glucose homeostasis"", ""sentence_indices"": [3], ""is_grounded"": true}"
scifact_train_223_doc2014909_rat0,Cancer cells can stimulate the accumulation of intra-tumoural myeloid-derived suppressor cells by promoting granulocyte colony stimulating factor production.,"Here, integrating human tumour genomics and syngeneic mammary tumour models, we demonstrate that mTOR signalling in cancer cells dictates a mammary tumour's ability to stimulate MDSC accumulation through regulating G-CSF.",SUPPORTS,scifact,PubMed_2014909: Oncogenic mTOR signaling recruits myeloid-derived suppressor cells to promote tumor initiation,"{""original_id"": 223, ""doc_id"": 2014909, ""doc_title"": ""Oncogenic mTOR signaling recruits myeloid-derived suppressor cells to promote tumor initiation"", ""sentence_indices"": [2], ""is_grounded"": true}"
scifact_train_224,Cancer-associated fibroblasts (CAFs) are constituents of tumor microenvironments,,NOT_ENOUGH_INFO,scifact,Docs: 6944800,"{""original_id"": 224, ""cited_doc_ids"": [6944800], ""is_grounded"": false}"
scifact_train_225,Cancer-associated fibroblasts (CAFs) have no known interaction with cancer cells in the formation and activation of CAFs.,,NOT_ENOUGH_INFO,scifact,Docs: 6944800,"{""original_id"": 225, ""cited_doc_ids"": [6944800], ""is_grounded"": false}"
scifact_train_226,Cancer-associated fibroblasts (CAFs) interact with cancer cells to mediate formation and activation of CAFs.,,NOT_ENOUGH_INFO,scifact,Docs: 6944800,"{""original_id"": 226, ""cited_doc_ids"": [6944800], ""is_grounded"": false}"
scifact_train_227_doc26973393_rat0,Cancers that initially benefit from epidermal growth factor receptor targeted therapies later become refractory through several mechanisms.,"All patients with metastatic lung, colorectal, pancreatic or head and neck cancers who initially benefit from epidermal growth factor receptor (EGFR)-targeted therapies eventually develop resistance.",SUPPORTS,scifact,PubMed_26973393: The quest to overcome resistance to EGFR-targeted therapies in cancer,"{""original_id"": 227, ""doc_id"": 26973393, ""doc_title"": ""The quest to overcome resistance to EGFR-targeted therapies in cancer"", ""sentence_indices"": [0], ""is_grounded"": true}"
scifact_train_228_doc4928057_rat0,Cardiac tissue-resident macrophages directly contribute to electrical activity.,"Here, we show that cardiac macrophages facilitate electrical conduction through the distal atrioventricular node, where conducting cells densely intersperse with elongated macrophages expressing connexin 43.",SUPPORTS,scifact,PubMed_4928057: Macrophages Facilitate Electrical Conduction in the Heart,"{""original_id"": 228, ""doc_id"": 4928057, ""doc_title"": ""Macrophages Facilitate Electrical Conduction in the Heart"", ""sentence_indices"": [1], ""is_grounded"": true}"
scifact_train_228_doc4928057_rat1,Cardiac tissue-resident macrophages directly contribute to electrical activity.,"Conversely, macrophages render the resting membrane potential of cardiomyocytes more positive and, according to computational modeling, accelerate their repolarization.",SUPPORTS,scifact,PubMed_4928057: Macrophages Facilitate Electrical Conduction in the Heart,"{""original_id"": 228, ""doc_id"": 4928057, ""doc_title"": ""Macrophages Facilitate Electrical Conduction in the Heart"", ""sentence_indices"": [3], ""is_grounded"": true}"
scifact_train_228_doc4928057_rat2,Cardiac tissue-resident macrophages directly contribute to electrical activity.,"Photostimulation of channelrhodopsin-2-expressing macrophages improves atrioventricular conduction, whereas conditional deletion of connexin 43 in macrophages and congenital lack of macrophages delay atrioventricular conduction.",SUPPORTS,scifact,PubMed_4928057: Macrophages Facilitate Electrical Conduction in the Heart,"{""original_id"": 228, ""doc_id"": 4928057, ""doc_title"": ""Macrophages Facilitate Electrical Conduction in the Heart"", ""sentence_indices"": [4], ""is_grounded"": true}"
scifact_train_228_doc4928057_rat3,Cardiac tissue-resident macrophages directly contribute to electrical activity.,These observations implicate macrophages in normal and aberrant cardiac conduction.,SUPPORTS,scifact,PubMed_4928057: Macrophages Facilitate Electrical Conduction in the Heart,"{""original_id"": 228, ""doc_id"": 4928057, ""doc_title"": ""Macrophages Facilitate Electrical Conduction in the Heart"", ""sentence_indices"": [6], ""is_grounded"": true}"
scifact_train_229,Carriers of HNF4A mutations are at reduced risk for diabetes.,,NOT_ENOUGH_INFO,scifact,Docs: 56893404,"{""original_id"": 229, ""cited_doc_ids"": [56893404], ""is_grounded"": false}"
scifact_train_235_doc4388470_rat0,Cell autonomous sex determination in somatic cells occurs in Galliformes.,"These studies demonstrated that gynandromorph birds are genuine male:female chimaeras, and indicated that male and female avian somatic cells may have an inherent sex identity.",SUPPORTS,scifact,PubMed_4388470: Somatic sex identity is cell-autonomous in the chicken,"{""original_id"": 235, ""doc_id"": 4388470, ""doc_title"": ""Somatic sex identity is cell-autonomous in the chicken"", ""sentence_indices"": [3], ""is_grounded"": true}"
scifact_train_235_doc4388470_rat1,Cell autonomous sex determination in somatic cells occurs in Galliformes.,"In an example where female tissue was transplanted into a male host, donor cells contributing to the developing testis retained a female identity and expressed a marker of female function.",SUPPORTS,scifact,PubMed_4388470: Somatic sex identity is cell-autonomous in the chicken,"{""original_id"": 235, ""doc_id"": 4388470, ""doc_title"": ""Somatic sex identity is cell-autonomous in the chicken"", ""sentence_indices"": [6], ""is_grounded"": true}"
scifact_train_235_doc4388470_rat2,Cell autonomous sex determination in somatic cells occurs in Galliformes.,"Our study demonstrates that avian somatic cells possess an inherent sex identity and that, in birds, sexual differentiation is substantively cell autonomous.",SUPPORTS,scifact,PubMed_4388470: Somatic sex identity is cell-autonomous in the chicken,"{""original_id"": 235, ""doc_id"": 4388470, ""doc_title"": ""Somatic sex identity is cell-autonomous in the chicken"", ""sentence_indices"": [7], ""is_grounded"": true}"
scifact_train_241_doc2212067_rat0,Cellular clocks are associated with mitosis timing in NIH 3T3 cells.,"The analysis of thousands of circadian cycles in dividing cells clearly indicated that both oscillators tick in a 1:1 mode-locked state, with cell divisions occurring tightly 5 h before the peak in circadian Rev-Erbα-YFP reporter expression.",SUPPORTS,scifact,PubMed_2212067: Robust synchronization of coupled circadian and cell cycle oscillators in single mammalian cells,"{""original_id"": 241, ""doc_id"": 2212067, ""doc_title"": ""Robust synchronization of coupled circadian and cell cycle oscillators in single mammalian cells"", ""sentence_indices"": [3], ""is_grounded"": true}"
scifact_train_242_doc2212067_rat0,Cellular clocks are not predictive of mitosis timing in NIH 3T3 cells.,"The analysis of thousands of circadian cycles in dividing cells clearly indicated that both oscillators tick in a 1:1 mode-locked state, with cell divisions occurring tightly 5 h before the peak in circadian Rev-Erbα-YFP reporter expression.",REFUTES,scifact,PubMed_2212067: Robust synchronization of coupled circadian and cell cycle oscillators in single mammalian cells,"{""original_id"": 242, ""doc_id"": 2212067, ""doc_title"": ""Robust synchronization of coupled circadian and cell cycle oscillators in single mammalian cells"", ""sentence_indices"": [3], ""is_grounded"": true}"
scifact_train_243_doc8148122_rat0,"Cellular differentiation of embryonic stem cells is accompanied by changes in replication timing, transcription and nuclear localization.","Replication-timing changes were coordinated with transcription changes for weak promoters more than strong promoters, and were accompanied by rearrangements in subnuclear position.",SUPPORTS,scifact,PubMed_8148122: Global Reorganization of Replication Domains During Embryonic Stem Cell Differentiation,"{""original_id"": 243, ""doc_id"": 8148122, ""doc_title"": ""Global Reorganization of Replication Domains During Embryonic Stem Cell Differentiation"", ""sentence_indices"": [7], ""is_grounded"": true}"
scifact_train_244,Certain immunomodulator-human dialyzable leukocyte extract (hDLE) peptides are recognized by toll-like receptors (TLRs) on macrophages and dendritic cells.,,NOT_ENOUGH_INFO,scifact,Docs: 21498497,"{""original_id"": 244, ""cited_doc_ids"": [21498497], ""is_grounded"": false}"
scifact_train_245_doc3430789_rat0,Charcoal is an effective treatment for acute paraquat poisoning.,Activated charcoal hemoperfusion had little effect on avoiding acute kidney injury in patients with severe PQ poisoning.,REFUTES,scifact,PubMed_3430789: Effect of activated charcoal hemoperfusion on renal function in patients with paraquat poisoning.,"{""original_id"": 245, ""doc_id"": 3430789, ""doc_title"": ""Effect of activated charcoal hemoperfusion on renal function in patients with paraquat poisoning."", ""sentence_indices"": [8], ""is_grounded"": true}"
scifact_train_246_doc3430789_rat0,Charcoal shows no benefit for acute paraquat poisoning.,Activated charcoal hemoperfusion had little effect on avoiding acute kidney injury in patients with severe PQ poisoning.,SUPPORTS,scifact,PubMed_3430789: Effect of activated charcoal hemoperfusion on renal function in patients with paraquat poisoning.,"{""original_id"": 246, ""doc_id"": 3430789, ""doc_title"": ""Effect of activated charcoal hemoperfusion on renal function in patients with paraquat poisoning."", ""sentence_indices"": [8], ""is_grounded"": true}"
scifact_train_247,Chemical injury represses transglutaminase 2 activity.,,NOT_ENOUGH_INFO,scifact,Docs: 13578199,"{""original_id"": 247, ""cited_doc_ids"": [13578199], ""is_grounded"": false}"
scifact_train_250_doc1568684_rat0,Chenodeoxycholic acid treatment decreases brown adipose tissue activity.,Treatment of 12 healthy female subjects with CDCA for 2 days resulted in increased BAT activity.,REFUTES,scifact,PubMed_1568684: The Bile Acid Chenodeoxycholic Acid Increases Human Brown Adipose Tissue Activity.,"{""original_id"": 250, ""doc_id"": 1568684, ""doc_title"": ""The Bile Acid Chenodeoxycholic Acid Increases Human Brown Adipose Tissue Activity."", ""sentence_indices"": [3], ""is_grounded"": true}"
scifact_train_251_doc1568684_rat0,Chenodeoxycholic acid treatment increases brown adipose tissue activity.,Treatment of 12 healthy female subjects with CDCA for 2 days resulted in increased BAT activity.,SUPPORTS,scifact,PubMed_1568684: The Bile Acid Chenodeoxycholic Acid Increases Human Brown Adipose Tissue Activity.,"{""original_id"": 251, ""doc_id"": 1568684, ""doc_title"": ""The Bile Acid Chenodeoxycholic Acid Increases Human Brown Adipose Tissue Activity."", ""sentence_indices"": [3], ""is_grounded"": true}"
scifact_train_253,Chinese individuals with TT homozygosity in the MTHFR gene are less vulnerable to strokes caused by low levels of folate intake.,,NOT_ENOUGH_INFO,scifact,Docs: 37424881,"{""original_id"": 253, ""cited_doc_ids"": [37424881], ""is_grounded"": false}"
scifact_train_254,Chinese individuals with TT homozygosity in the MTHFR gene are more vulnerable to strokes caused by low levels of folate intake.,,NOT_ENOUGH_INFO,scifact,Docs: 37424881,"{""original_id"": 254, ""cited_doc_ids"": [37424881], ""is_grounded"": false}"
scifact_train_255,Chlamydia trachomatis is most prevalent in the UK among individuals in their 50s and 60s.,,NOT_ENOUGH_INFO,scifact,Docs: 5850219,"{""original_id"": 255, ""cited_doc_ids"": [5850219], ""is_grounded"": false}"
scifact_train_256_doc5850219_rat0,Chlamydia trachomatis is most prevalent in the UK among sexually-experienced individuals aged 16 to 24.,Prevalences in individuals aged 16-24 years were 3·1% (2·2-4·3) in women and 2·3% (1·5-3·4) in men.,SUPPORTS,scifact,"PubMed_5850219: Prevalence, risk factors, and uptake of interventions for sexually transmitted infections in Britain: findings from the National Surveys of Sexual Attitudes and Lifestyles (Natsal)","{""original_id"": 256, ""doc_id"": 5850219, ""doc_title"": ""Prevalence, risk factors, and uptake of interventions for sexually transmitted infections in Britain: findings from the National Surveys of Sexual Attitudes and Lifestyles (Natsal)"", ""sentence_indices"": [10], ""is_grounded"": true}"
scifact_train_258_doc22080671_rat0,"Cholesterol loading induces KLF4 expression in VSMCs, resulting in the expression of pro-inflammatory cytokines.","On the basis of in vivo KLF4 chromatin immunoprecipitation-sequencing (ChIP-seq) analyses and studies of cholesterol-treated cultured SMCs, we identified >800 KLF4 target genes, including many that regulate pro-inflammatory responses of SMCs. Our findings indicate that the contribution of SMCs to atherosclerotic plaques has been greatly underestimated, and that KLF4-dependent transitions in SMC phenotype are critical in lesion pathogenesis.",SUPPORTS,scifact,PubMed_22080671: KLF4-dependent phenotypic modulation of smooth muscle cells has a key role in atherosclerotic plaque pathogenesis,"{""original_id"": 258, ""doc_id"": 22080671, ""doc_title"": ""KLF4-dependent phenotypic modulation of smooth muscle cells has a key role in atherosclerotic plaque pathogenesis"", ""sentence_indices"": [4, 5], ""is_grounded"": true}"
scifact_train_259,Chronic HIV stimulation of B cells leads to the premature exhaustion of B cells.,,NOT_ENOUGH_INFO,scifact,Docs: 8883846,"{""original_id"": 259, ""cited_doc_ids"": [8883846], ""is_grounded"": false}"
scifact_train_262,Cis-acting lncRNAs control the expression of genes that are positioned in the vicinity of their transcription sites.,,NOT_ENOUGH_INFO,scifact,Docs: 14610165,"{""original_id"": 262, ""cited_doc_ids"": [14610165], ""is_grounded"": false}"
scifact_train_263_doc11328820_rat0,Citrullinated proteins externalized in neutrophil extracellular traps act indirectly to disrupt the inflammatory cycle.,"Indeed, during NETosis, neutrophils externalized the citrullinated autoantigens implicated in RA pathogenesis, and anti-citrullinated vimentin antibodies potently induced NET formation. In turn, NETs significantly augmented inflammatory responses in RA and OA synovial fibroblasts, including induction of IL-6, IL-8, chemokines, and adhesion molecules.",REFUTES,scifact,PubMed_11328820: NETs are a source of citrullinated autoantigens and stimulate inflammatory responses in rheumatoid arthritis.,"{""original_id"": 263, ""doc_id"": 11328820, ""doc_title"": ""NETs are a source of citrullinated autoantigens and stimulate inflammatory responses in rheumatoid arthritis."", ""sentence_indices"": [7, 9], ""is_grounded"": true}"
scifact_train_263_doc30041340_rat0,Citrullinated proteins externalized in neutrophil extracellular traps act indirectly to disrupt the inflammatory cycle.,"BACKGROUND Histone deimination regulates gene function and contributes to antimicrobial response, allowing the formation of neutrophil extracellular traps (NETs). Deiminated proteins are target of anti-citrullinated peptides antibodies (ACPA) in rheumatoid arthritis (RA).",REFUTES,scifact,PubMed_30041340: Antibodies from patients with rheumatoid arthritis target citrullinated histone 4 contained in neutrophils extracellular traps.,"{""original_id"": 263, ""doc_id"": 30041340, ""doc_title"": ""Antibodies from patients with rheumatoid arthritis target citrullinated histone 4 contained in neutrophils extracellular traps."", ""sentence_indices"": [0, 1], ""is_grounded"": true}"
scifact_train_263_doc30041340_rat1,Citrullinated proteins externalized in neutrophil extracellular traps act indirectly to disrupt the inflammatory cycle.,"CONCLUSIONS Citrullinated H4 from activated neutrophils and NETs is a target of antibodies in RA, and synthetic citrullinated H4-derived peptides are a new substrate for ACPA detection.",REFUTES,scifact,PubMed_30041340: Antibodies from patients with rheumatoid arthritis target citrullinated histone 4 contained in neutrophils extracellular traps.,"{""original_id"": 263, ""doc_id"": 30041340, ""doc_title"": ""Antibodies from patients with rheumatoid arthritis target citrullinated histone 4 contained in neutrophils extracellular traps."", ""sentence_indices"": [11], ""is_grounded"": true}"
scifact_train_264_doc11328820_rat0,Citrullinated proteins externalized in neutrophil extracellular traps act indirectly to perpetuate the inflammatory cycle via induction of autoantibodies.,"Indeed, during NETosis, neutrophils externalized the citrullinated autoantigens implicated in RA pathogenesis, and anti-citrullinated vimentin antibodies potently induced NET formation. Moreover, the inflammatory cytokines interleukin-17A (IL-17A) and tumor necrosis factor-α (TNF-α) induced NETosis in RA neutrophils. In turn, NETs significantly augmented inflammatory responses in RA and OA synovial fibroblasts, including induction of IL-6, IL-8, chemokines, and adhesion molecules. These observations implicate accelerated NETosis in RA pathogenesis, through externalization of citrullinated autoantigens and immunostimulatory molecules that may promote aberrant adaptive and innate immune responses in the joint and in the periphery, and perpetuate pathogenic mechanisms in this disease.",SUPPORTS,scifact,PubMed_11328820: NETs are a source of citrullinated autoantigens and stimulate inflammatory responses in rheumatoid arthritis.,"{""original_id"": 264, ""doc_id"": 11328820, ""doc_title"": ""NETs are a source of citrullinated autoantigens and stimulate inflammatory responses in rheumatoid arthritis."", ""sentence_indices"": [7, 8, 9, 10], ""is_grounded"": true}"
scifact_train_265_doc2033917_rat0,Clathrin stabilizes the spindle fiber apparatus during mitosis.,"Here, we show that clathrin stabilizes fibres of the mitotic spindle to aid congression of chromosomes.",SUPPORTS,scifact,PubMed_2033917: Clathrin is required for the function of the mitotic spindle,"{""original_id"": 265, ""doc_id"": 2033917, ""doc_title"": ""Clathrin is required for the function of the mitotic spindle"", ""sentence_indices"": [2], ""is_grounded"": true}"
scifact_train_265_doc2033917_rat1,Clathrin stabilizes the spindle fiber apparatus during mitosis.,"Depletion of clathrin heavy chain using RNA interference prolonged mitosis; kinetochore fibres were destabilized, leading to defective congression of chromosomes to the metaphase plate and persistent activation of the spindle checkpoint.",SUPPORTS,scifact,PubMed_2033917: Clathrin is required for the function of the mitotic spindle,"{""original_id"": 265, ""doc_id"": 2033917, ""doc_title"": ""Clathrin is required for the function of the mitotic spindle"", ""sentence_indices"": [4], ""is_grounded"": true}"
scifact_train_265_doc2033917_rat2,Clathrin stabilizes the spindle fiber apparatus during mitosis.,"Normal mitosis was rescued by clathrin triskelia but not the N-terminal domain of clathrin heavy chain, indicating that stabilization of kinetochore fibres was dependent on the unique structure of clathrin.",SUPPORTS,scifact,PubMed_2033917: Clathrin is required for the function of the mitotic spindle,"{""original_id"": 265, ""doc_id"": 2033917, ""doc_title"": ""Clathrin is required for the function of the mitotic spindle"", ""sentence_indices"": [5], ""is_grounded"": true}"
scifact_train_266_doc22405338_rat0,Cnn1 recruitment varies with cell cycle timing.,Cnn1 regulates KMN activity in a spatiotemporal manner by inhibiting the interaction between its complexes.,SUPPORTS,scifact,PubMed_22405338: Cnn1 inhibits the interactions between the KMN complexes of the yeast kinetochore,"{""original_id"": 266, ""doc_id"": 22405338, ""doc_title"": ""Cnn1 inhibits the interactions between the KMN complexes of the yeast kinetochore"", ""sentence_indices"": [5], ""is_grounded"": true}"
scifact_train_266_doc22405338_rat1,Cnn1 recruitment varies with cell cycle timing.,"Cnn1 activity peaks in anaphase and is driven by the Cdc28, Mps1 and Ipl1 kinases.",SUPPORTS,scifact,PubMed_22405338: Cnn1 inhibits the interactions between the KMN complexes of the yeast kinetochore,"{""original_id"": 266, ""doc_id"": 22405338, ""doc_title"": ""Cnn1 inhibits the interactions between the KMN complexes of the yeast kinetochore"", ""sentence_indices"": [6], ""is_grounded"": true}"
scifact_train_267_doc5912283_rat0,Cognitive behavioral therapy is an ineffective treatment for insomnia,RESULTS CBT resulted in improved short- and long-term outcomes compared with zopiclone on 3 out of 4 outcome measures.,REFUTES,scifact,PubMed_5912283: Cognitive behavioral therapy vs zopiclone for treatment of chronic primary insomnia in older adults: a randomized controlled trial.,"{""original_id"": 267, ""doc_id"": 5912283, ""doc_title"": ""Cognitive behavioral therapy vs zopiclone for treatment of chronic primary insomnia in older adults: a randomized controlled trial."", ""sentence_indices"": [7], ""is_grounded"": true}"
scifact_train_267_doc5912283_rat1,Cognitive behavioral therapy is an ineffective treatment for insomnia,Participants receiving CBT improved their sleep efficiency from 81.4% at pretreatment to 90.1% at 6-month follow-up compared with a decrease from 82.3% to 81.9% in the zopiclone group.,REFUTES,scifact,PubMed_5912283: Cognitive behavioral therapy vs zopiclone for treatment of chronic primary insomnia in older adults: a randomized controlled trial.,"{""original_id"": 267, ""doc_id"": 5912283, ""doc_title"": ""Cognitive behavioral therapy vs zopiclone for treatment of chronic primary insomnia in older adults: a randomized controlled trial."", ""sentence_indices"": [9], ""is_grounded"": true}"
scifact_train_267_doc5912283_rat2,Cognitive behavioral therapy is an ineffective treatment for insomnia,"Participants in the CBT group spent much more time in slow-wave sleep (stages 3 and 4) compared with those in other groups, and spent less time awake during the night.",REFUTES,scifact,PubMed_5912283: Cognitive behavioral therapy vs zopiclone for treatment of chronic primary insomnia in older adults: a randomized controlled trial.,"{""original_id"": 267, ""doc_id"": 5912283, ""doc_title"": ""Cognitive behavioral therapy vs zopiclone for treatment of chronic primary insomnia in older adults: a randomized controlled trial."", ""sentence_indices"": [10], ""is_grounded"": true}"
scifact_train_267_doc5912283_rat3,Cognitive behavioral therapy is an ineffective treatment for insomnia,CONCLUSION These results suggest that interventions based on CBT are superior to zopiclone treatment both in short- and long-term management of insomnia in older adults.,REFUTES,scifact,PubMed_5912283: Cognitive behavioral therapy vs zopiclone for treatment of chronic primary insomnia in older adults: a randomized controlled trial.,"{""original_id"": 267, ""doc_id"": 5912283, ""doc_title"": ""Cognitive behavioral therapy vs zopiclone for treatment of chronic primary insomnia in older adults: a randomized controlled trial."", ""sentence_indices"": [12], ""is_grounded"": true}"
scifact_train_272_doc11614737_rat0,Combination nicotine replacement therapies with varenicline or bupropion are more effective after 12 weeks of reatment compared to varenicline monotherapy.,"RESULTS At 12 weeks, 53.0% of the combination therapy group achieved prolonged smoking abstinence and 56.2% achieved 7-day point-prevalence smoking abstinence compared with 43.2% and 48.6% in varenicline monotherapy (odds ratio [OR], 1.49; 95% CI, 1.05-2.12; P = .03 and OR, 1.36; 95% CI, 0.95-1.93; P = .09, respectively).",SUPPORTS,scifact,PubMed_11614737: Combination varenicline and bupropion SR for tobacco-dependence treatment in cigarette smokers: a randomized trial.,"{""original_id"": 272, ""doc_id"": 11614737, ""doc_title"": ""Combination varenicline and bupropion SR for tobacco-dependence treatment in cigarette smokers: a randomized trial."", ""sentence_indices"": [8], ""is_grounded"": true}"
scifact_train_277_doc14376683_rat0,"Commelina yellow mottle virus (ComYMV) has three typical badnavirus ORFs, capable of encoding proteins 23, 15, and 216 kD.","Analysis of the genome sequence indicates that the genome is 7489 bp in size and that the transcribed strand contains three open reading frames capable of encoding proteins of 23, 15 and 216 kd.",SUPPORTS,scifact,"PubMed_14376683: Properties of Commelina yellow mottle virus's complete DNA sequence, genomic discontinuities and transcript suggest that it is a pararetrovirus.","{""original_id"": 277, ""doc_id"": 14376683, ""doc_title"": ""Properties of Commelina yellow mottle virus's complete DNA sequence, genomic discontinuities and transcript suggest that it is a pararetrovirus."", ""sentence_indices"": [4], ""is_grounded"": true}"
scifact_train_278_doc14376683_rat0,Commelina yellow mottle virus' (ComYMV) genome consists of 2140 baise pairs.,"Analysis of the genome sequence indicates that the genome is 7489 bp in size and that the transcribed strand contains three open reading frames capable of encoding proteins of 23, 15 and 216 kd.",REFUTES,scifact,"PubMed_14376683: Properties of Commelina yellow mottle virus's complete DNA sequence, genomic discontinuities and transcript suggest that it is a pararetrovirus.","{""original_id"": 278, ""doc_id"": 14376683, ""doc_title"": ""Properties of Commelina yellow mottle virus's complete DNA sequence, genomic discontinuities and transcript suggest that it is a pararetrovirus."", ""sentence_indices"": [4], ""is_grounded"": true}"
scifact_train_280_doc25001628_rat0,Comparative transcriptome analysis identified new platelet proteins with structural features suggesting a role in platelet function.,"Through comparative analysis of expression in platelets and other blood cells we demonstrated that G6b, G6f, and LRRC32 are restricted to the platelet lineage, whereas LAT2 and SUCNR1 were also detected in other blood cells. The identification of the succinate receptor SUCNR1 in platelets is of particular interest, because physiologically relevant concentrations of succinate were shown to potentiate the effect of low doses of a variety of platelet agonists.",SUPPORTS,scifact,PubMed_25001628: Comparative gene expression profiling of in vitro differentiated megakaryocytes and erythroblasts identifies novel activatory and inhibitory platelet membrane proteins.,"{""original_id"": 280, ""doc_id"": 25001628, ""doc_title"": ""Comparative gene expression profiling of in vitro differentiated megakaryocytes and erythroblasts identifies novel activatory and inhibitory platelet membrane proteins."", ""sentence_indices"": [6, 7], ""is_grounded"": true}"
scifact_train_281,Concentrations of SNV and CNV in stem-cell regulatory elements and binding sites of transcription factors in iPSC-lines are distinct from their founding cells.,,NOT_ENOUGH_INFO,scifact,Docs: 4632921,"{""original_id"": 281, ""cited_doc_ids"": [4632921], ""is_grounded"": false}"
scifact_train_283_doc1974176_rat0,Consumption of whole fruits increases the risk of type 2 diabetes.,"Greater consumption of specific whole fruits, particularly blueberries, grapes, and apples, is significantly associated with a lower risk of type 2 diabetes, whereas greater consumption of fruit juice is associated with a higher risk.",REFUTES,scifact,PubMed_1974176: Fruit consumption and risk of type 2 diabetes: results from three prospective longitudinal cohort studies,"{""original_id"": 283, ""doc_id"": 1974176, ""doc_title"": ""Fruit consumption and risk of type 2 diabetes: results from three prospective longitudinal cohort studies"", ""sentence_indices"": [11], ""is_grounded"": true}"
scifact_train_285,Continued HHV-8 transmission among MSM in San Francisco may be explained by urogenital contact.,,NOT_ENOUGH_INFO,scifact,Docs: 5548081,"{""original_id"": 285, ""cited_doc_ids"": [5548081], ""is_grounded"": false}"
scifact_train_286_doc4709641_rat0,Converting apoE4 to apoE3 by gene editing prevents the pathology associated with apoE4 in human iPSCderived neurons.,"Converting ApoE4 to ApoE3 by gene editing rescued these phenotypes, indicating the specific effects of ApoE4.",SUPPORTS,scifact,PubMed_4709641: Gain of toxic Apolipoprotein E4 effects in Human iPSC-Derived Neurons Is Ameliorated by a Small-Molecule Structure Corrector,"{""original_id"": 286, ""doc_id"": 4709641, ""doc_title"": ""Gain of toxic Apolipoprotein E4 effects in Human iPSC-Derived Neurons Is Ameliorated by a Small-Molecule Structure Corrector"", ""sentence_indices"": [3], ""is_grounded"": true}"
scifact_train_287_doc4709641_rat0,Converting apoE4 to apoE3 by gene editing worsens the pathology associated with apoE4 in human iPSCderived neurons.,"Converting ApoE4 to ApoE3 by gene editing rescued these phenotypes, indicating the specific effects of ApoE4.",REFUTES,scifact,PubMed_4709641: Gain of toxic Apolipoprotein E4 effects in Human iPSC-Derived Neurons Is Ameliorated by a Small-Molecule Structure Corrector,"{""original_id"": 287, ""doc_id"": 4709641, ""doc_title"": ""Gain of toxic Apolipoprotein E4 effects in Human iPSC-Derived Neurons Is Ameliorated by a Small-Molecule Structure Corrector"", ""sentence_indices"": [3], ""is_grounded"": true}"
scifact_train_290_doc15048300_rat0,Cost effectiveness evaluations based on cRCT data accurately reflect prices for patients in actual clinical practice.,"The mean costs (for GPRD events) over calendar time were US$58k during 1990-1993 and US$174k during 2002-2005. Using RCT data rather than GPRD data for event probabilities, the mean cost was US$16k with the VIGOR RCT and US$20k with the CLASS RCT.",REFUTES,scifact,PubMed_15048300: A Comparison of Cost Effectiveness Using Data from Randomized Trials or Actual Clinical Practice: Selective Cox-2 Inhibitors as an Example,"{""original_id"": 290, ""doc_id"": 15048300, ""doc_title"": ""A Comparison of Cost Effectiveness Using Data from Randomized Trials or Actual Clinical Practice: Selective Cox-2 Inhibitors as an Example"", ""sentence_indices"": [10, 11], ""is_grounded"": true}"
scifact_train_290_doc15048300_rat1,Cost effectiveness evaluations based on cRCT data accurately reflect prices for patients in actual clinical practice.,"CONCLUSIONS The published cost-effectiveness analyses of coxibs lacked external validity, did not represent patients in actual clinical practice, and should not have been used to inform prescribing policies.",REFUTES,scifact,PubMed_15048300: A Comparison of Cost Effectiveness Using Data from Randomized Trials or Actual Clinical Practice: Selective Cox-2 Inhibitors as an Example,"{""original_id"": 290, ""doc_id"": 15048300, ""doc_title"": ""A Comparison of Cost Effectiveness Using Data from Randomized Trials or Actual Clinical Practice: Selective Cox-2 Inhibitors as an Example"", ""sentence_indices"": [12], ""is_grounded"": true}"
scifact_train_292_doc15048300_rat0,Cost effectiveness evaluations based on cRCT data lack external validity.,"Only a minority of patients used the drugs long-term and daily (34.5% of conventional NSAIDs and 44.2% of coxibs), whereas coxib RCTs required daily use for at least 6-9 months.",SUPPORTS,scifact,PubMed_15048300: A Comparison of Cost Effectiveness Using Data from Randomized Trials or Actual Clinical Practice: Selective Cox-2 Inhibitors as an Example,"{""original_id"": 292, ""doc_id"": 15048300, ""doc_title"": ""A Comparison of Cost Effectiveness Using Data from Randomized Trials or Actual Clinical Practice: Selective Cox-2 Inhibitors as an Example"", ""sentence_indices"": [8], ""is_grounded"": true}"
scifact_train_292_doc15048300_rat1,Cost effectiveness evaluations based on cRCT data lack external validity.,"The mean costs (for GPRD events) over calendar time were US$58k during 1990-1993 and US$174k during 2002-2005. Using RCT data rather than GPRD data for event probabilities, the mean cost was US$16k with the VIGOR RCT and US$20k with the CLASS RCT.",SUPPORTS,scifact,PubMed_15048300: A Comparison of Cost Effectiveness Using Data from Randomized Trials or Actual Clinical Practice: Selective Cox-2 Inhibitors as an Example,"{""original_id"": 292, ""doc_id"": 15048300, ""doc_title"": ""A Comparison of Cost Effectiveness Using Data from Randomized Trials or Actual Clinical Practice: Selective Cox-2 Inhibitors as an Example"", ""sentence_indices"": [10, 11], ""is_grounded"": true}"
scifact_train_292_doc15048300_rat2,Cost effectiveness evaluations based on cRCT data lack external validity.,"CONCLUSIONS The published cost-effectiveness analyses of coxibs lacked external validity, did not represent patients in actual clinical practice, and should not have been used to inform prescribing policies.",SUPPORTS,scifact,PubMed_15048300: A Comparison of Cost Effectiveness Using Data from Randomized Trials or Actual Clinical Practice: Selective Cox-2 Inhibitors as an Example,"{""original_id"": 292, ""doc_id"": 15048300, ""doc_title"": ""A Comparison of Cost Effectiveness Using Data from Randomized Trials or Actual Clinical Practice: Selective Cox-2 Inhibitors as an Example"", ""sentence_indices"": [12], ""is_grounded"": true}"
scifact_train_293,Crossover hot spots are found within gene promoters in Saccharomyces cerevisiae.,,NOT_ENOUGH_INFO,scifact,Docs: 10874408,"{""original_id"": 293, ""cited_doc_ids"": [10874408], ""is_grounded"": false}"
scifact_train_296_doc4398832_rat0,Cyclin A2 destruction is necessary to switch from unstable to stable kt-mt attachments in mitosis.,The switch to more stable k-MT attachments in metaphase requires the proteasome-dependent destruction of cyclin A in prometaphase.,SUPPORTS,scifact,PubMed_4398832: Cyclin A Regulates Kinetochore-Microtubules to Promote Faithful Chromosome Segregation,"{""original_id"": 296, ""doc_id"": 4398832, ""doc_title"": ""Cyclin A Regulates Kinetochore-Microtubules to Promote Faithful Chromosome Segregation"", ""sentence_indices"": [5], ""is_grounded"": true}"
scifact_train_296_doc4398832_rat1,Cyclin A2 destruction is necessary to switch from unstable to stable kt-mt attachments in mitosis.,Persistent cyclin A expression prevents k-MT stabilization even in cells with aligned chromosomes.,SUPPORTS,scifact,PubMed_4398832: Cyclin A Regulates Kinetochore-Microtubules to Promote Faithful Chromosome Segregation,"{""original_id"": 296, ""doc_id"": 4398832, ""doc_title"": ""Cyclin A Regulates Kinetochore-Microtubules to Promote Faithful Chromosome Segregation"", ""sentence_indices"": [6], ""is_grounded"": true}"
scifact_train_296_doc4398832_rat2,Cyclin A2 destruction is necessary to switch from unstable to stable kt-mt attachments in mitosis.,"By contrast, k-MTs are prematurely stabilized in cyclin-A-deficient cells.",SUPPORTS,scifact,PubMed_4398832: Cyclin A Regulates Kinetochore-Microtubules to Promote Faithful Chromosome Segregation,"{""original_id"": 296, ""doc_id"": 4398832, ""doc_title"": ""Cyclin A Regulates Kinetochore-Microtubules to Promote Faithful Chromosome Segregation"", ""sentence_indices"": [7], ""is_grounded"": true}"
scifact_train_299_doc39381118_rat0,Cytochrome c is transferred from cytosol to the mitochondrial intermembrane space during apoptosis.,"Apoptosis that proceeds via the mitochondrial pathway involves mitochondrial outer membrane permeabilization (MOMP), responsible for the release of cytochrome c and other proteins of the mitochondrial intermembrane space.",REFUTES,scifact,PubMed_39381118: At the gates of death.,"{""original_id"": 299, ""doc_id"": 39381118, ""doc_title"": ""At the gates of death."", ""sentence_indices"": [0], ""is_grounded"": true}"
scifact_train_301,Cytosolic proteins bind to iron-responsive elements on mRNAs coding for TFRC1.,,NOT_ENOUGH_INFO,scifact,Docs: 3553087,"{""original_id"": 301, ""cited_doc_ids"": [3553087], ""is_grounded"": false}"
scifact_train_304,DMS3 protein enables Pol V transcription in vivo.,,NOT_ENOUGH_INFO,scifact,Docs: 14797520,"{""original_id"": 304, ""cited_doc_ids"": [14797520], ""is_grounded"": false}"
scifact_train_305_doc14797520_rat0,DRD1 proteins enable Pol V transcription in vivo.,Pol IVb/Pol V transcription requires the chromatin-remodeling protein DRD1 but is independent of siRNA biogenesis.,SUPPORTS,scifact,PubMed_14797520: Noncoding Transcription by RNA Polymerase Pol IVb/Pol V Mediates Transcriptional Silencing of Overlapping and Adjacent Genes,"{""original_id"": 305, ""doc_id"": 14797520, ""doc_title"": ""Noncoding Transcription by RNA Polymerase Pol IVb/Pol V Mediates Transcriptional Silencing of Overlapping and Adjacent Genes"", ""sentence_indices"": [3], ""is_grounded"": true}"
scifact_train_306_doc7821634_rat0,DUSP4 decreases apoptosis.,"DUSP4 overexpression increased chemotherapy-induced apoptosis, whereas DUSP4 depletion dampened the response to chemotherapy.",REFUTES,scifact,PubMed_7821634: Profiling of residual breast cancers after neoadjuvant chemotherapy identifies DUSP4 deficiency as a mechanism of drug resistance,"{""original_id"": 306, ""doc_id"": 7821634, ""doc_title"": ""Profiling of residual breast cancers after neoadjuvant chemotherapy identifies DUSP4 deficiency as a mechanism of drug resistance"", ""sentence_indices"": [6], ""is_grounded"": true}"
scifact_train_308_doc7821634_rat0,DUSP4 downregulation deactivates the Ras-ERK pathway,"Low concentrations of dual specificity protein phosphatase 4 (DUSP4), an ERK phosphatase, correlated with high post-NAC tumor cell proliferation and with basal-like breast cancer (BLBC) status. BLBC had higher DUSP4 promoter methylation and gene expression patterns of Ras-ERK pathway activation relative to other breast cancer subtypes.",REFUTES,scifact,PubMed_7821634: Profiling of residual breast cancers after neoadjuvant chemotherapy identifies DUSP4 deficiency as a mechanism of drug resistance,"{""original_id"": 308, ""doc_id"": 7821634, ""doc_title"": ""Profiling of residual breast cancers after neoadjuvant chemotherapy identifies DUSP4 deficiency as a mechanism of drug resistance"", ""sentence_indices"": [4, 5], ""is_grounded"": true}"
scifact_train_308_doc7821634_rat1,DUSP4 downregulation deactivates the Ras-ERK pathway,"Thus, DUSP4 downregulation activates the Ras-ERK pathway in BLBC, resulting in an attenuated response to anti-cancer chemotherapy.",REFUTES,scifact,PubMed_7821634: Profiling of residual breast cancers after neoadjuvant chemotherapy identifies DUSP4 deficiency as a mechanism of drug resistance,"{""original_id"": 308, ""doc_id"": 7821634, ""doc_title"": ""Profiling of residual breast cancers after neoadjuvant chemotherapy identifies DUSP4 deficiency as a mechanism of drug resistance"", ""sentence_indices"": [9], ""is_grounded"": true}"
scifact_train_309_doc7821634_rat0,DUSP4 increases apoptosis.,"DUSP4 overexpression increased chemotherapy-induced apoptosis, whereas DUSP4 depletion dampened the response to chemotherapy.",SUPPORTS,scifact,PubMed_7821634: Profiling of residual breast cancers after neoadjuvant chemotherapy identifies DUSP4 deficiency as a mechanism of drug resistance,"{""original_id"": 309, ""doc_id"": 7821634, ""doc_title"": ""Profiling of residual breast cancers after neoadjuvant chemotherapy identifies DUSP4 deficiency as a mechanism of drug resistance"", ""sentence_indices"": [6], ""is_grounded"": true}"
scifact_train_310,De novo assembly of sequence data has fewer specific contigs than unassembled sequence data.,,NOT_ENOUGH_INFO,scifact,Docs: 6173523,"{""original_id"": 310, ""cited_doc_ids"": [6173523], ""is_grounded"": false}"
scifact_train_313,De novo assembly of sequence data has shorter contigs than unassembled sequence data.,,NOT_ENOUGH_INFO,scifact,Docs: 6173523,"{""original_id"": 313, ""cited_doc_ids"": [6173523], ""is_grounded"": false}"
scifact_train_315,Decrease of p62 in prostate tumor stroma results in defective autophagy.,,NOT_ENOUGH_INFO,scifact,Docs: 3701541,"{""original_id"": 315, ""cited_doc_ids"": [3701541], ""is_grounded"": false}"
scifact_train_316,Decreased conversion of PGE 2 to PPARy ligand 15-ket-PGE 2 causes accumulation of PGE.,,NOT_ENOUGH_INFO,scifact,Docs: 712078,"{""original_id"": 316, ""cited_doc_ids"": [712078], ""is_grounded"": false}"
scifact_train_317_doc4506414_rat0,Decreased diastolic blood pressure (DBP) is associated with abdominal aortic aneurysm.,"Compared with diastolic blood pressure, raised systolic blood pressure had a greater effect on angina, myocardial infarction, and peripheral arterial disease, whereas raised diastolic blood pressure had a greater effect on abdominal aortic aneurysm than did raised systolic pressure.",REFUTES,scifact,"PubMed_4506414: Blood pressure and incidence of twelve cardiovascular diseases: lifetime risks, healthy life-years lost, and age-specific associations in 1·25 million people","{""original_id"": 317, ""doc_id"": 4506414, ""doc_title"": ""Blood pressure and incidence of twelve cardiovascular diseases: lifetime risks, healthy life-years lost, and age-specific associations in 1\u00b725 million people"", ""sentence_indices"": [9], ""is_grounded"": true}"
scifact_train_323,Deleting Raptor increases G-CSF levels.,,NOT_ENOUGH_INFO,scifact,Docs: 2014909,"{""original_id"": 323, ""cited_doc_ids"": [2014909], ""is_grounded"": false}"
scifact_train_325,Deletion of ATM and Rad3 related protein is not predictive of acute tissue loss.,,NOT_ENOUGH_INFO,scifact,Docs: 40349336,"{""original_id"": 325, ""cited_doc_ids"": [40349336], ""is_grounded"": false}"
scifact_train_326,Deletion of ATM and Rad3 related protein leads to acute tissue loss.,,NOT_ENOUGH_INFO,scifact,Docs: 40349336,"{""original_id"": 326, ""cited_doc_ids"": [40349336], ""is_grounded"": false}"
scifact_train_330_doc9505448_rat0,Deltex has no known interactions with eIF3f.,"We also show that eIF3f is recruited to activated Notch on endocytic vesicles by the putative E3 ubiquitin ligase Deltex1, which serves as a bridging factor.",REFUTES,scifact,PubMed_9505448: The Translation Initiation Factor 3f (eIF3f) Exhibits a Deubiquitinase Activity Regulating Notch Activation,"{""original_id"": 330, ""doc_id"": 9505448, ""doc_title"": ""The Translation Initiation Factor 3f (eIF3f) Exhibits a Deubiquitinase Activity Regulating Notch Activation"", ""sentence_indices"": [6], ""is_grounded"": true}"
scifact_train_331_doc9505448_rat0,Deltex interacts with eIF3. There is no known interaction between Deltex and elF3,"We also show that eIF3f is recruited to activated Notch on endocytic vesicles by the putative E3 ubiquitin ligase Deltex1, which serves as a bridging factor.",REFUTES,scifact,PubMed_9505448: The Translation Initiation Factor 3f (eIF3f) Exhibits a Deubiquitinase Activity Regulating Notch Activation,"{""original_id"": 331, ""doc_id"": 9505448, ""doc_title"": ""The Translation Initiation Factor 3f (eIF3f) Exhibits a Deubiquitinase Activity Regulating Notch Activation"", ""sentence_indices"": [6], ""is_grounded"": true}"
scifact_train_332_doc29023309_rat0,Depletion of T-helper 17 (Th17) cells during simian immunodeficiency virus (SIV) infection decreases dissemination of Salmonella Typhimurium from the gut.,"Here we show that simian immunodeficiency virus (SIV) infection results in depletion of T helper type 17 (TH17) cells in the ileal mucosa of rhesus macaques, thereby impairing mucosal barrier functions to S. typhimurium dissemination.",REFUTES,scifact,PubMed_29023309: Simian immunodeficiency virus–induced mucosal interleukin-17 deficiency promotes Salmonella dissemination from the gut,"{""original_id"": 332, ""doc_id"": 29023309, ""doc_title"": ""Simian immunodeficiency virus\u2013induced mucosal interleukin-17 deficiency promotes Salmonella dissemination from the gut"", ""sentence_indices"": [1], ""is_grounded"": true}"
scifact_train_332_doc29023309_rat1,Depletion of T-helper 17 (Th17) cells during simian immunodeficiency virus (SIV) infection decreases dissemination of Salmonella Typhimurium from the gut.,"TH17 cells were markedly depleted in SIV-infected rhesus macaques, resulting in blunted TH17 responses to S. typhimurium infection and increased bacterial dissemination.",REFUTES,scifact,PubMed_29023309: Simian immunodeficiency virus–induced mucosal interleukin-17 deficiency promotes Salmonella dissemination from the gut,"{""original_id"": 332, ""doc_id"": 29023309, ""doc_title"": ""Simian immunodeficiency virus\u2013induced mucosal interleukin-17 deficiency promotes Salmonella dissemination from the gut"", ""sentence_indices"": [3], ""is_grounded"": true}"
scifact_train_333_doc29023309_rat0,Depletion of T-helper 17 (Th17) cells during simian immunodeficiency virus (SIV) infection increases dissemination of Salmonella Typhimurium from the gut.,"Here we show that simian immunodeficiency virus (SIV) infection results in depletion of T helper type 17 (TH17) cells in the ileal mucosa of rhesus macaques, thereby impairing mucosal barrier functions to S. typhimurium dissemination.",SUPPORTS,scifact,PubMed_29023309: Simian immunodeficiency virus–induced mucosal interleukin-17 deficiency promotes Salmonella dissemination from the gut,"{""original_id"": 333, ""doc_id"": 29023309, ""doc_title"": ""Simian immunodeficiency virus\u2013induced mucosal interleukin-17 deficiency promotes Salmonella dissemination from the gut"", ""sentence_indices"": [1], ""is_grounded"": true}"
scifact_train_333_doc29023309_rat1,Depletion of T-helper 17 (Th17) cells during simian immunodeficiency virus (SIV) infection increases dissemination of Salmonella Typhimurium from the gut.,"TH17 cells were markedly depleted in SIV-infected rhesus macaques, resulting in blunted TH17 responses to S. typhimurium infection and increased bacterial dissemination.",SUPPORTS,scifact,PubMed_29023309: Simian immunodeficiency virus–induced mucosal interleukin-17 deficiency promotes Salmonella dissemination from the gut,"{""original_id"": 333, ""doc_id"": 29023309, ""doc_title"": ""Simian immunodeficiency virus\u2013induced mucosal interleukin-17 deficiency promotes Salmonella dissemination from the gut"", ""sentence_indices"": [3], ""is_grounded"": true}"
scifact_train_334_doc25079962_rat0,Depletion of nitric oxide is responsible for vasospasm.,Decreased bioavailability of nitric oxide has been associated with the development of cerebral vasospasm.,SUPPORTS,scifact,PubMed_25079962: Nitrite infusions to prevent delayed cerebral vasospasm in a primate model of subarachnoid hemorrhage.,"{""original_id"": 334, ""doc_id"": 25079962, ""doc_title"": ""Nitrite infusions to prevent delayed cerebral vasospasm in a primate model of subarachnoid hemorrhage."", ""sentence_indices"": [1], ""is_grounded"": true}"
scifact_train_334_doc25079962_rat1,Depletion of nitric oxide is responsible for vasospasm.,"All 8 control monkeys developed significant vasospasm of the right middle cerebral artery, which was complicated by stroke and death in 1 animal.",SUPPORTS,scifact,PubMed_25079962: Nitrite infusions to prevent delayed cerebral vasospasm in a primate model of subarachnoid hemorrhage.,"{""original_id"": 334, ""doc_id"": 25079962, ""doc_title"": ""Nitrite infusions to prevent delayed cerebral vasospasm in a primate model of subarachnoid hemorrhage."", ""sentence_indices"": [10], ""is_grounded"": true}"
scifact_train_334_doc25079962_rat2,Depletion of nitric oxide is responsible for vasospasm.,Nitrite infusion prevented development of vasospasm (no animals developed significant vasospasm; mean [SD] reduction in right middle cerebral artery area on day 7 after subarachnoid hemorrhage of 8% [9%] in nitrite-treated monkeys vs 47% [5%] in saline-treated controls; P<.001).,SUPPORTS,scifact,PubMed_25079962: Nitrite infusions to prevent delayed cerebral vasospasm in a primate model of subarachnoid hemorrhage.,"{""original_id"": 334, ""doc_id"": 25079962, ""doc_title"": ""Nitrite infusions to prevent delayed cerebral vasospasm in a primate model of subarachnoid hemorrhage."", ""sentence_indices"": [12], ""is_grounded"": true}"
scifact_train_335_doc1780819_rat0,Deregulation of HAND2 is a crucial step in endometrial carcinogenesis in mice.,"Finally, mice harbouring a Hand2 knock-out specifically in their endometrium were shown to develop precancerous endometrial lesions with increasing age, and these lesions also demonstrated a lack of PTEN expression.",SUPPORTS,scifact,PubMed_1780819: Role of DNA Methylation and Epigenetic Silencing of HAND2 in Endometrial Cancer Development,"{""original_id"": 335, ""doc_id"": 1780819, ""doc_title"": ""Role of DNA Methylation and Epigenetic Silencing of HAND2 in Endometrial Cancer Development"", ""sentence_indices"": [10], ""is_grounded"": true}"
scifact_train_336,Destination container port throughput(CPT) is negatively related to dengue virus (DENV-1) diffusion in air traffic shipments.,,NOT_ENOUGH_INFO,scifact,Docs: 2097256,"{""original_id"": 336, ""cited_doc_ids"": [2097256], ""is_grounded"": false}"
scifact_train_337,Destination container port throughput(CPT) is positively related to dengue virus (DENV-1) diffusion in air traffic shipments.,,NOT_ENOUGH_INFO,scifact,Docs: 2097256,"{""original_id"": 337, ""cited_doc_ids"": [2097256], ""is_grounded"": false}"
scifact_train_339_doc23349986_rat0,Dexamethasone increases risk of postoperative bleeding.,"Two of 53 (4%; 95% CI, 0.5%-13%) children who received placebo had bleeding compared with 6 of 53 (11%; 95% CI, 4%-23%), 2 of 51 (4%; 95% CI, 0.5%-13%), and 12 of 50 (24%; 95% CI, 13%-38%) who received dexamethasone at 0.05, 0.15, and 0.5 mg/kg, respectively (P = .003).",SUPPORTS,scifact,PubMed_23349986: Dexamethasone and risk of nausea and vomiting and postoperative bleeding after tonsillectomy in children: a randomized trial.,"{""original_id"": 339, ""doc_id"": 23349986, ""doc_title"": ""Dexamethasone and risk of nausea and vomiting and postoperative bleeding after tonsillectomy in children: a randomized trial."", ""sentence_indices"": [10, 11], ""is_grounded"": true}"
scifact_train_339_doc23349986_rat1,Dexamethasone increases risk of postoperative bleeding.,"Dexamethasone, 0.5 mg/kg, was associated with the highest bleeding risk (adjusted relative risk, 6.80; 95% CI, 1.77-16.5).",SUPPORTS,scifact,PubMed_23349986: Dexamethasone and risk of nausea and vomiting and postoperative bleeding after tonsillectomy in children: a randomized trial.,"{""original_id"": 339, ""doc_id"": 23349986, ""doc_title"": ""Dexamethasone and risk of nausea and vomiting and postoperative bleeding after tonsillectomy in children: a randomized trial."", ""sentence_indices"": [12], ""is_grounded"": true}"
scifact_train_339_doc23349986_rat2,Dexamethasone increases risk of postoperative bleeding.,"CONCLUSION In this study of children undergoing tonsillectomy, dexamethasone decreased the risk of PONV dose dependently but was associated with an increased risk of postoperative bleeding.",SUPPORTS,scifact,PubMed_23349986: Dexamethasone and risk of nausea and vomiting and postoperative bleeding after tonsillectomy in children: a randomized trial.,"{""original_id"": 339, ""doc_id"": 23349986, ""doc_title"": ""Dexamethasone and risk of nausea and vomiting and postoperative bleeding after tonsillectomy in children: a randomized trial."", ""sentence_indices"": [15], ""is_grounded"": true}"
scifact_train_340_doc7098463_rat0,Diabetes remission occurs less in people treated with conventional therapy than in people treated with laparoscopic adjustable gastric banding surgery.,Remission of type 2 diabetes was achieved by 22 (73%) in the surgical group and 4 (13%) in the conventional-therapy group.,SUPPORTS,scifact,PubMed_7098463: Adjustable gastric banding and conventional therapy for type 2 diabetes: a randomized controlled trial.,"{""original_id"": 340, ""doc_id"": 7098463, ""doc_title"": ""Adjustable gastric banding and conventional therapy for type 2 diabetes: a randomized controlled trial."", ""sentence_indices"": [9], ""is_grounded"": true}"
scifact_train_340_doc7098463_rat1,Diabetes remission occurs less in people treated with conventional therapy than in people treated with laparoscopic adjustable gastric banding surgery.,"Relative risk of remission for the surgical group was 5.5 (95% confidence interval, 2.2-14.0).",SUPPORTS,scifact,PubMed_7098463: Adjustable gastric banding and conventional therapy for type 2 diabetes: a randomized controlled trial.,"{""original_id"": 340, ""doc_id"": 7098463, ""doc_title"": ""Adjustable gastric banding and conventional therapy for type 2 diabetes: a randomized controlled trial."", ""sentence_indices"": [10], ""is_grounded"": true}"
scifact_train_340_doc7098463_rat2,Diabetes remission occurs less in people treated with conventional therapy than in people treated with laparoscopic adjustable gastric banding surgery.,CONCLUSIONS Participants randomized to surgical therapy were more likely to achieve remission of type 2 diabetes through greater weight loss.,SUPPORTS,scifact,PubMed_7098463: Adjustable gastric banding and conventional therapy for type 2 diabetes: a randomized controlled trial.,"{""original_id"": 340, ""doc_id"": 7098463, ""doc_title"": ""Adjustable gastric banding and conventional therapy for type 2 diabetes: a randomized controlled trial."", ""sentence_indices"": [14], ""is_grounded"": true}"
scifact_train_341_doc7098463_rat0,Diabetes remission occurs more in people treated with conventional therapy than in people treated with laparoscopic adjustable gastric banding surgery.,Remission of type 2 diabetes was achieved by 22 (73%) in the surgical group and 4 (13%) in the conventional-therapy group.,REFUTES,scifact,PubMed_7098463: Adjustable gastric banding and conventional therapy for type 2 diabetes: a randomized controlled trial.,"{""original_id"": 341, ""doc_id"": 7098463, ""doc_title"": ""Adjustable gastric banding and conventional therapy for type 2 diabetes: a randomized controlled trial."", ""sentence_indices"": [9], ""is_grounded"": true}"
scifact_train_341_doc7098463_rat1,Diabetes remission occurs more in people treated with conventional therapy than in people treated with laparoscopic adjustable gastric banding surgery.,"Relative risk of remission for the surgical group was 5.5 (95% confidence interval, 2.2-14.0).",REFUTES,scifact,PubMed_7098463: Adjustable gastric banding and conventional therapy for type 2 diabetes: a randomized controlled trial.,"{""original_id"": 341, ""doc_id"": 7098463, ""doc_title"": ""Adjustable gastric banding and conventional therapy for type 2 diabetes: a randomized controlled trial."", ""sentence_indices"": [10], ""is_grounded"": true}"
scifact_train_341_doc7098463_rat2,Diabetes remission occurs more in people treated with conventional therapy than in people treated with laparoscopic adjustable gastric banding surgery.,CONCLUSIONS Participants randomized to surgical therapy were more likely to achieve remission of type 2 diabetes through greater weight loss.,REFUTES,scifact,PubMed_7098463: Adjustable gastric banding and conventional therapy for type 2 diabetes: a randomized controlled trial.,"{""original_id"": 341, ""doc_id"": 7098463, ""doc_title"": ""Adjustable gastric banding and conventional therapy for type 2 diabetes: a randomized controlled trial."", ""sentence_indices"": [14], ""is_grounded"": true}"
scifact_train_342_doc5884524_rat0,Diabetic patients with acute coronary syndrome experience decreased short-term and long-term risk for bleeding events.,"Diabetes independently predicted mortality (relative risk [RR], 1.57; 95% CI, 1.38 to 1.81; P:<0.001), as well as cardiovascular death, new myocardial infarction, stroke, and new congestive heart failure.",REFUTES,scifact,PubMed_5884524: Impact of diabetes on long-term prognosis in patients with unstable angina and non-Q-wave myocardial infarction: results of the OASIS (Organization to Assess Strategies for Ischemic Syndromes) Registry.,"{""original_id"": 342, ""doc_id"": 5884524, ""doc_title"": ""Impact of diabetes on long-term prognosis in patients with unstable angina and non-Q-wave myocardial infarction: results of the OASIS (Organization to Assess Strategies for Ischemic Syndromes) Registry."", ""sentence_indices"": [5], ""is_grounded"": true}"
scifact_train_345,"Differentiated E2f-1, -2, -3 TKO cells in the intestine do not exhibit apoptosis.",,NOT_ENOUGH_INFO,scifact,Docs: 4394817,"{""original_id"": 345, ""cited_doc_ids"": [4394817], ""is_grounded"": false}"
scifact_train_346_doc11902109_rat0,Differentiation of progenitor cells to myeloid cells is skewed upon activation of insulin signaling.,"Here, we show that the haematopoietic progenitors of Drosophila are direct targets of systemic (insulin) and nutritional (essential amino acid) signals, and that these systemic signals maintain the progenitors by promoting Wingless (WNT in mammals) signalling.",REFUTES,scifact,PubMed_11902109: Direct sensing of systemic and nutritional signals by hematopoietic progenitors in Drosophila,"{""original_id"": 346, ""doc_id"": 11902109, ""doc_title"": ""Direct sensing of systemic and nutritional signals by hematopoietic progenitors in Drosophila"", ""sentence_indices"": [5], ""is_grounded"": true}"
scifact_train_347_doc11902109_rat0,Differentiation of progenitor cells to myeloid cells is skewed when insulin signaling is suppressed.,"Here, we show that the haematopoietic progenitors of Drosophila are direct targets of systemic (insulin) and nutritional (essential amino acid) signals, and that these systemic signals maintain the progenitors by promoting Wingless (WNT in mammals) signalling.",SUPPORTS,scifact,PubMed_11902109: Direct sensing of systemic and nutritional signals by hematopoietic progenitors in Drosophila,"{""original_id"": 347, ""doc_id"": 11902109, ""doc_title"": ""Direct sensing of systemic and nutritional signals by hematopoietic progenitors in Drosophila"", ""sentence_indices"": [5], ""is_grounded"": true}"
scifact_train_349_doc13497630_rat0,Diminished ovarian reserve is a reliable indicator of infertility in a non-infertile population.,"After adjusting for age, body mass index, race, current smoking status, and recent hormonal contraceptive use, women with low AMH values (<0.7 ng/mL [n = 84]) did not have a significantly different predicted probability of conceiving by 6 cycles of attempt (65%; 95% CI, 50%-75%) compared with women (n = 579) with normal values (62%; 95% CI, 57%-66%) or by 12 cycles of attempt (84% [95% CI, 70%-91%] vs 75% [95% CI, 70%-79%], respectively).",REFUTES,scifact,PubMed_13497630: Association Between Biomarkers of Ovarian Reserve and Infertility Among Older Women of Reproductive Age,"{""original_id"": 349, ""doc_id"": 13497630, ""doc_title"": ""Association Between Biomarkers of Ovarian Reserve and Infertility Among Older Women of Reproductive Age"", ""sentence_indices"": [7], ""is_grounded"": true}"
scifact_train_349_doc13497630_rat1,Diminished ovarian reserve is a reliable indicator of infertility in a non-infertile population.,"Women with high serum FSH values (>10 mIU/mL [n = 83]) did not have a significantly different predicted probability of conceiving after 6 cycles of attempt (63%; 95% CI, 50%-73%) compared with women (n = 654) with normal values (62%; 95% CI, 57%-66%) or after 12 cycles of attempt (82% [95% CI, 70%-89%] vs 75% [95% CI, 70%-78%], respectively).",REFUTES,scifact,PubMed_13497630: Association Between Biomarkers of Ovarian Reserve and Infertility Among Older Women of Reproductive Age,"{""original_id"": 349, ""doc_id"": 13497630, ""doc_title"": ""Association Between Biomarkers of Ovarian Reserve and Infertility Among Older Women of Reproductive Age"", ""sentence_indices"": [8], ""is_grounded"": true}"
scifact_train_349_doc13497630_rat2,Diminished ovarian reserve is a reliable indicator of infertility in a non-infertile population.,"Women with high urinary FSH values (>11.5 mIU/mg creatinine [n = 69]) did not have a significantly different predicted probability of conceiving after 6 cycles of attempt (61%; 95% CI, 46%-74%) compared with women (n = 660) with normal values (62%; 95% CI, 58%-66%) or after 12 cycles of attempt (70% [95% CI, 54%-80%] vs 76% [95% CI, 72%-80%], respectively).",REFUTES,scifact,PubMed_13497630: Association Between Biomarkers of Ovarian Reserve and Infertility Among Older Women of Reproductive Age,"{""original_id"": 349, ""doc_id"": 13497630, ""doc_title"": ""Association Between Biomarkers of Ovarian Reserve and Infertility Among Older Women of Reproductive Age"", ""sentence_indices"": [9], ""is_grounded"": true}"
scifact_train_349_doc13497630_rat3,Diminished ovarian reserve is a reliable indicator of infertility in a non-infertile population.,"Conclusions and Relevance Among women aged 30 to 44 years without a history of infertility who had been trying to conceive for 3 months or less, biomarkers indicating diminished ovarian reserve compared with normal ovarian reserve were not associated with reduced fertility.",REFUTES,scifact,PubMed_13497630: Association Between Biomarkers of Ovarian Reserve and Infertility Among Older Women of Reproductive Age,"{""original_id"": 349, ""doc_id"": 13497630, ""doc_title"": ""Association Between Biomarkers of Ovarian Reserve and Infertility Among Older Women of Reproductive Age"", ""sentence_indices"": [11], ""is_grounded"": true}"
scifact_train_351,Distant CREs are important for transcriptional regulation.,,NOT_ENOUGH_INFO,scifact,Docs: 14658685,"{""original_id"": 351, ""cited_doc_ids"": [14658685], ""is_grounded"": false}"
scifact_train_352,Distant CREs are less conserved among species.,,NOT_ENOUGH_INFO,scifact,Docs: 14658685,"{""original_id"": 352, ""cited_doc_ids"": [14658685], ""is_grounded"": false}"
scifact_train_355_doc12800122_rat0,Drosophila supracellular actomyosin structures are found at boundaries in wing imaginal discs.,Our results provide a physical mechanism in which the local increase in Myosin II-dependent cell bond tension directs cell sorting at compartment boundaries.,SUPPORTS,scifact,PubMed_12800122: Increased Cell Bond Tension Governs Cell Sorting at the Drosophila Anteroposterior Compartment Boundary,"{""original_id"": 355, ""doc_id"": 12800122, ""doc_title"": ""Increased Cell Bond Tension Governs Cell Sorting at the Drosophila Anteroposterior Compartment Boundary"", ""sentence_indices"": [8], ""is_grounded"": true}"
scifact_train_355_doc38380061_rat0,Drosophila supracellular actomyosin structures are found at boundaries in wing imaginal discs.,"Here, we show that the dorsal-ventral boundary exhibits a distinct accumulation of Myosin II, and that this accumulation is regulated downstream of Notch signaling.",SUPPORTS,scifact,PubMed_38380061: Localization and requirement for Myosin II at the dorsal-ventral compartment boundary of the Drosophila wing.,"{""original_id"": 355, ""doc_id"": 38380061, ""doc_title"": ""Localization and requirement for Myosin II at the dorsal-ventral compartment boundary of the Drosophila wing."", ""sentence_indices"": [3], ""is_grounded"": true}"
scifact_train_356_doc6144337_rat0,Dscam1 acts as a hypervariable pattern-recognition receptor for the immune system.,"Here we report a novel role of an alternatively spliced hypervariable immunoglobulin domain-encoding gene, Dscam, in generating a broad range of PRRs implicated in immune defense in the malaria vector Anopheles gambiae.",SUPPORTS,scifact,"PubMed_6144337: AgDscam, a Hypervariable Immunoglobulin Domain-Containing Receptor of the       Anopheles gambiae Innate Immune System     ","{""original_id"": 356, ""doc_id"": 6144337, ""doc_title"": ""AgDscam, a Hypervariable Immunoglobulin Domain-Containing Receptor of the       Anopheles gambiae Innate Immune System     "", ""sentence_indices"": [1], ""is_grounded"": true}"
scifact_train_356_doc6144337_rat1,Dscam1 acts as a hypervariable pattern-recognition receptor for the immune system.,AgDscam responds to infection by producing pathogen challenge-specific splice form repertoires.,SUPPORTS,scifact,"PubMed_6144337: AgDscam, a Hypervariable Immunoglobulin Domain-Containing Receptor of the       Anopheles gambiae Innate Immune System     ","{""original_id"": 356, ""doc_id"": 6144337, ""doc_title"": ""AgDscam, a Hypervariable Immunoglobulin Domain-Containing Receptor of the       Anopheles gambiae Innate Immune System     "", ""sentence_indices"": [3], ""is_grounded"": true}"
scifact_train_356_doc6144337_rat2,Dscam1 acts as a hypervariable pattern-recognition receptor for the immune system.,AgDscam is mediating phagocytosis of bacteria with which it can associate and defend against in a splice form-specific manner.,SUPPORTS,scifact,"PubMed_6144337: AgDscam, a Hypervariable Immunoglobulin Domain-Containing Receptor of the       Anopheles gambiae Innate Immune System     ","{""original_id"": 356, ""doc_id"": 6144337, ""doc_title"": ""AgDscam, a Hypervariable Immunoglobulin Domain-Containing Receptor of the       Anopheles gambiae Innate Immune System     "", ""sentence_indices"": [5], ""is_grounded"": true}"
scifact_train_356_doc6144337_rat3,Dscam1 acts as a hypervariable pattern-recognition receptor for the immune system.,AgDscam is a hypervariable PRR of the A. gambiae innate immune system.,SUPPORTS,scifact,"PubMed_6144337: AgDscam, a Hypervariable Immunoglobulin Domain-Containing Receptor of the       Anopheles gambiae Innate Immune System     ","{""original_id"": 356, ""doc_id"": 6144337, ""doc_title"": ""AgDscam, a Hypervariable Immunoglobulin Domain-Containing Receptor of the       Anopheles gambiae Innate Immune System     "", ""sentence_indices"": [6], ""is_grounded"": true}"
scifact_train_357,"During non-homologous end joining, the ligation step is not as tolerant of disrepairs and other distortions when joining 3' of strand breaks as compared to 5' strand breaks.",,NOT_ENOUGH_INFO,scifact,Docs: 18111172,"{""original_id"": 357, ""cited_doc_ids"": [18111172], ""is_grounded"": false}"
scifact_train_358,"During non-homologous end joining, the ligation step is not as tolerant of disrepairs and other distortions when joining 5' of strand breaks as compared to 3' strand breaks.",,NOT_ENOUGH_INFO,scifact,Docs: 18111172,"{""original_id"": 358, ""cited_doc_ids"": [18111172], ""is_grounded"": false}"
scifact_train_361,During the primary early antibody response activated B cells migrate toward the inner-and outer follicular areas where oxysterol accumulation is generated by stromal cells.,,NOT_ENOUGH_INFO,scifact,Docs: 38587347,"{""original_id"": 361, ""cited_doc_ids"": [38587347], ""is_grounded"": false}"
scifact_train_363,EG7 tumors can be killed by systemic oxaliplatin primed CD8+ T cells from the tumor-draining lymph node cells.,,NOT_ENOUGH_INFO,scifact,Docs: 5386514,"{""original_id"": 363, ""cited_doc_ids"": [5386514], ""is_grounded"": false}"
scifact_train_364,EGR2 is important to myelination of the peripheral nervous system.,,NOT_ENOUGH_INFO,scifact,Docs: 1550937,"{""original_id"": 364, ""cited_doc_ids"": [1550937], ""is_grounded"": false}"
scifact_train_365,ER-localized phosphatase Sac1 processes PI4P through coordination with OSBP and the endosome-localized protein sorting nexin 2.,,NOT_ENOUGH_INFO,scifact,Docs: 600437,"{""original_id"": 365, ""cited_doc_ids"": [600437], ""is_grounded"": false}"
scifact_train_366_doc13956305_rat0,ERAP1 SNPs are epistatic to HLA alleles for ankylosing spondylitis.,We also demonstrate that the ERAP1 SNP rs30187 association is not restricted only to carriers of HLA-B*27 but also found in HLA-B*40:01 carriers independently of HLA-B*27 genotype.,SUPPORTS,scifact,PubMed_13956305: Major histocompatibility complex associations of ankylosing spondylitis are complex and involve further epistasis with ERAP1,"{""original_id"": 366, ""doc_id"": 13956305, ""doc_title"": ""Major histocompatibility complex associations of ankylosing spondylitis are complex and involve further epistasis with ERAP1"", ""sentence_indices"": [5], ""is_grounded"": true}"
scifact_train_367_doc27099731_rat0,Early patent ductus ateriosus (PDA) screening decreases in-hospital mortality.,"Exposed infants had a lower hospital death rate (14.2% vs 18.5% ; OR, 0.73 [95% CI, 0.54 to 0.98]; ARR, 4.3 [95% CI, 0.3 to 8.3]) and a lower rate of pulmonary hemorrhage (5.6% vs 8.9%; OR, 0.60 [95% CI, 0.38 to 0.95]; ARR, 3.3 [95% CI, 0.4 to 6.3]).",SUPPORTS,scifact,PubMed_27099731: Association Between Early Screening for Patent Ductus Arteriosus and In-Hospital Mortality Among Extremely Preterm Infants.,"{""original_id"": 367, ""doc_id"": 27099731, ""doc_title"": ""Association Between Early Screening for Patent Ductus Arteriosus and In-Hospital Mortality Among Extremely Preterm Infants."", ""sentence_indices"": [10], ""is_grounded"": true}"
scifact_train_367_doc27099731_rat1,Early patent ductus ateriosus (PDA) screening decreases in-hospital mortality.,"CONCLUSIONS AND RELEVANCE In this national population-based cohort of extremely preterm infants, screening echocardiography before day 3 of life was associated with lower in-hospital mortality and likelihood of pulmonary hemorrhage but not with differences in necrotizing enterocolitis, severe bronchopulmonary dysplasia, or severe cerebral lesions.",SUPPORTS,scifact,PubMed_27099731: Association Between Early Screening for Patent Ductus Arteriosus and In-Hospital Mortality Among Extremely Preterm Infants.,"{""original_id"": 367, ""doc_id"": 27099731, ""doc_title"": ""Association Between Early Screening for Patent Ductus Arteriosus and In-Hospital Mortality Among Extremely Preterm Infants."", ""sentence_indices"": [13], ""is_grounded"": true}"
scifact_train_368_doc27099731_rat0,Early patent ductus ateriosus (PDA) screening increases in-hospital mortality.,"Exposed infants had a lower hospital death rate (14.2% vs 18.5% ; OR, 0.73 [95% CI, 0.54 to 0.98]; ARR, 4.3 [95% CI, 0.3 to 8.3]) and a lower rate of pulmonary hemorrhage (5.6% vs 8.9%; OR, 0.60 [95% CI, 0.38 to 0.95]; ARR, 3.3 [95% CI, 0.4 to 6.3]).",REFUTES,scifact,PubMed_27099731: Association Between Early Screening for Patent Ductus Arteriosus and In-Hospital Mortality Among Extremely Preterm Infants.,"{""original_id"": 368, ""doc_id"": 27099731, ""doc_title"": ""Association Between Early Screening for Patent Ductus Arteriosus and In-Hospital Mortality Among Extremely Preterm Infants."", ""sentence_indices"": [10], ""is_grounded"": true}"
scifact_train_368_doc27099731_rat1,Early patent ductus ateriosus (PDA) screening increases in-hospital mortality.,"CONCLUSIONS AND RELEVANCE In this national population-based cohort of extremely preterm infants, screening echocardiography before day 3 of life was associated with lower in-hospital mortality and likelihood of pulmonary hemorrhage but not with differences in necrotizing enterocolitis, severe bronchopulmonary dysplasia, or severe cerebral lesions.",REFUTES,scifact,PubMed_27099731: Association Between Early Screening for Patent Ductus Arteriosus and In-Hospital Mortality Among Extremely Preterm Infants.,"{""original_id"": 368, ""doc_id"": 27099731, ""doc_title"": ""Association Between Early Screening for Patent Ductus Arteriosus and In-Hospital Mortality Among Extremely Preterm Infants."", ""sentence_indices"": [13], ""is_grounded"": true}"
scifact_train_369_doc6826100_rat0,"Ectopic expression of Sall4, Nanog, Esrrb, and Lin28 generates induced pluripotent stem cells from mouse embryonic fibroblasts more efficiently than other factor combinations.","Based on tetraploid complementation, we found that ectopic expression of Sall4, Nanog, Esrrb, and Lin28 (SNEL) in mouse embryonic fibroblasts (MEFs) generated high-quality iPSCs more efficiently than other combinations of factors including OSKM.",SUPPORTS,scifact,PubMed_6826100: The developmental potential of iPSCs is greatly influenced by reprogramming factor selection.,"{""original_id"": 369, ""doc_id"": 6826100, ""doc_title"": ""The developmental potential of iPSCs is greatly influenced by reprogramming factor selection."", ""sentence_indices"": [4], ""is_grounded"": true}"
scifact_train_370_doc1550937_rat0,Egr2 regulates the homeostasis of B and T cells.,"Here, we report that deletion of both transcription factors Egr2 and Egr3 in lymphocytes resulted in a lethal autoimmune syndrome with excessive serum proinflammatory cytokines but also impaired antigen receptor-induced proliferation of B and T cells.",SUPPORTS,scifact,PubMed_1550937: The Transcription Factors Egr2 and Egr3 Are Essential for the Control of Inflammation and Antigen-Induced Proliferation of B and T Cells,"{""original_id"": 370, ""doc_id"": 1550937, ""doc_title"": ""The Transcription Factors Egr2 and Egr3 Are Essential for the Control of Inflammation and Antigen-Induced Proliferation of B and T Cells"", ""sentence_indices"": [2], ""is_grounded"": true}"
scifact_train_370_doc1550937_rat1,Egr2 regulates the homeostasis of B and T cells.,Egr2- and Egr3-defective B and T cells had hyperactive signal transducer and activator of transcription-1 (STAT1) and STAT3 while antigen receptor-induced activation of transcription factor AP-1 was severely impaired.,SUPPORTS,scifact,PubMed_1550937: The Transcription Factors Egr2 and Egr3 Are Essential for the Control of Inflammation and Antigen-Induced Proliferation of B and T Cells,"{""original_id"": 370, ""doc_id"": 1550937, ""doc_title"": ""The Transcription Factors Egr2 and Egr3 Are Essential for the Control of Inflammation and Antigen-Induced Proliferation of B and T Cells"", ""sentence_indices"": [3], ""is_grounded"": true}"
scifact_train_370_doc1550937_rat2,Egr2 regulates the homeostasis of B and T cells.,"We discovered that Egr2 and/or Egr3 directly induced expression of suppressor of cytokine signaling-1 (SOCS1) and SOCS3, inhibitors of STAT1 and STAT3, and also blocked the function of Batf, an AP-1 inhibitor, in B and T cells.",SUPPORTS,scifact,PubMed_1550937: The Transcription Factors Egr2 and Egr3 Are Essential for the Control of Inflammation and Antigen-Induced Proliferation of B and T Cells,"{""original_id"": 370, ""doc_id"": 1550937, ""doc_title"": ""The Transcription Factors Egr2 and Egr3 Are Essential for the Control of Inflammation and Antigen-Induced Proliferation of B and T Cells"", ""sentence_indices"": [4], ""is_grounded"": true}"
scifact_train_370_doc1550937_rat3,Egr2 regulates the homeostasis of B and T cells.,"Thus, Egr2 and Egr3 regulate B and T cell function in adaptive immune responses and homeostasis by promoting antigen receptor signaling and controlling inflammation.",SUPPORTS,scifact,PubMed_1550937: The Transcription Factors Egr2 and Egr3 Are Essential for the Control of Inflammation and Antigen-Induced Proliferation of B and T Cells,"{""original_id"": 370, ""doc_id"": 1550937, ""doc_title"": ""The Transcription Factors Egr2 and Egr3 Are Essential for the Control of Inflammation and Antigen-Induced Proliferation of B and T Cells"", ""sentence_indices"": [5], ""is_grounded"": true}"
scifact_train_371_doc1550937_rat0,Egr3 regulates the homeostasis of B and T cells.,"Here, we report that deletion of both transcription factors Egr2 and Egr3 in lymphocytes resulted in a lethal autoimmune syndrome with excessive serum proinflammatory cytokines but also impaired antigen receptor-induced proliferation of B and T cells.",SUPPORTS,scifact,PubMed_1550937: The Transcription Factors Egr2 and Egr3 Are Essential for the Control of Inflammation and Antigen-Induced Proliferation of B and T Cells,"{""original_id"": 371, ""doc_id"": 1550937, ""doc_title"": ""The Transcription Factors Egr2 and Egr3 Are Essential for the Control of Inflammation and Antigen-Induced Proliferation of B and T Cells"", ""sentence_indices"": [2], ""is_grounded"": true}"
scifact_train_371_doc1550937_rat1,Egr3 regulates the homeostasis of B and T cells.,Egr2- and Egr3-defective B and T cells had hyperactive signal transducer and activator of transcription-1 (STAT1) and STAT3 while antigen receptor-induced activation of transcription factor AP-1 was severely impaired.,SUPPORTS,scifact,PubMed_1550937: The Transcription Factors Egr2 and Egr3 Are Essential for the Control of Inflammation and Antigen-Induced Proliferation of B and T Cells,"{""original_id"": 371, ""doc_id"": 1550937, ""doc_title"": ""The Transcription Factors Egr2 and Egr3 Are Essential for the Control of Inflammation and Antigen-Induced Proliferation of B and T Cells"", ""sentence_indices"": [3], ""is_grounded"": true}"
scifact_train_371_doc1550937_rat2,Egr3 regulates the homeostasis of B and T cells.,"We discovered that Egr2 and/or Egr3 directly induced expression of suppressor of cytokine signaling-1 (SOCS1) and SOCS3, inhibitors of STAT1 and STAT3, and also blocked the function of Batf, an AP-1 inhibitor, in B and T cells.",SUPPORTS,scifact,PubMed_1550937: The Transcription Factors Egr2 and Egr3 Are Essential for the Control of Inflammation and Antigen-Induced Proliferation of B and T Cells,"{""original_id"": 371, ""doc_id"": 1550937, ""doc_title"": ""The Transcription Factors Egr2 and Egr3 Are Essential for the Control of Inflammation and Antigen-Induced Proliferation of B and T Cells"", ""sentence_indices"": [4], ""is_grounded"": true}"
scifact_train_371_doc1550937_rat3,Egr3 regulates the homeostasis of B and T cells.,"Thus, Egr2 and Egr3 regulate B and T cell function in adaptive immune responses and homeostasis by promoting antigen receptor signaling and controlling inflammation.",SUPPORTS,scifact,PubMed_1550937: The Transcription Factors Egr2 and Egr3 Are Essential for the Control of Inflammation and Antigen-Induced Proliferation of B and T Cells,"{""original_id"": 371, ""doc_id"": 1550937, ""doc_title"": ""The Transcription Factors Egr2 and Egr3 Are Essential for the Control of Inflammation and Antigen-Induced Proliferation of B and T Cells"", ""sentence_indices"": [5], ""is_grounded"": true}"
scifact_train_372_doc24922825_rat0,Eilat virus (EILV) produced in mosquitos elicits rapid and long-lasting neutralizing antibodies in nonhuman primates.,"A single dose of EILV/CHIKV produced in mosquito cells elicited rapid (within 4 d) and long-lasting (>290 d) neutralizing antibodies that provided complete protection in two different mouse models. In nonhuman primates, EILV/CHIKV elicited rapid and robust immunity that protected against viremia and telemetrically monitored fever.",SUPPORTS,scifact,PubMed_24922825: A chikungunya fever vaccine utilizing an insect-specific virus platform,"{""original_id"": 372, ""doc_id"": 24922825, ""doc_title"": ""A chikungunya fever vaccine utilizing an insect-specific virus platform"", ""sentence_indices"": [7, 8], ""is_grounded"": true}"
scifact_train_375_doc1522647_rat0,Elevated cell-free mitochondrial DNA levels are associated with mortality.,"Medical ICU patients with an elevated mtDNA level (≥3,200 copies/µl plasma) had increased odds of dying within 28 d of ICU admission in both the BWH RoCI (odds ratio [OR] 7.5, 95% CI 3.6-15.8, p = 1×10(-7)) and ME ARDS (OR 8.4, 95% CI 2.9-24.2, p = 9×10(-5)) cohorts, while no evidence for association was noted in non-medical ICU patients.",SUPPORTS,scifact,PubMed_1522647: Circulating Mitochondrial DNA in Patients in the ICU as a Marker of Mortality: Derivation and Validation,"{""original_id"": 375, ""doc_id"": 1522647, ""doc_title"": ""Circulating Mitochondrial DNA in Patients in the ICU as a Marker of Mortality: Derivation and Validation"", ""sentence_indices"": [5], ""is_grounded"": true}"
scifact_train_375_doc1522647_rat1,Elevated cell-free mitochondrial DNA levels are associated with mortality.,"In the BWH RoCI cohort, those with an elevated mtDNA level had an increased risk of death, even in analyses limited to patients with sepsis or acute respiratory distress syndrome.",SUPPORTS,scifact,PubMed_1522647: Circulating Mitochondrial DNA in Patients in the ICU as a Marker of Mortality: Derivation and Validation,"{""original_id"": 375, ""doc_id"": 1522647, ""doc_title"": ""Circulating Mitochondrial DNA in Patients in the ICU as a Marker of Mortality: Derivation and Validation"", ""sentence_indices"": [7], ""is_grounded"": true}"
scifact_train_375_doc1522647_rat2,Elevated cell-free mitochondrial DNA levels are associated with mortality.,"CONCLUSIONS Increased mtDNA levels are associated with ICU mortality, and inclusion of mtDNA level improves risk prediction in medical ICU patients.",SUPPORTS,scifact,PubMed_1522647: Circulating Mitochondrial DNA in Patients in the ICU as a Marker of Mortality: Derivation and Validation,"{""original_id"": 375, ""doc_id"": 1522647, ""doc_title"": ""Circulating Mitochondrial DNA in Patients in the ICU as a Marker of Mortality: Derivation and Validation"", ""sentence_indices"": [9], ""is_grounded"": true}"
scifact_train_376,Eliminating the last sporadic cases of malaria requires considerable funding.,,NOT_ENOUGH_INFO,scifact,Docs: 22401061,"{""original_id"": 376, ""cited_doc_ids"": [22401061], ""is_grounded"": false}"
scifact_train_377,Emodin forms hydrogen bonds with residues involved in PGAM1 substrate binding.,,NOT_ENOUGH_INFO,scifact,Docs: 18810195,"{""original_id"": 377, ""cited_doc_ids"": [18810195], ""is_grounded"": false}"
scifact_train_378_doc45154987_rat0,Energy balance requires hypothalamic glutamate neurotransmission.,The anti-obesity effect was completely reversed by selective disruption of glutamate release from those same Sim1 neurons.,SUPPORTS,scifact,PubMed_45154987: Glutamate mediates the function of melanocortin receptor 4 on Sim1 neurons in body weight regulation.,"{""original_id"": 378, ""doc_id"": 45154987, ""doc_title"": ""Glutamate mediates the function of melanocortin receptor 4 on Sim1 neurons in body weight regulation."", ""sentence_indices"": [5], ""is_grounded"": true}"
scifact_train_378_doc45154987_rat1,Energy balance requires hypothalamic glutamate neurotransmission.,"Corroboratively, selective disruption of glutamate release from adult PVH neurons led to rapid obesity development via reduced energy expenditure and hyperphagia.",SUPPORTS,scifact,PubMed_45154987: Glutamate mediates the function of melanocortin receptor 4 on Sim1 neurons in body weight regulation.,"{""original_id"": 378, ""doc_id"": 45154987, ""doc_title"": ""Glutamate mediates the function of melanocortin receptor 4 on Sim1 neurons in body weight regulation."", ""sentence_indices"": [7], ""is_grounded"": true}"
scifact_train_378_doc45154987_rat2,Energy balance requires hypothalamic glutamate neurotransmission.,"Thus, this study establishes glutamate as the primary neurotransmitter that mediates MC4Rs on Sim1 neurons in body weight regulation.",SUPPORTS,scifact,PubMed_45154987: Glutamate mediates the function of melanocortin receptor 4 on Sim1 neurons in body weight regulation.,"{""original_id"": 378, ""doc_id"": 45154987, ""doc_title"": ""Glutamate mediates the function of melanocortin receptor 4 on Sim1 neurons in body weight regulation."", ""sentence_indices"": [8], ""is_grounded"": true}"
scifact_train_378_doc10534299_rat0,Energy balance requires hypothalamic glutamate neurotransmission.,"Deletion of NMDARs from AgRP neurons markedly reduced weight, body fat and food intake whereas deletion from POMC neurons had no effect.",SUPPORTS,scifact,PubMed_10534299: Fasting Activation of AgRP Neurons Requires NMDA Receptors and Involves Spinogenesis and Increased Excitatory Tone,"{""original_id"": 378, ""doc_id"": 10534299, ""doc_title"": ""Fasting Activation of AgRP Neurons Requires NMDA Receptors and Involves Spinogenesis and Increased Excitatory Tone"", ""sentence_indices"": [3], ""is_grounded"": true}"
scifact_train_378_doc10534299_rat1,Energy balance requires hypothalamic glutamate neurotransmission.,"Activation of AgRP neurons by fasting, as assessed by c-Fos, Agrp and Npy mRNA expression, AMPA receptor-mediated EPSCs, depolarization and firing rates, required NMDARs.",SUPPORTS,scifact,PubMed_10534299: Fasting Activation of AgRP Neurons Requires NMDA Receptors and Involves Spinogenesis and Increased Excitatory Tone,"{""original_id"": 378, ""doc_id"": 10534299, ""doc_title"": ""Fasting Activation of AgRP Neurons Requires NMDA Receptors and Involves Spinogenesis and Increased Excitatory Tone"", ""sentence_indices"": [4], ""is_grounded"": true}"
scifact_train_378_doc10534299_rat2,Energy balance requires hypothalamic glutamate neurotransmission.,"Furthermore, AgRP but not POMC neurons have dendritic spines and increased glutamatergic input onto AgRP neurons caused by fasting was paralleled by an increase in spines, suggesting fasting induced synaptogenesis and spinogenesis.",SUPPORTS,scifact,PubMed_10534299: Fasting Activation of AgRP Neurons Requires NMDA Receptors and Involves Spinogenesis and Increased Excitatory Tone,"{""original_id"": 378, ""doc_id"": 10534299, ""doc_title"": ""Fasting Activation of AgRP Neurons Requires NMDA Receptors and Involves Spinogenesis and Increased Excitatory Tone"", ""sentence_indices"": [5], ""is_grounded"": true}"
scifact_train_378_doc10534299_rat3,Energy balance requires hypothalamic glutamate neurotransmission.,Thus glutamatergic synaptic transmission and its modulation by NMDARs play key roles in controlling AgRP neurons and determining the cellular and behavioral response to fasting.,SUPPORTS,scifact,PubMed_10534299: Fasting Activation of AgRP Neurons Requires NMDA Receptors and Involves Spinogenesis and Increased Excitatory Tone,"{""original_id"": 378, ""doc_id"": 10534299, ""doc_title"": ""Fasting Activation of AgRP Neurons Requires NMDA Receptors and Involves Spinogenesis and Increased Excitatory Tone"", ""sentence_indices"": [6], ""is_grounded"": true}"
scifact_train_378_doc11886686_rat0,Energy balance requires hypothalamic glutamate neurotransmission.,"Thus, glutamate release from VMH neurons is an important component of the neurocircuitry that functions to prevent hypoglycemia.",SUPPORTS,scifact,PubMed_11886686: Synaptic glutamate release by ventromedial hypothalamic neurons is part of the neurocircuitry that prevents hypoglycemia.,"{""original_id"": 378, ""doc_id"": 11886686, ""doc_title"": ""Synaptic glutamate release by ventromedial hypothalamic neurons is part of the neurocircuitry that prevents hypoglycemia."", ""sentence_indices"": [7], ""is_grounded"": true}"
scifact_train_378_doc17150648_rat0,Energy balance requires hypothalamic glutamate neurotransmission.,"Here, we demonstrate that metabolic status and leptin also modify astrocyte-specific glutamate and glucose transporters, indicating that metabolic signals influence synaptic efficacy and glucose uptake and, ultimately, neuronal function.",SUPPORTS,scifact,PubMed_17150648: Leptin regulates glutamate and glucose transporters in hypothalamic astrocytes.,"{""original_id"": 378, ""doc_id"": 17150648, ""doc_title"": ""Leptin regulates glutamate and glucose transporters in hypothalamic astrocytes."", ""sentence_indices"": [2], ""is_grounded"": true}"
scifact_train_378_doc17150648_rat1,Energy balance requires hypothalamic glutamate neurotransmission.,We found that basal and glucose-stimulated electrical activity of hypothalamic proopiomelanocortin (POMC) neurons in mice were altered in the offspring of mothers fed a high-fat diet.,SUPPORTS,scifact,PubMed_17150648: Leptin regulates glutamate and glucose transporters in hypothalamic astrocytes.,"{""original_id"": 378, ""doc_id"": 17150648, ""doc_title"": ""Leptin regulates glutamate and glucose transporters in hypothalamic astrocytes."", ""sentence_indices"": [3], ""is_grounded"": true}"
scifact_train_378_doc17150648_rat2,Energy balance requires hypothalamic glutamate neurotransmission.,"In adulthood, increased body weight and fasting also altered the expression of glucose and glutamate transporters.",SUPPORTS,scifact,PubMed_17150648: Leptin regulates glutamate and glucose transporters in hypothalamic astrocytes.,"{""original_id"": 378, ""doc_id"": 17150648, ""doc_title"": ""Leptin regulates glutamate and glucose transporters in hypothalamic astrocytes."", ""sentence_indices"": [4], ""is_grounded"": true}"
scifact_train_379_doc19005293_rat0,Enhanced early production of inflammatory chemokines damages viral control in the lung.,"We found that the response of memory, but not naive, CD4+ T cells enhances production of multiple innate inflammatory cytokines and chemokines (IICs) in the lung and that, during influenza infection, this leads to early control of virus.",REFUTES,scifact,PubMed_19005293: Memory CD4+ T cells induce innate responses independently of pathogen,"{""original_id"": 379, ""doc_id"": 19005293, ""doc_title"": ""Memory CD4+ T cells induce innate responses independently of pathogen"", ""sentence_indices"": [2], ""is_grounded"": true}"
scifact_train_381_doc18340282_rat0,Environmental factors can influence the development of breast cancer.,"METHODS We tested gene-environment interactions in 7610 women who developed breast cancer and 10 196 controls without the disease, studying the effects of 12 polymorphisms (FGFR2-rs2981582, TNRC9-rs3803662, 2q35-rs13387042, MAP3K1-rs889312, 8q24-rs13281615, 2p-rs4666451, 5p12-rs981782, CASP8-rs1045485, LSP1-rs3817198, 5q-rs30099, TGFB1-rs1982073, and ATM-rs1800054) in relation to prospectively collected information about ten established environmental risk factors (age at menarche, parity, age at first birth, breastfeeding, menopausal status, age at menopause, use of hormone replacement therapy, body-mass index, height, and alcohol consumption).",SUPPORTS,scifact,PubMed_18340282: Gene–environment interactions in 7610 women with breast cancer: prospective evidence from the Million Women Study,"{""original_id"": 381, ""doc_id"": 18340282, ""doc_title"": ""Gene\u2013environment interactions in 7610 women with breast cancer: prospective evidence from the Million Women Study"", ""sentence_indices"": [2], ""is_grounded"": true}"
scifact_train_381_doc18340282_rat1,Environmental factors can influence the development of breast cancer.,INTERPRETATION Risks of breast cancer associated with low-penetrance susceptibility polymorphisms do not vary significantly with these ten established environmental risk factors.,SUPPORTS,scifact,PubMed_18340282: Gene–environment interactions in 7610 women with breast cancer: prospective evidence from the Million Women Study,"{""original_id"": 381, ""doc_id"": 18340282, ""doc_title"": ""Gene\u2013environment interactions in 7610 women with breast cancer: prospective evidence from the Million Women Study"", ""sentence_indices"": [6], ""is_grounded"": true}"
scifact_train_382_doc11659421_rat0,Environmentally-induced senescence is mimicked in disease modeling by adding specific molecules to the culture system.,"In this study, we describe a strategy for inducing aging-related features in human iPSC-derived lineages and apply it to the modeling of Parkinson's disease (PD). Our approach involves expression of progerin, a truncated form of lamin A associated with premature aging.",SUPPORTS,scifact,PubMed_11659421: Human iPSC-based modeling of late-onset disease via progerin-induced aging.,"{""original_id"": 382, ""doc_id"": 11659421, ""doc_title"": ""Human iPSC-based modeling of late-onset disease via progerin-induced aging."", ""sentence_indices"": [1, 2], ""is_grounded"": true}"
scifact_train_382_doc11659421_rat1,Environmentally-induced senescence is mimicked in disease modeling by adding specific molecules to the culture system.,"Induced aging in PD iPSC-derived dopamine neurons revealed disease phenotypes that require both aging and genetic susceptibility, such as pronounced dendrite degeneration, progressive loss of tyrosine hydroxylase (TH) expression, and enlarged mitochondria or Lewy-body-precursor inclusions. Thus, our study suggests that progerin-induced aging can be used to reveal late-onset age-related disease features in hiPSC-based disease models.",SUPPORTS,scifact,PubMed_11659421: Human iPSC-based modeling of late-onset disease via progerin-induced aging.,"{""original_id"": 382, ""doc_id"": 11659421, ""doc_title"": ""Human iPSC-based modeling of late-onset disease via progerin-induced aging."", ""sentence_indices"": [4, 5], ""is_grounded"": true}"
scifact_train_383,Epidemiological disease burden from noncommunicable diseases is more prevalent in high economic settings.,,NOT_ENOUGH_INFO,scifact,Docs: 13770184,"{""original_id"": 383, ""cited_doc_ids"": [13770184], ""is_grounded"": false}"
scifact_train_389,Ethanol stress increases the expression of IBP in bacteria.,,NOT_ENOUGH_INFO,scifact,Docs: 1148122,"{""original_id"": 389, ""cited_doc_ids"": [1148122], ""is_grounded"": false}"
scifact_train_390,Ethanol stress increases the expression of PSP in bacteria.,,NOT_ENOUGH_INFO,scifact,Docs: 1148122,"{""original_id"": 390, ""cited_doc_ids"": [1148122], ""is_grounded"": false}"
scifact_train_391,Ethanol stress increases the expression of SRL in bacteria.,,NOT_ENOUGH_INFO,scifact,Docs: 1148122,"{""original_id"": 391, ""cited_doc_ids"": [1148122], ""is_grounded"": false}"
scifact_train_392,Ethanol stress lowers the expression of PSP in bacteria.,,NOT_ENOUGH_INFO,scifact,Docs: 1148122,"{""original_id"": 392, ""cited_doc_ids"": [1148122], ""is_grounded"": false}"
scifact_train_393,Ethanol stress reduces the expression of SRL in bacteria.,,NOT_ENOUGH_INFO,scifact,Docs: 1148122,"{""original_id"": 393, ""cited_doc_ids"": [1148122], ""is_grounded"": false}"
scifact_train_394_doc11360768_rat0,Excess gestational weight gain is associated with obesity-related pregnancy outcomes.,"Interventions were associated with a reduced the risk of pre-eclampsia (0.74, 0.60 to 0.92) and shoulder dystocia (0.39, 0.22 to 0.70), with no significant effect on other critically important outcomes.",SUPPORTS,scifact,PubMed_11360768: Effects of interventions in pregnancy on maternal weight and obstetric outcomes: meta-analysis of randomised evidence,"{""original_id"": 394, ""doc_id"": 11360768, ""doc_title"": ""Effects of interventions in pregnancy on maternal weight and obstetric outcomes: meta-analysis of randomised evidence"", ""sentence_indices"": [8], ""is_grounded"": true}"
scifact_train_394_doc11360768_rat1,Excess gestational weight gain is associated with obesity-related pregnancy outcomes.,CONCLUSIONS Dietary and lifestyle interventions in pregnancy can reduce maternal gestational weight gain and improve outcomes for both mother and baby.,SUPPORTS,scifact,PubMed_11360768: Effects of interventions in pregnancy on maternal weight and obstetric outcomes: meta-analysis of randomised evidence,"{""original_id"": 394, ""doc_id"": 11360768, ""doc_title"": ""Effects of interventions in pregnancy on maternal weight and obstetric outcomes: meta-analysis of randomised evidence"", ""sentence_indices"": [11], ""is_grounded"": true}"
scifact_train_394_doc11360768_rat2,Excess gestational weight gain is associated with obesity-related pregnancy outcomes.,"Among the interventions, those based on diet are the most effective and are associated with reductions in maternal gestational weight gain and improved obstetric outcomes.",SUPPORTS,scifact,PubMed_11360768: Effects of interventions in pregnancy on maternal weight and obstetric outcomes: meta-analysis of randomised evidence,"{""original_id"": 394, ""doc_id"": 11360768, ""doc_title"": ""Effects of interventions in pregnancy on maternal weight and obstetric outcomes: meta-analysis of randomised evidence"", ""sentence_indices"": [12], ""is_grounded"": true}"
scifact_train_396_doc1456068_rat0,Exercise increases cancer mortality rates among Chinese citizens.,"Compared to women with a score of zero, hazard ratios (95% confidence intervals) for women with four to five factors were 0.57 (0.44-0.74) for total mortality, 0.29 (0.16-0.54) for CVD mortality, and 0.76 (0.54-1.06) for cancer mortality.",REFUTES,scifact,PubMed_1456068: Combined Impact of Lifestyle-Related Factors on Total and Cause-Specific Mortality among Chinese Women: Prospective Cohort Study,"{""original_id"": 396, ""doc_id"": 1456068, ""doc_title"": ""Combined Impact of Lifestyle-Related Factors on Total and Cause-Specific Mortality among Chinese Women: Prospective Cohort Study"", ""sentence_indices"": [8], ""is_grounded"": true}"
scifact_train_396_doc1456068_rat1,Exercise increases cancer mortality rates among Chinese citizens.,"The population attributable risks for not having 4-5 healthy lifestyle factors were 33% for total deaths, 59% for CVD deaths, and 19% for cancer deaths.",REFUTES,scifact,PubMed_1456068: Combined Impact of Lifestyle-Related Factors on Total and Cause-Specific Mortality among Chinese Women: Prospective Cohort Study,"{""original_id"": 396, ""doc_id"": 1456068, ""doc_title"": ""Combined Impact of Lifestyle-Related Factors on Total and Cause-Specific Mortality among Chinese Women: Prospective Cohort Study"", ""sentence_indices"": [10], ""is_grounded"": true}"
scifact_train_396_doc1456068_rat2,Exercise increases cancer mortality rates among Chinese citizens.,"CONCLUSIONS In this first study, to our knowledge, to quantify the combined impact of lifestyle-related factors on mortality outcomes in Chinese women, a healthier lifestyle pattern-including being of normal weight, lower central adiposity, participation in physical activity, nonexposure to spousal smoking, and higher fruit and vegetable intake-was associated with reductions in total and cause-specific mortality among lifetime nonsmoking and nondrinking women, supporting the importance of overall lifestyle modification in disease prevention.",REFUTES,scifact,PubMed_1456068: Combined Impact of Lifestyle-Related Factors on Total and Cause-Specific Mortality among Chinese Women: Prospective Cohort Study,"{""original_id"": 396, ""doc_id"": 1456068, ""doc_title"": ""Combined Impact of Lifestyle-Related Factors on Total and Cause-Specific Mortality among Chinese Women: Prospective Cohort Study"", ""sentence_indices"": [11], ""is_grounded"": true}"
scifact_train_397_doc1456068_rat0,Exercise reduces cancer mortality rates among Chinese citizens.,"Compared to women with a score of zero, hazard ratios (95% confidence intervals) for women with four to five factors were 0.57 (0.44-0.74) for total mortality, 0.29 (0.16-0.54) for CVD mortality, and 0.76 (0.54-1.06) for cancer mortality.",SUPPORTS,scifact,PubMed_1456068: Combined Impact of Lifestyle-Related Factors on Total and Cause-Specific Mortality among Chinese Women: Prospective Cohort Study,"{""original_id"": 397, ""doc_id"": 1456068, ""doc_title"": ""Combined Impact of Lifestyle-Related Factors on Total and Cause-Specific Mortality among Chinese Women: Prospective Cohort Study"", ""sentence_indices"": [8], ""is_grounded"": true}"
scifact_train_397_doc1456068_rat1,Exercise reduces cancer mortality rates among Chinese citizens.,"The population attributable risks for not having 4-5 healthy lifestyle factors were 33% for total deaths, 59% for CVD deaths, and 19% for cancer deaths.",SUPPORTS,scifact,PubMed_1456068: Combined Impact of Lifestyle-Related Factors on Total and Cause-Specific Mortality among Chinese Women: Prospective Cohort Study,"{""original_id"": 397, ""doc_id"": 1456068, ""doc_title"": ""Combined Impact of Lifestyle-Related Factors on Total and Cause-Specific Mortality among Chinese Women: Prospective Cohort Study"", ""sentence_indices"": [10], ""is_grounded"": true}"
scifact_train_397_doc1456068_rat2,Exercise reduces cancer mortality rates among Chinese citizens.,"CONCLUSIONS In this first study, to our knowledge, to quantify the combined impact of lifestyle-related factors on mortality outcomes in Chinese women, a healthier lifestyle pattern-including being of normal weight, lower central adiposity, participation in physical activity, nonexposure to spousal smoking, and higher fruit and vegetable intake-was associated with reductions in total and cause-specific mortality among lifetime nonsmoking and nondrinking women, supporting the importance of overall lifestyle modification in disease prevention.",SUPPORTS,scifact,PubMed_1456068: Combined Impact of Lifestyle-Related Factors on Total and Cause-Specific Mortality among Chinese Women: Prospective Cohort Study,"{""original_id"": 397, ""doc_id"": 1456068, ""doc_title"": ""Combined Impact of Lifestyle-Related Factors on Total and Cause-Specific Mortality among Chinese Women: Prospective Cohort Study"", ""sentence_indices"": [11], ""is_grounded"": true}"
scifact_train_398,Exhaustion of B cells contributes to poor Ab response in HIV-infected individuals.,,NOT_ENOUGH_INFO,scifact,Docs: 8883846,"{""original_id"": 398, ""cited_doc_ids"": [8883846], ""is_grounded"": false}"
scifact_train_400_doc791050_rat0,Exposure to fine particulate air pollution is unrelated to anxiety prevalence.,"Significantly increased odds of high anxiety symptoms were observed with higher exposure to PM2.5 for multiple averaging periods (for example, odds ratio per 10 µg/m(3) increase in prior one month average PM2.5: 1.12, 95% confidence interval 1.06 to 1.19; in prior 12 month average PM2.5: 1.15, 1.06 to 1.26).",REFUTES,scifact,PubMed_791050: The relation between past exposure to fine particulate air pollution and prevalent anxiety: observational cohort study,"{""original_id"": 400, ""doc_id"": 791050, ""doc_title"": ""The relation between past exposure to fine particulate air pollution and prevalent anxiety: observational cohort study"", ""sentence_indices"": [7], ""is_grounded"": true}"
scifact_train_400_doc791050_rat1,Exposure to fine particulate air pollution is unrelated to anxiety prevalence.,"CONCLUSIONS Exposure to fine particulate matter (PM2.5) was associated with high symptoms of anxiety, with more recent exposures potentially more relevant than more distant exposures.",REFUTES,scifact,PubMed_791050: The relation between past exposure to fine particulate air pollution and prevalent anxiety: observational cohort study,"{""original_id"": 400, ""doc_id"": 791050, ""doc_title"": ""The relation between past exposure to fine particulate air pollution and prevalent anxiety: observational cohort study"", ""sentence_indices"": [11], ""is_grounded"": true}"
scifact_train_401,"Expression of MSX2 is induced 3 hours after the addition of BMP4, which is earlier than T and CDX2.",,NOT_ENOUGH_INFO,scifact,Docs: 5633876,"{""original_id"": 401, ""cited_doc_ids"": [5633876], ""is_grounded"": false}"
scifact_train_403,Expression of oncolytic virus antigens as peptides makes relapse more likely.,,NOT_ENOUGH_INFO,scifact,Docs: 1921218,"{""original_id"": 403, ""cited_doc_ids"": [1921218], ""is_grounded"": false}"
scifact_train_404,Expression of oncolytic virus antigens as peptides permits additional protection against relapse.,,NOT_ENOUGH_INFO,scifact,Docs: 1921218,"{""original_id"": 404, ""cited_doc_ids"": [1921218], ""is_grounded"": false}"
scifact_train_406,F4/80+ macrophages regulate mature osteoblast maintenance.,,NOT_ENOUGH_INFO,scifact,Docs: 6796297,"{""original_id"": 406, ""cited_doc_ids"": [6796297], ""is_grounded"": false}"
scifact_train_407,FACT and other histone chaperone(s) compensate for Histone 2A (H2A)-histone 2B (H2B) dimer eviction during the histone exchange process.,,NOT_ENOUGH_INFO,scifact,Docs: 9889151,"{""original_id"": 407, ""cited_doc_ids"": [9889151], ""is_grounded"": false}"
scifact_train_413_doc6309659_rat0,Female carriers of the Apolipoprotein E4 (APOE4) allele have decreased risk for dementia.,"Risk of dementia associated with a longer reproductive period was most pronounced in APOE epsilon4 carriers (adjusted RR for >39 reproductive years compared with <34 reproductive years, 4.20 [95% CI, 1.97-8.92] for dementia and 3.42 [95% CI, 1.51-7.75] for AD), whereas in noncarriers, no clear association with dementia or AD was observed.",REFUTES,scifact,PubMed_6309659: Reproductive period and risk of dementia in postmenopausal women.,"{""original_id"": 413, ""doc_id"": 6309659, ""doc_title"": ""Reproductive period and risk of dementia in postmenopausal women."", ""sentence_indices"": [12], ""is_grounded"": true}"
scifact_train_414_doc6309659_rat0,Female carriers of the Apolipoprotein E4 (APOE4) allele have increased risk for Alzheimer's disease.,"Risk of dementia associated with a longer reproductive period was most pronounced in APOE epsilon4 carriers (adjusted RR for >39 reproductive years compared with <34 reproductive years, 4.20 [95% CI, 1.97-8.92] for dementia and 3.42 [95% CI, 1.51-7.75] for AD), whereas in noncarriers, no clear association with dementia or AD was observed.",SUPPORTS,scifact,PubMed_6309659: Reproductive period and risk of dementia in postmenopausal women.,"{""original_id"": 414, ""doc_id"": 6309659, ""doc_title"": ""Reproductive period and risk of dementia in postmenopausal women."", ""sentence_indices"": [12], ""is_grounded"": true}"
scifact_train_416_doc6309659_rat0,Female carriers of the Apolipoprotein E4 (APOE4) allele have longer lifetime exposure to estrogen due to an increased reproductive period.,"Risk of dementia associated with a longer reproductive period was most pronounced in APOE epsilon4 carriers (adjusted RR for >39 reproductive years compared with <34 reproductive years, 4.20 [95% CI, 1.97-8.92] for dementia and 3.42 [95% CI, 1.51-7.75] for AD), whereas in noncarriers, no clear association with dementia or AD was observed.",SUPPORTS,scifact,PubMed_6309659: Reproductive period and risk of dementia in postmenopausal women.,"{""original_id"": 416, ""doc_id"": 6309659, ""doc_title"": ""Reproductive period and risk of dementia in postmenopausal women."", ""sentence_indices"": [12], ""is_grounded"": true}"
scifact_train_417_doc6309659_rat0,Female carriers of the Apolipoprotein E4 (APOE4) allele have shorter lifetime exposure to estrogen due to a decreased reproductive period.,"Risk of dementia associated with a longer reproductive period was most pronounced in APOE epsilon4 carriers (adjusted RR for >39 reproductive years compared with <34 reproductive years, 4.20 [95% CI, 1.97-8.92] for dementia and 3.42 [95% CI, 1.51-7.75] for AD), whereas in noncarriers, no clear association with dementia or AD was observed.",REFUTES,scifact,PubMed_6309659: Reproductive period and risk of dementia in postmenopausal women.,"{""original_id"": 417, ""doc_id"": 6309659, ""doc_title"": ""Reproductive period and risk of dementia in postmenopausal women."", ""sentence_indices"": [12], ""is_grounded"": true}"
scifact_train_418,Fibroblast Growth Factor is a ligand which signals through receptor tyrosine kinases.,,NOT_ENOUGH_INFO,scifact,Docs: 16660256,"{""original_id"": 418, ""cited_doc_ids"": [16660256], ""is_grounded"": false}"
scifact_train_420_doc9315213_rat0,Fibroblast growth factor 21 protects against atherosclerosis by modulating adiponectin and SREBP2 levels.,"Replenishment of FGF21 protects against atherosclerosis in apolipoprotein E(-/-)mice via 2 independent mechanisms, inducing the adipocyte production of adiponectin, which in turn acts on the blood vessels to inhibit neointima formation and macrophage inflammation, and suppressing the hepatic expression of the transcription factor sterol regulatory element-binding protein-2, thereby leading to reduced cholesterol synthesis and attenuation of hypercholesterolemia.",SUPPORTS,scifact,PubMed_9315213: Fibroblast Growth Factor 21 Prevents Atherosclerosis by Suppression of Hepatic Sterol Regulatory Element-Binding Protein-2 and Induction of Adiponectin in Mice,"{""original_id"": 420, ""doc_id"": 9315213, ""doc_title"": ""Fibroblast Growth Factor 21 Prevents Atherosclerosis by Suppression of Hepatic Sterol Regulatory Element-Binding Protein-2 and Induction of Adiponectin in Mice"", ""sentence_indices"": [5], ""is_grounded"": true}"
scifact_train_422,Flexible molecules experience less steric hindrance in the tumor microenviroment than rigid molecules.,,NOT_ENOUGH_INFO,scifact,Docs: 11172205,"{""original_id"": 422, ""cited_doc_ids"": [11172205], ""is_grounded"": false}"
scifact_train_423,Folate and vitamin B12 levels influence the association between homocysteine and preeclampsia.,,NOT_ENOUGH_INFO,scifact,Docs: 8595678,"{""original_id"": 423, ""cited_doc_ids"": [8595678], ""is_grounded"": false}"
scifact_train_425,"For every 1,000 children with cerebral palsy, more than 300 of them are premature or underweight at birth.",,NOT_ENOUGH_INFO,scifact,Docs: 33257464,"{""original_id"": 425, ""cited_doc_ids"": [33257464], ""is_grounded"": false}"
scifact_train_426_doc16728949_rat0,Forkhead 0 (fox0) transcription factors are involved in apoptosis.,"The forkhead O (FoxO) family of transcription factors participates in diverse physiologic processes, including induction of cell-cycle arrest, stress resistance, differentiation, apoptosis, and metabolism.",SUPPORTS,scifact,PubMed_16728949: Cell Stem Cell Review FoxO Transcription Factors and Stem Cell Homeostasis: Insights from the Hematopoietic System,"{""original_id"": 426, ""doc_id"": 16728949, ""doc_title"": ""Cell Stem Cell Review FoxO Transcription Factors and Stem Cell Homeostasis: Insights from the Hematopoietic System"", ""sentence_indices"": [0], ""is_grounded"": true}"
scifact_train_428_doc16728949_rat0,Forkhead 0 (fox0) transcription factors are involved in cellular differentiation.,"The forkhead O (FoxO) family of transcription factors participates in diverse physiologic processes, including induction of cell-cycle arrest, stress resistance, differentiation, apoptosis, and metabolism.",SUPPORTS,scifact,PubMed_16728949: Cell Stem Cell Review FoxO Transcription Factors and Stem Cell Homeostasis: Insights from the Hematopoietic System,"{""original_id"": 428, ""doc_id"": 16728949, ""doc_title"": ""Cell Stem Cell Review FoxO Transcription Factors and Stem Cell Homeostasis: Insights from the Hematopoietic System"", ""sentence_indices"": [0], ""is_grounded"": true}"
scifact_train_429,Formation of N-terminal pyroglutamate by glutamine cyclase (GC) competes with NTAQ1 for Nt-Gln substrates.,,NOT_ENOUGH_INFO,scifact,Docs: 36540079,"{""original_id"": 429, ""cited_doc_ids"": [36540079], ""is_grounded"": false}"
scifact_train_430_doc28937856_rat0,FoxO3a activation in neuronal death is inhibited by reactive oxygen species (ROS).,"Thus, one way in which members of the Sir2 family of proteins may increase organismal longevity is by tipping FOXO-dependent responses away from apoptosis and toward stress resistance.",REFUTES,scifact,PubMed_28937856: Stress-dependent regulation of FOXO transcription factors by the SIRT1 deacetylase.,"{""original_id"": 430, ""doc_id"": 28937856, ""doc_title"": ""Stress-dependent regulation of FOXO transcription factors by the SIRT1 deacetylase."", ""sentence_indices"": [5], ""is_grounded"": true}"
scifact_train_432_doc8002887_rat0,Foxk2 regulates autophagy genes in muscle cells and fibroblast cells.,"Here, we identify Foxk proteins (Foxk1 and Foxk2) as transcriptional repressors of autophagy in muscle cells and fibroblasts.",SUPPORTS,scifact,PubMed_8002887: Foxk proteins repress the initiation of starvation-induced atrophy and autophagy programs,"{""original_id"": 432, ""doc_id"": 8002887, ""doc_title"": ""Foxk proteins repress the initiation of starvation-induced atrophy and autophagy programs"", ""sentence_indices"": [3], ""is_grounded"": true}"
scifact_train_432_doc8002887_rat1,Foxk2 regulates autophagy genes in muscle cells and fibroblast cells.,Foxk1/2 specifically recruits Sin3A-HDAC complexes to restrict acetylation of histone H4 and expression of critical autophagy genes.,SUPPORTS,scifact,PubMed_8002887: Foxk proteins repress the initiation of starvation-induced atrophy and autophagy programs,"{""original_id"": 432, ""doc_id"": 8002887, ""doc_title"": ""Foxk proteins repress the initiation of starvation-induced atrophy and autophagy programs"", ""sentence_indices"": [5], ""is_grounded"": true}"
scifact_train_434,Foxp3 enables the expression of transcriptional regulators implicated in memory T cell development.,,NOT_ENOUGH_INFO,scifact,Docs: 9500590,"{""original_id"": 434, ""cited_doc_ids"": [9500590], ""is_grounded"": false}"
scifact_train_435,Foxp3 represses the expression of transcriptional regulators implicated in memory T cell development.,,NOT_ENOUGH_INFO,scifact,Docs: 9500590,"{""original_id"": 435, ""cited_doc_ids"": [9500590], ""is_grounded"": false}"
scifact_train_441_doc2014909_rat0,G-CSF increases the expansion and infiltration of MDSCs into tumors.,"Here, integrating human tumour genomics and syngeneic mammary tumour models, we demonstrate that mTOR signalling in cancer cells dictates a mammary tumour's ability to stimulate MDSC accumulation through regulating G-CSF.",SUPPORTS,scifact,PubMed_2014909: Oncogenic mTOR signaling recruits myeloid-derived suppressor cells to promote tumor initiation,"{""original_id"": 441, ""doc_id"": 2014909, ""doc_title"": ""Oncogenic mTOR signaling recruits myeloid-derived suppressor cells to promote tumor initiation"", ""sentence_indices"": [2], ""is_grounded"": true}"
scifact_train_444_doc10165258_rat0,GATA3 regulates cell cycle progression in bone marrow hematopoietic stem cells.,"Furthermore, Gata3 mutant hematopoietic progenitor cells fail to be recruited into an increased cycling state after 5-fluorouracil-induced myelosuppression. Therefore, GATA-3 is required for the maintenance of a normal number of LT-HSCs and for their entry into the cell cycle.",SUPPORTS,scifact,PubMed_10165258: GATA-3 regulates hematopoietic stem cell maintenance and cell-cycle entry.,"{""original_id"": 444, ""doc_id"": 10165258, ""doc_title"": ""GATA-3 regulates hematopoietic stem cell maintenance and cell-cycle entry."", ""sentence_indices"": [5, 6], ""is_grounded"": true}"
scifact_train_445_doc10165258_rat0,GATA3 regulates self-renewal capacity in bone marrow hematopoietic stem cells.,"In the present study, we show that Gata3-null mutant mice generate fewer LT-HSCs and that fewer Gata3-null LT-HSCs are in cycle.",SUPPORTS,scifact,PubMed_10165258: GATA-3 regulates hematopoietic stem cell maintenance and cell-cycle entry.,"{""original_id"": 445, ""doc_id"": 10165258, ""doc_title"": ""GATA-3 regulates hematopoietic stem cell maintenance and cell-cycle entry."", ""sentence_indices"": [4], ""is_grounded"": true}"
scifact_train_445_doc10165258_rat1,GATA3 regulates self-renewal capacity in bone marrow hematopoietic stem cells.,"Therefore, GATA-3 is required for the maintenance of a normal number of LT-HSCs and for their entry into the cell cycle.",SUPPORTS,scifact,PubMed_10165258: GATA-3 regulates hematopoietic stem cell maintenance and cell-cycle entry.,"{""original_id"": 445, ""doc_id"": 10165258, ""doc_title"": ""GATA-3 regulates hematopoietic stem cell maintenance and cell-cycle entry."", ""sentence_indices"": [6], ""is_grounded"": true}"
scifact_train_447_doc2052720_rat0,Gastric infection with Helicobacter pylori decreases risk of gastric cancer in humans.,"The estimated odds ratio for the risk of gastric cancer in those with a history of infection with H pylori was 2.77 (95% confidence interval 1.04 to 7.97, 2p = 0.039).",REFUTES,scifact,PubMed_2052720: Association between infection with Helicobacter pylori and risk of gastric cancer: evidence from a prospective investigation.,"{""original_id"": 447, ""doc_id"": 2052720, ""doc_title"": ""Association between infection with Helicobacter pylori and risk of gastric cancer: evidence from a prospective investigation."", ""sentence_indices"": [6], ""is_grounded"": true}"
scifact_train_447_doc2052720_rat1,Gastric infection with Helicobacter pylori decreases risk of gastric cancer in humans.,CONCLUSIONS H pylori infection may be an important cause of gastric cancer; between 35% and 55% of all cases may be associated with such an infection.,REFUTES,scifact,PubMed_2052720: Association between infection with Helicobacter pylori and risk of gastric cancer: evidence from a prospective investigation.,"{""original_id"": 447, ""doc_id"": 2052720, ""doc_title"": ""Association between infection with Helicobacter pylori and risk of gastric cancer: evidence from a prospective investigation."", ""sentence_indices"": [7], ""is_grounded"": true}"
scifact_train_448_doc2052720_rat0,Gastric infection with Helicobacter pylori increases risk of gastric cancer in humans.,"The estimated odds ratio for the risk of gastric cancer in those with a history of infection with H pylori was 2.77 (95% confidence interval 1.04 to 7.97, 2p = 0.039).",SUPPORTS,scifact,PubMed_2052720: Association between infection with Helicobacter pylori and risk of gastric cancer: evidence from a prospective investigation.,"{""original_id"": 448, ""doc_id"": 2052720, ""doc_title"": ""Association between infection with Helicobacter pylori and risk of gastric cancer: evidence from a prospective investigation."", ""sentence_indices"": [6], ""is_grounded"": true}"
scifact_train_448_doc2052720_rat1,Gastric infection with Helicobacter pylori increases risk of gastric cancer in humans.,CONCLUSIONS H pylori infection may be an important cause of gastric cancer; between 35% and 55% of all cases may be associated with such an infection.,SUPPORTS,scifact,PubMed_2052720: Association between infection with Helicobacter pylori and risk of gastric cancer: evidence from a prospective investigation.,"{""original_id"": 448, ""doc_id"": 2052720, ""doc_title"": ""Association between infection with Helicobacter pylori and risk of gastric cancer: evidence from a prospective investigation."", ""sentence_indices"": [7], ""is_grounded"": true}"
scifact_train_449,Gastric lavage is an effective treatment for acute paraquat poisoning.,,NOT_ENOUGH_INFO,scifact,"Docs: 12209494,3430789","{""original_id"": 449, ""cited_doc_ids"": [12209494, 3430789], ""is_grounded"": false}"
scifact_train_453_doc4200695_rat0,General exercise therapy is more effective than rotator cuff exercises in reducing pain and improving function of the shoulder.,There was a significantly greater improvement in the Constant-Murley score in the specific exercise group than in the control exercise group (24 points (95% confidence interval 19 to 28.0) v 9 points (5 to 13); mean difference between group: 15 points (8.5 to 20.6)).,REFUTES,scifact,PubMed_4200695: Effect of specific exercise strategy on need for surgery in patients with subacromial impingement syndrome: randomised controlled study,"{""original_id"": 453, ""doc_id"": 4200695, ""doc_title"": ""Effect of specific exercise strategy on need for surgery in patients with subacromial impingement syndrome: randomised controlled study"", ""sentence_indices"": [11], ""is_grounded"": true}"
scifact_train_454_doc4200695_rat0,General exercise therapy is more effective than scapular stabilizer exercises in reducing pain and improving function of the shoulder.,There was a significantly greater improvement in the Constant-Murley score in the specific exercise group than in the control exercise group (24 points (95% confidence interval 19 to 28.0) v 9 points (5 to 13); mean difference between group: 15 points (8.5 to 20.6)).,REFUTES,scifact,PubMed_4200695: Effect of specific exercise strategy on need for surgery in patients with subacromial impingement syndrome: randomised controlled study,"{""original_id"": 454, ""doc_id"": 4200695, ""doc_title"": ""Effect of specific exercise strategy on need for surgery in patients with subacromial impingement syndrome: randomised controlled study"", ""sentence_indices"": [11], ""is_grounded"": true}"
scifact_train_454_doc4200695_rat1,General exercise therapy is more effective than scapular stabilizer exercises in reducing pain and improving function of the shoulder.,"Significantly more patients in the specific exercise group reported successful outcome (defined as large improvement or recovered) in the patients' global assessment of change because of treatment: 69% (35/51) v 24% (11/46); odds ratio 7.6, 3.1 to 18.9; P<0.001.",REFUTES,scifact,PubMed_4200695: Effect of specific exercise strategy on need for surgery in patients with subacromial impingement syndrome: randomised controlled study,"{""original_id"": 454, ""doc_id"": 4200695, ""doc_title"": ""Effect of specific exercise strategy on need for surgery in patients with subacromial impingement syndrome: randomised controlled study"", ""sentence_indices"": [12], ""is_grounded"": true}"
scifact_train_454_doc4200695_rat2,General exercise therapy is more effective than scapular stabilizer exercises in reducing pain and improving function of the shoulder.,"CONCLUSION A specific exercise strategy, focusing on strengthening eccentric exercises for the rotator cuff and concentric/eccentric exercises for the scapula stabilisers, is effective in reducing pain and improving shoulder function in patients with persistent subacromial impingement syndrome.",REFUTES,scifact,PubMed_4200695: Effect of specific exercise strategy on need for surgery in patients with subacromial impingement syndrome: randomised controlled study,"{""original_id"": 454, ""doc_id"": 4200695, ""doc_title"": ""Effect of specific exercise strategy on need for surgery in patients with subacromial impingement syndrome: randomised controlled study"", ""sentence_indices"": [14], ""is_grounded"": true}"
scifact_train_455_doc12643937_rat0,Genes involved in pre-mRNA splicing have a significant impact on genome stability.,"We demonstrate a widespread role for mRNA-processing factors in preventing DNA damage, which in some cases is caused by aberrant RNA-DNA structures.",SUPPORTS,scifact,PubMed_12643937: A genome-wide siRNA screen reveals diverse cellular processes and pathways that mediate genome stability.,"{""original_id"": 455, ""doc_id"": 12643937, ""doc_title"": ""A genome-wide siRNA screen reveals diverse cellular processes and pathways that mediate genome stability."", ""sentence_indices"": [3], ""is_grounded"": true}"
scifact_train_456,Genes regulated by Esrrb transcription factor are sensitive to Mbd3 function.,,NOT_ENOUGH_INFO,scifact,Docs: 30507607,"{""original_id"": 456, ""cited_doc_ids"": [30507607], ""is_grounded"": false}"
scifact_train_458_doc597790_rat0,Genetic deficiency of mast cells leads to decreased weight gain in a mouse model of diet-induced obesity.,"Furthermore, in the context of mice on a Western diet, genetically induced deficiency of mast cells, or their pharmacological stabilization, reduces body weight gain and levels of inflammatory cytokines, chemokines and proteases in serum and WAT, in concert with improved glucose homeostasis and energy expenditure.",SUPPORTS,scifact,PubMed_597790: Deficiency and pharmacological stabilization of mast cells reduce diet-induced obesity and diabetes in mice,"{""original_id"": 458, ""doc_id"": 597790, ""doc_title"": ""Deficiency and pharmacological stabilization of mast cells reduce diet-induced obesity and diabetes in mice"", ""sentence_indices"": [3], ""is_grounded"": true}"
scifact_train_461_doc40096222_rat0,Genetic deletion of JAM-A increases gut permeability.,"Mice lacking junctional adhesion molecule A (JAM-A, encoded by F11r) exhibit enhanced intestinal epithelial permeability, bacterial translocation, and elevated colonic lymphocyte numbers, yet do not develop colitis.",SUPPORTS,scifact,PubMed_40096222: Compromised intestinal epithelial barrier induces adaptive immune compensation that protects from colitis.,"{""original_id"": 461, ""doc_id"": 40096222, ""doc_title"": ""Compromised intestinal epithelial barrier induces adaptive immune compensation that protects from colitis."", ""sentence_indices"": [0], ""is_grounded"": true}"
scifact_train_463_doc19736671_rat0,Genomic aberrations of metastases provide information for targeted therapy.,Mouse tumors that mimic the genetic heterogeneity of human cancers can aid our understanding of the clonal evolution of metastasis and provide a realistic model for the testing of novel therapies.,SUPPORTS,scifact,PubMed_19736671: Evolution of metastasis revealed by mutational landscapes of chemically induced skin cancers,"{""original_id"": 463, ""doc_id"": 19736671, ""doc_title"": ""Evolution of metastasis revealed by mutational landscapes of chemically induced skin cancers"", ""sentence_indices"": [5], ""is_grounded"": true}"
scifact_train_466_doc22544171_rat0,Genomic sequences involved in alternative splicing responsible for Hutchinson-Gilford progeria syndrome (HGPS) are abundant in the ''progerinonly'' allele of Lmna knock-in models.,"Hutchinson-Gilford progeria syndrome (HGPS) is a childhood premature aging disease caused by a spontaneous point mutation in lamin A (encoded by LMNA), one of the major architectural elements of the mammalian cell nucleus. The mutant LMNA mRNA and lamin A protein can be efficiently eliminated by correction of the aberrant splicing event using a modified oligonucleotide targeted to the activated cryptic splice site. Upon splicing correction, HGPS fibroblasts assume normal nuclear morphology, the aberrant nuclear distribution and cellular levels of lamina-associated proteins are rescued, defects in heterochromatin-specific histone modifications are corrected and proper expression of several misregulated genes is reestablished.",REFUTES,scifact,PubMed_22544171: Reversal of the cellular phenotype in the premature aging disease Hutchinson-Gilford progeria syndrome,"{""original_id"": 466, ""doc_id"": 22544171, ""doc_title"": ""Reversal of the cellular phenotype in the premature aging disease Hutchinson-Gilford progeria syndrome"", ""sentence_indices"": [0, 4, 5], ""is_grounded"": true}"
scifact_train_469_doc1410197_rat0,Glial calcium waves influence seizures.,"We found that a Ca2+ elevation in astrocytes correlates with both the initial development and the maintenance of a focal, seizure-like discharge. Our data reveal that neurons engage astrocytes in a recurrent excitatory loop (possibly involving gliotransmission) that promotes seizure ignition and sustains the ictal discharge.",SUPPORTS,scifact,PubMed_1410197: An Excitatory Loop with Astrocytes Contributes to Drive Neurons to Seizure Threshold,"{""original_id"": 469, ""doc_id"": 1410197, ""doc_title"": ""An Excitatory Loop with Astrocytes Contributes to Drive Neurons to Seizure Threshold"", ""sentence_indices"": [6, 10], ""is_grounded"": true}"
scifact_train_470_doc12685434_rat0,"Glioblastoma multiforme (GBM) is characterized by extensive invasion, rapid growth, necrosis, and angiogenesis.","These include glioblastoma multiforme (GBM), which is characterized by independent but interrelated features of extensive invasion into normal brain parenchyma, rapid growth, necrosis, and angiogenesis.",SUPPORTS,scifact,PubMed_12685434: Guanylate binding protein 1 is a novel effector of EGFR-driven invasion in glioblastoma,"{""original_id"": 470, ""doc_id"": 12685434, ""doc_title"": ""Guanylate binding protein 1 is a novel effector of EGFR-driven invasion in glioblastoma"", ""sentence_indices"": [2], ""is_grounded"": true}"
scifact_train_472,Glucose restriction to 0.05% reduces RLS (replicative life span) by 20-40% in S. cerevisiae.,,NOT_ENOUGH_INFO,scifact,"Docs: 7185591,26330861,4414481","{""original_id"": 472, ""cited_doc_ids"": [7185591, 26330861, 4414481], ""is_grounded"": false}"
scifact_train_473,Glycan adaptation involves insertion-deletion events.,,NOT_ENOUGH_INFO,scifact,Docs: 4373433,"{""original_id"": 473, ""cited_doc_ids"": [4373433], ""is_grounded"": false}"
scifact_train_474,Glycan adaptation is rarely observed in the B-cell repertoire.,,NOT_ENOUGH_INFO,scifact,Docs: 4373433,"{""original_id"": 474, ""cited_doc_ids"": [4373433], ""is_grounded"": false}"
scifact_train_479_doc6325527_rat0,Gpr124 increases BBB breakdown in mouse models of ischemic stroke.,"Here Gpr124 conditional knockout (CKO) in the endothelia of adult mice did not affect homeostatic BBB integrity, but resulted in BBB disruption and microvascular hemorrhage in mouse models of both ischemic stroke and glioblastoma, accompanied by reduced cerebrovascular canonical Wnt-β-catenin signaling.",REFUTES,scifact,PubMed_6325527: Gpr124 is essential for blood–brain barrier integrity in central nervous system disease,"{""original_id"": 479, ""doc_id"": 6325527, ""doc_title"": ""Gpr124 is essential for blood\u2013brain barrier integrity in central nervous system disease"", ""sentence_indices"": [2], ""is_grounded"": true}"
scifact_train_480_doc6325527_rat0,Gpr124 suppresses BBB breakdown in mouse models of ischemic stroke.,"Here Gpr124 conditional knockout (CKO) in the endothelia of adult mice did not affect homeostatic BBB integrity, but resulted in BBB disruption and microvascular hemorrhage in mouse models of both ischemic stroke and glioblastoma, accompanied by reduced cerebrovascular canonical Wnt-β-catenin signaling.",SUPPORTS,scifact,PubMed_6325527: Gpr124 is essential for blood–brain barrier integrity in central nervous system disease,"{""original_id"": 480, ""doc_id"": 6325527, ""doc_title"": ""Gpr124 is essential for blood\u2013brain barrier integrity in central nervous system disease"", ""sentence_indices"": [2], ""is_grounded"": true}"
scifact_train_481,Guanine nucleotide dissociation inhibitor (Rho-GDI) interacts with the p75 NTR death domain,,NOT_ENOUGH_INFO,scifact,Docs: 14706752,"{""original_id"": 481, ""cited_doc_ids"": [14706752], ""is_grounded"": false}"
scifact_train_482_doc10991183_rat0,Guanine nucleotide exchange factors (GEFs) mediate RhoA activation in response to tensional forces on fibronectin-binding integrins.,"By combining biochemical and biophysical approaches, we identified two guanine nucleotide exchange factors (GEFs), LARG and GEF-H1, as key molecules that regulate the cellular adaptation to force.",SUPPORTS,scifact,PubMed_10991183: The Rho GEFs LARG and GEF-H1 regulate the mechanical response to force on integrins,"{""original_id"": 482, ""doc_id"": 10991183, ""doc_title"": ""The Rho GEFs LARG and GEF-H1 regulate the mechanical response to force on integrins"", ""sentence_indices"": [3], ""is_grounded"": true}"
scifact_train_483_doc22703082_rat0,H.pylori-mediated gastric cancer occurs due to the accumulation of mutations in host epithelial cells.,H. pylori-mediated upregulation of AID resulted in the accumulation of nucleotide alterations in the TP53 tumor suppressor gene in gastric cells in vitro.,SUPPORTS,scifact,PubMed_22703082: Helicobacter pylori infection triggers aberrant expression of activation-induced cytidine deaminase in gastric epithelium,"{""original_id"": 483, ""doc_id"": 22703082, ""doc_title"": ""Helicobacter pylori infection triggers aberrant expression of activation-induced cytidine deaminase in gastric epithelium"", ""sentence_indices"": [2], ""is_grounded"": true}"
scifact_train_483_doc22703082_rat1,H.pylori-mediated gastric cancer occurs due to the accumulation of mutations in host epithelial cells.,Our findings provide evidence that aberrant AID expression caused by H. pylori infection might be a mechanism of mutation accumulation in the gastric mucosa during H. pylori-associated gastric carcinogenesis.,SUPPORTS,scifact,PubMed_22703082: Helicobacter pylori infection triggers aberrant expression of activation-induced cytidine deaminase in gastric epithelium,"{""original_id"": 483, ""doc_id"": 22703082, ""doc_title"": ""Helicobacter pylori infection triggers aberrant expression of activation-induced cytidine deaminase in gastric epithelium"", ""sentence_indices"": [3], ""is_grounded"": true}"
scifact_train_484,"H4 G94P proteins induce chromatin assembly, which increases free histones.",,NOT_ENOUGH_INFO,scifact,Docs: 14637235,"{""original_id"": 484, ""cited_doc_ids"": [14637235], ""is_grounded"": false}"
scifact_train_485,H4 G94P proteins induce degradation of free histones via Rad53-dependent mechanisms.,,NOT_ENOUGH_INFO,scifact,Docs: 14637235,"{""original_id"": 485, ""cited_doc_ids"": [14637235], ""is_grounded"": false}"
scifact_train_486,"H4 G94P proteins inhibit chromatin assembly, which decreases free histones.",,NOT_ENOUGH_INFO,scifact,Docs: 14637235,"{""original_id"": 486, ""cited_doc_ids"": [14637235], ""is_grounded"": false}"
scifact_train_487,H4 G94P proteins suppress degradation of free histones via Rad53-dependent mechanisms.,,NOT_ENOUGH_INFO,scifact,Docs: 14637235,"{""original_id"": 487, ""cited_doc_ids"": [14637235], ""is_grounded"": false}"
scifact_train_488_doc1780819_rat0,HAND2 methylation is a key step in early endometrial carcinogenesis.,"METHODS AND FINDINGS Epigenome-wide methylation analysis of >27,000 CpG sites in endometrial cancer tissue samples (n = 64) and control samples (n = 23) revealed that HAND2 (a gene encoding a transcription factor expressed in the endometrial stroma) is one of the most commonly hypermethylated and silenced genes in endometrial cancer.",SUPPORTS,scifact,PubMed_1780819: Role of DNA Methylation and Epigenetic Silencing of HAND2 in Endometrial Cancer Development,"{""original_id"": 488, ""doc_id"": 1780819, ""doc_title"": ""Role of DNA Methylation and Epigenetic Silencing of HAND2 in Endometrial Cancer Development"", ""sentence_indices"": [4], ""is_grounded"": true}"
scifact_train_488_doc1780819_rat1,HAND2 methylation is a key step in early endometrial carcinogenesis.,Increased HAND2 methylation was a feature of premalignant endometrial lesions and was seen to parallel a decrease in RNA and protein levels.,SUPPORTS,scifact,PubMed_1780819: Role of DNA Methylation and Epigenetic Silencing of HAND2 in Endometrial Cancer Development,"{""original_id"": 488, ""doc_id"": 1780819, ""doc_title"": ""Role of DNA Methylation and Epigenetic Silencing of HAND2 in Endometrial Cancer Development"", ""sentence_indices"": [7], ""is_grounded"": true}"
scifact_train_488_doc1780819_rat2,HAND2 methylation is a key step in early endometrial carcinogenesis.,HAND2 methylation analysis of endometrial secretions collected using high vaginal swabs taken from women with postmenopausal bleeding specifically identified those patients with early stage endometrial cancer with both high sensitivity and high specificity (receiver operating characteristics area under the curve = 0.91 for stage 1A and 0.97 for higher than stage 1A).,SUPPORTS,scifact,PubMed_1780819: Role of DNA Methylation and Epigenetic Silencing of HAND2 in Endometrial Cancer Development,"{""original_id"": 488, ""doc_id"": 1780819, ""doc_title"": ""Role of DNA Methylation and Epigenetic Silencing of HAND2 in Endometrial Cancer Development"", ""sentence_indices"": [9], ""is_grounded"": true}"
scifact_train_488_doc1780819_rat3,HAND2 methylation is a key step in early endometrial carcinogenesis.,CONCLUSIONS HAND2 methylation is a common and crucial molecular alteration in endometrial cancer that could potentially be employed as a biomarker for early detection of endometrial cancer and as a predictor of treatment response.,SUPPORTS,scifact,PubMed_1780819: Role of DNA Methylation and Epigenetic Silencing of HAND2 in Endometrial Cancer Development,"{""original_id"": 488, ""doc_id"": 1780819, ""doc_title"": ""Role of DNA Methylation and Epigenetic Silencing of HAND2 in Endometrial Cancer Development"", ""sentence_indices"": [11], ""is_grounded"": true}"
scifact_train_489,HIV trans-activator protein (TAT) effectively transports large and small molecules across cellular membranes into larger populations of neurons.,,NOT_ENOUGH_INFO,scifact,Docs: 6625693,"{""original_id"": 489, ""cited_doc_ids"": [6625693], ""is_grounded"": false}"
scifact_train_490,HNF4A mutations are associated with macrosomia in infancy.,,NOT_ENOUGH_INFO,scifact,Docs: 56893404,"{""original_id"": 490, ""cited_doc_ids"": [56893404], ""is_grounded"": false}"
scifact_train_492,HOXB4 facilitates HSC expansion when co-cultured with HSCs.,,NOT_ENOUGH_INFO,scifact,Docs: 19583924,"{""original_id"": 492, ""cited_doc_ids"": [19583924], ""is_grounded"": false}"
scifact_train_493,HOXB4 is a highly expressed component of cellular secretome from fetal liver cell populations.,,NOT_ENOUGH_INFO,scifact,Docs: 19583924,"{""original_id"": 493, ""cited_doc_ids"": [19583924], ""is_grounded"": false}"
scifact_train_494,HSCT-T dosage may not be diagnostic if the onset of symptoms occurs less than 3 hours before AMI.,,NOT_ENOUGH_INFO,scifact,Docs: 34873974,"{""original_id"": 494, ""cited_doc_ids"": [34873974], ""is_grounded"": false}"
scifact_train_495_doc17077004_rat0,Having a main partner improves HIV outcomes.,"In an analysis stratified by previous antiretroviral therapy and clinical stage when starting HAART (US Centers for Disease Control and Prevention group A, B, or C), the adjusted hazard ratio for progression to AIDS or death was 0.79 (95% confidence interval 0.63 to 0.98) for participants with a stable partnership compared with those without.",SUPPORTS,scifact,PubMed_17077004: Stable partnership and progression to AIDS or death in HIV infected patients receiving highly active antiretroviral therapy: Swiss HIV cohort study.,"{""original_id"": 495, ""doc_id"": 17077004, ""doc_title"": ""Stable partnership and progression to AIDS or death in HIV infected patients receiving highly active antiretroviral therapy: Swiss HIV cohort study."", ""sentence_indices"": [7], ""is_grounded"": true}"
scifact_train_495_doc17077004_rat1,Having a main partner improves HIV outcomes.,CONCLUSIONS A stable partnership is associated with a slower rate of progression to AIDS or death in HIV infected patients receiving HAART.,SUPPORTS,scifact,PubMed_17077004: Stable partnership and progression to AIDS or death in HIV infected patients receiving highly active antiretroviral therapy: Swiss HIV cohort study.,"{""original_id"": 495, ""doc_id"": 17077004, ""doc_title"": ""Stable partnership and progression to AIDS or death in HIV infected patients receiving highly active antiretroviral therapy: Swiss HIV cohort study."", ""sentence_indices"": [9], ""is_grounded"": true}"
scifact_train_498_doc17077004_rat0,Having a main partner worsens HIV outcomes.,"In an analysis stratified by previous antiretroviral therapy and clinical stage when starting HAART (US Centers for Disease Control and Prevention group A, B, or C), the adjusted hazard ratio for progression to AIDS or death was 0.79 (95% confidence interval 0.63 to 0.98) for participants with a stable partnership compared with those without.",REFUTES,scifact,PubMed_17077004: Stable partnership and progression to AIDS or death in HIV infected patients receiving highly active antiretroviral therapy: Swiss HIV cohort study.,"{""original_id"": 498, ""doc_id"": 17077004, ""doc_title"": ""Stable partnership and progression to AIDS or death in HIV infected patients receiving highly active antiretroviral therapy: Swiss HIV cohort study."", ""sentence_indices"": [7], ""is_grounded"": true}"
scifact_train_498_doc17077004_rat1,Having a main partner worsens HIV outcomes.,CONCLUSIONS A stable partnership is associated with a slower rate of progression to AIDS or death in HIV infected patients receiving HAART.,REFUTES,scifact,PubMed_17077004: Stable partnership and progression to AIDS or death in HIV infected patients receiving highly active antiretroviral therapy: Swiss HIV cohort study.,"{""original_id"": 498, ""doc_id"": 17077004, ""doc_title"": ""Stable partnership and progression to AIDS or death in HIV infected patients receiving highly active antiretroviral therapy: Swiss HIV cohort study."", ""sentence_indices"": [9], ""is_grounded"": true}"
scifact_train_499_doc26064662_rat0,HbA1c consistently overestimates glycemic control in black individuals with Sickle cell trait (SCT).,"In unadjusted GEE analyses, for a given fasting glucose, HbA1c values were statistically significantly lower in those with (5.72%) vs those without (6.01%) SCT (mean HbA1c difference, −0.29%; 95% CI, −0.35% to −0.23%).",REFUTES,scifact,PubMed_26064662: Association of Sickle Cell Trait With Hemoglobin A1c in African Americans,"{""original_id"": 499, ""doc_id"": 26064662, ""doc_title"": ""Association of Sickle Cell Trait With Hemoglobin A1c in African Americans"", ""sentence_indices"": [10], ""is_grounded"": true}"
scifact_train_499_doc26064662_rat1,HbA1c consistently overestimates glycemic control in black individuals with Sickle cell trait (SCT).,"Findings were similar in models adjusted for key risk factors and in analyses using 2001 concurrent measures of 2-hour glucose and HbA1c concentration for those with SCT (mean, 5.35%) vs those without SCT (mean, 5.65%) for a mean HbA1c difference of −0.30% (95% CI, −0.39% to −0.21%).",REFUTES,scifact,PubMed_26064662: Association of Sickle Cell Trait With Hemoglobin A1c in African Americans,"{""original_id"": 499, ""doc_id"": 26064662, ""doc_title"": ""Association of Sickle Cell Trait With Hemoglobin A1c in African Americans"", ""sentence_indices"": [11], ""is_grounded"": true}"
scifact_train_499_doc26064662_rat2,HbA1c consistently overestimates glycemic control in black individuals with Sickle cell trait (SCT).,The prevalence of prediabetes and diabetes was statistically significantly lower among participants with SCT when defined using HbA1c values (29.2% vs 48.6% for prediabetes and 3.8% vs 7.3% for diabetes in 572 observations from participants with SCT and 6877 observations from participants without SCT; P<.001 for both comparisons).,REFUTES,scifact,PubMed_26064662: Association of Sickle Cell Trait With Hemoglobin A1c in African Americans,"{""original_id"": 499, ""doc_id"": 26064662, ""doc_title"": ""Association of Sickle Cell Trait With Hemoglobin A1c in African Americans"", ""sentence_indices"": [13], ""is_grounded"": true}"
scifact_train_499_doc26064662_rat3,HbA1c consistently overestimates glycemic control in black individuals with Sickle cell trait (SCT).,"Conclusions and Relevance Among African Americans from 2 large, well-established cohorts, participants with SCT had lower levels of HbA1c at any given concentration of fasting or 2-hour glucose compared with participants without SCT.",REFUTES,scifact,PubMed_26064662: Association of Sickle Cell Trait With Hemoglobin A1c in African Americans,"{""original_id"": 499, ""doc_id"": 26064662, ""doc_title"": ""Association of Sickle Cell Trait With Hemoglobin A1c in African Americans"", ""sentence_indices"": [14], ""is_grounded"": true}"
scifact_train_499_doc26064662_rat4,HbA1c consistently overestimates glycemic control in black individuals with Sickle cell trait (SCT).,These findings suggest that HbA1c may systematically underestimate past glycemia in black patients with SCT and may require further evaluation.,REFUTES,scifact,PubMed_26064662: Association of Sickle Cell Trait With Hemoglobin A1c in African Americans,"{""original_id"": 499, ""doc_id"": 26064662, ""doc_title"": ""Association of Sickle Cell Trait With Hemoglobin A1c in African Americans"", ""sentence_indices"": [15], ""is_grounded"": true}"
scifact_train_500_doc17930286_rat0,Headaches are correlated with cognitive impairment.,Evidence was lacking for cognitive impairment for any headache type with or without brain lesions.,REFUTES,scifact,"PubMed_17930286: Headache, migraine, and structural brain lesions and function: population based Epidemiology of Vascular Ageing-MRI study","{""original_id"": 500, ""doc_id"": 17930286, ""doc_title"": ""Headache, migraine, and structural brain lesions and function: population based Epidemiology of Vascular Ageing-MRI study"", ""sentence_indices"": [12], ""is_grounded"": true}"
scifact_train_504_doc10883736_rat0,Healthy volunteers exhibit rapid and transient increase of cellular ATP after being bolus-injected with fructose.,Liver ATP levels were similar in the 2 groups before fructose infusion and decreased similarly in both after fructose infusion (P = .01 vs initial ATP levels).,REFUTES,scifact,PubMed_10883736: Alterations in liver ATP homeostasis in human nonalcoholic steatohepatitis: a pilot study.,"{""original_id"": 504, ""doc_id"": 10883736, ""doc_title"": ""Alterations in liver ATP homeostasis in human nonalcoholic steatohepatitis: a pilot study."", ""sentence_indices"": [11], ""is_grounded"": true}"
scifact_train_505_doc22703082_rat0,Helicobacter pylori-induced aberrant NF-kB-dependent expression of activation-induced cytidine deaminase contributes to the mutagenesis of host DNA.,"Here we show that infection of gastric epithelial cells with 'cag' pathogenicity island (cagPAI)-positive H. pylori induced aberrant expression of activation-induced cytidine deaminase (AID), a member of the cytidine-deaminase family that acts as a DNA- and RNA-editing enzyme, via the IκB kinase-dependent nuclear factor-κB activation pathway.",SUPPORTS,scifact,PubMed_22703082: Helicobacter pylori infection triggers aberrant expression of activation-induced cytidine deaminase in gastric epithelium,"{""original_id"": 505, ""doc_id"": 22703082, ""doc_title"": ""Helicobacter pylori infection triggers aberrant expression of activation-induced cytidine deaminase in gastric epithelium"", ""sentence_indices"": [1], ""is_grounded"": true}"
scifact_train_505_doc22703082_rat1,Helicobacter pylori-induced aberrant NF-kB-dependent expression of activation-induced cytidine deaminase contributes to the mutagenesis of host DNA.,Our findings provide evidence that aberrant AID expression caused by H. pylori infection might be a mechanism of mutation accumulation in the gastric mucosa during H. pylori-associated gastric carcinogenesis.,SUPPORTS,scifact,PubMed_22703082: Helicobacter pylori infection triggers aberrant expression of activation-induced cytidine deaminase in gastric epithelium,"{""original_id"": 505, ""doc_id"": 22703082, ""doc_title"": ""Helicobacter pylori infection triggers aberrant expression of activation-induced cytidine deaminase in gastric epithelium"", ""sentence_indices"": [3], ""is_grounded"": true}"
scifact_train_506_doc7433668_rat0,Helminths interfere with immune system control of coinfections by microbial pathogens 16.,We show that mice infected with the intestinal helminth Nippostrongylus brasiliensis (Nb) exhibit a transitory impairment of resistance to airborne Mtb infection.,SUPPORTS,scifact,PubMed_7433668: Preexisting helminth infection induces inhibition of innate pulmonary anti-tuberculosis defense by engaging the IL-4 receptor pathway,"{""original_id"": 506, ""doc_id"": 7433668, ""doc_title"": ""Preexisting helminth infection induces inhibition of innate pulmonary anti-tuberculosis defense by engaging the IL-4 receptor pathway"", ""sentence_indices"": [1], ""is_grounded"": true}"
scifact_train_506_doc7433668_rat1,Helminths interfere with immune system control of coinfections by microbial pathogens 16.,"Furthermore, a second dose of Nb infection substantially increases the bacterial burden in the lungs of co-infected mice.",SUPPORTS,scifact,PubMed_7433668: Preexisting helminth infection induces inhibition of innate pulmonary anti-tuberculosis defense by engaging the IL-4 receptor pathway,"{""original_id"": 506, ""doc_id"": 7433668, ""doc_title"": ""Preexisting helminth infection induces inhibition of innate pulmonary anti-tuberculosis defense by engaging the IL-4 receptor pathway"", ""sentence_indices"": [2], ""is_grounded"": true}"
scifact_train_506_doc7433668_rat2,Helminths interfere with immune system control of coinfections by microbial pathogens 16.,"The Th2 response can thus enhance the intracellular persistence of Mtb, in part by mediating the alternative activation of macrophages via the IL-4Rα signaling pathway.",SUPPORTS,scifact,PubMed_7433668: Preexisting helminth infection induces inhibition of innate pulmonary anti-tuberculosis defense by engaging the IL-4 receptor pathway,"{""original_id"": 506, ""doc_id"": 7433668, ""doc_title"": ""Preexisting helminth infection induces inhibition of innate pulmonary anti-tuberculosis defense by engaging the IL-4 receptor pathway"", ""sentence_indices"": [7], ""is_grounded"": true}"
scifact_train_509,Hematopoietic Stem Cell purification reaches purity rates above 90%.,,NOT_ENOUGH_INFO,scifact,Docs: 13980338,"{""original_id"": 509, ""cited_doc_ids"": [13980338], ""is_grounded"": false}"
scifact_train_515_doc29564505_rat0,High levels of CRP lead to a higher risk of exacerbations in chronic obstructive pulmonary disease (COPD).,"In the first year of follow-up, multivariable-adjusted odds ratios for having frequent exacerbations were 1.2 (95% CI, 0.7-2.2; 17 events/1000 person-years) for individuals with 1 high biomarker, 1.7 (95% CI, 0.9-3.2; 32 events/1000 person-years) for individuals with 2 high biomarkers, and 3.7 (95% CI, 1.9-7.4; 81 events/1000 person-years) for individuals with 3 high biomarkers compared with individuals who had no elevated biomarkers (9 events/1000 person-years; trend: P = 2 × 10(-5)).",SUPPORTS,scifact,PubMed_29564505: Inflammatory biomarkers and exacerbations in chronic obstructive pulmonary disease.,"{""original_id"": 515, ""doc_id"": 29564505, ""doc_title"": ""Inflammatory biomarkers and exacerbations in chronic obstructive pulmonary disease."", ""sentence_indices"": [8], ""is_grounded"": true}"
scifact_train_515_doc29564505_rat1,High levels of CRP lead to a higher risk of exacerbations in chronic obstructive pulmonary disease (COPD).,"CONCLUSIONS AND RELEVANCE Simultaneously elevated levels of CRP and fibrinogen and leukocyte count in individuals with COPD were associated with increased risk of having exacerbations, even in those with milder COPD and in those without previous exacerbations.",SUPPORTS,scifact,PubMed_29564505: Inflammatory biomarkers and exacerbations in chronic obstructive pulmonary disease.,"{""original_id"": 515, ""doc_id"": 29564505, ""doc_title"": ""Inflammatory biomarkers and exacerbations in chronic obstructive pulmonary disease."", ""sentence_indices"": [13], ""is_grounded"": true}"
scifact_train_523_doc14803797_rat0,"Higher plasma levels of I-carnitine, when associated with trimethylamine N-oxide, are negatively correlated with cardiovascular events in humans.","We demonstrate here that metabolism by intestinal microbiota of dietary L-carnitine, a trimethylamine abundant in red meat, also produces TMAO and accelerates atherosclerosis in mice.",REFUTES,scifact,"PubMed_14803797: Intestinal microbiota metabolism of L-carnitine, a nutrient in red meat, promotes atherosclerosis","{""original_id"": 523, ""doc_id"": 14803797, ""doc_title"": ""Intestinal microbiota metabolism of L-carnitine, a nutrient in red meat, promotes atherosclerosis"", ""sentence_indices"": [1], ""is_grounded"": true}"
scifact_train_523_doc14803797_rat1,"Higher plasma levels of I-carnitine, when associated with trimethylamine N-oxide, are negatively correlated with cardiovascular events in humans.","Chronic dietary L-carnitine supplementation in mice altered cecal microbial composition, markedly enhanced synthesis of TMA and TMAO, and increased atherosclerosis, but this did not occur if intestinal microbiota was concurrently suppressed.",REFUTES,scifact,"PubMed_14803797: Intestinal microbiota metabolism of L-carnitine, a nutrient in red meat, promotes atherosclerosis","{""original_id"": 523, ""doc_id"": 14803797, ""doc_title"": ""Intestinal microbiota metabolism of L-carnitine, a nutrient in red meat, promotes atherosclerosis"", ""sentence_indices"": [5], ""is_grounded"": true}"
scifact_train_524_doc14803797_rat0,"Higher plasma levels of I-carnitine, when associated with trimethylamine N-oxide, are positively correlated with cardiovascular events in humans.","We demonstrate here that metabolism by intestinal microbiota of dietary L-carnitine, a trimethylamine abundant in red meat, also produces TMAO and accelerates atherosclerosis in mice.",SUPPORTS,scifact,"PubMed_14803797: Intestinal microbiota metabolism of L-carnitine, a nutrient in red meat, promotes atherosclerosis","{""original_id"": 524, ""doc_id"": 14803797, ""doc_title"": ""Intestinal microbiota metabolism of L-carnitine, a nutrient in red meat, promotes atherosclerosis"", ""sentence_indices"": [1], ""is_grounded"": true}"
scifact_train_524_doc14803797_rat1,"Higher plasma levels of I-carnitine, when associated with trimethylamine N-oxide, are positively correlated with cardiovascular events in humans.","Chronic dietary L-carnitine supplementation in mice altered cecal microbial composition, markedly enhanced synthesis of TMA and TMAO, and increased atherosclerosis, but this did not occur if intestinal microbiota was concurrently suppressed.",SUPPORTS,scifact,"PubMed_14803797: Intestinal microbiota metabolism of L-carnitine, a nutrient in red meat, promotes atherosclerosis","{""original_id"": 524, ""doc_id"": 14803797, ""doc_title"": ""Intestinal microbiota metabolism of L-carnitine, a nutrient in red meat, promotes atherosclerosis"", ""sentence_indices"": [5], ""is_grounded"": true}"
scifact_train_526,Homozygous deletion of murine Sbds gene from osterix-expressing mesenchymal stem and progenitor cells (MPCs) induces oxidative stress.,,NOT_ENOUGH_INFO,scifact,Docs: 3863543,"{""original_id"": 526, ""cited_doc_ids"": [3863543], ""is_grounded"": false}"
scifact_train_529_doc10546779_rat0,Human embryonic stem cells give rise to cell types from all three embryonic germ layers.,The SCNT-hES-1 cells displayed typical ES cell morphology and cell surface markers and were capable of differentiating into embryoid bodies in vitro and of forming teratomas in vivo containing cell derivatives from all three embryonic germ layers in severe combined immunodeficient mice.,SUPPORTS,scifact,PubMed_10546779: Evidence of a pluripotent human embryonic stem cell line derived from a cloned blastocyst.,"{""original_id"": 529, ""doc_id"": 10546779, ""doc_title"": ""Evidence of a pluripotent human embryonic stem cell line derived from a cloned blastocyst."", ""sentence_indices"": [2], ""is_grounded"": true}"
scifact_train_529_doc25413327_rat0,Human embryonic stem cells give rise to cell types from all three embryonic germ layers.,Embryonic stem (ES) cell lines derived from human blastocysts have the developmental potential to form derivatives of all three embryonic germ layers even after prolonged culture.,SUPPORTS,scifact,PubMed_25413327: Clonally derived human embryonic stem cell lines maintain pluripotency and proliferative potential for prolonged periods of culture.,"{""original_id"": 529, ""doc_id"": 25413327, ""doc_title"": ""Clonally derived human embryonic stem cell lines maintain pluripotency and proliferative potential for prolonged periods of culture."", ""sentence_indices"": [0], ""is_grounded"": true}"
scifact_train_529_doc25413327_rat1,Human embryonic stem cells give rise to cell types from all three embryonic germ layers.,High-passage H9.1 and H9.2 cells both formed teratomas in SCID-beige mice that included differentiated derivatives of all three embryonic germ layers.,SUPPORTS,scifact,PubMed_25413327: Clonally derived human embryonic stem cell lines maintain pluripotency and proliferative potential for prolonged periods of culture.,"{""original_id"": 529, ""doc_id"": 25413327, ""doc_title"": ""Clonally derived human embryonic stem cell lines maintain pluripotency and proliferative potential for prolonged periods of culture."", ""sentence_indices"": [5], ""is_grounded"": true}"
scifact_train_529_doc36651210_rat0,Human embryonic stem cells give rise to cell types from all three embryonic germ layers.,Embryonic stem cells have the ability to remain undifferentiated and proliferate indefinitely in vitro while maintaining the potential to differentiate into derivatives of all three embryonic germ layers.,SUPPORTS,scifact,PubMed_36651210: Establishment and in vitro differentiation of a new embryonic stem cell line from human blastocyst.,"{""original_id"": 529, ""doc_id"": 36651210, ""doc_title"": ""Establishment and in vitro differentiation of a new embryonic stem cell line from human blastocyst."", ""sentence_indices"": [0], ""is_grounded"": true}"
scifact_train_530_doc10546779_rat0,"Human embryonic stem cells give rise to cell types from the outer embryonic germ layer, but not the other two layers.",The SCNT-hES-1 cells displayed typical ES cell morphology and cell surface markers and were capable of differentiating into embryoid bodies in vitro and of forming teratomas in vivo containing cell derivatives from all three embryonic germ layers in severe combined immunodeficient mice.,REFUTES,scifact,PubMed_10546779: Evidence of a pluripotent human embryonic stem cell line derived from a cloned blastocyst.,"{""original_id"": 530, ""doc_id"": 10546779, ""doc_title"": ""Evidence of a pluripotent human embryonic stem cell line derived from a cloned blastocyst."", ""sentence_indices"": [2], ""is_grounded"": true}"
scifact_train_530_doc25413327_rat0,"Human embryonic stem cells give rise to cell types from the outer embryonic germ layer, but not the other two layers.",Embryonic stem (ES) cell lines derived from human blastocysts have the developmental potential to form derivatives of all three embryonic germ layers even after prolonged culture.,REFUTES,scifact,PubMed_25413327: Clonally derived human embryonic stem cell lines maintain pluripotency and proliferative potential for prolonged periods of culture.,"{""original_id"": 530, ""doc_id"": 25413327, ""doc_title"": ""Clonally derived human embryonic stem cell lines maintain pluripotency and proliferative potential for prolonged periods of culture."", ""sentence_indices"": [0], ""is_grounded"": true}"
scifact_train_530_doc25413327_rat1,"Human embryonic stem cells give rise to cell types from the outer embryonic germ layer, but not the other two layers.",High-passage H9.1 and H9.2 cells both formed teratomas in SCID-beige mice that included differentiated derivatives of all three embryonic germ layers.,REFUTES,scifact,PubMed_25413327: Clonally derived human embryonic stem cell lines maintain pluripotency and proliferative potential for prolonged periods of culture.,"{""original_id"": 530, ""doc_id"": 25413327, ""doc_title"": ""Clonally derived human embryonic stem cell lines maintain pluripotency and proliferative potential for prolonged periods of culture."", ""sentence_indices"": [5], ""is_grounded"": true}"
scifact_train_530_doc36651210_rat0,"Human embryonic stem cells give rise to cell types from the outer embryonic germ layer, but not the other two layers.",Embryonic stem cells have the ability to remain undifferentiated and proliferate indefinitely in vitro while maintaining the potential to differentiate into derivatives of all three embryonic germ layers.,REFUTES,scifact,PubMed_36651210: Establishment and in vitro differentiation of a new embryonic stem cell line from human blastocyst.,"{""original_id"": 530, ""doc_id"": 36651210, ""doc_title"": ""Establishment and in vitro differentiation of a new embryonic stem cell line from human blastocyst."", ""sentence_indices"": [0], ""is_grounded"": true}"
scifact_train_531_doc10546779_rat0,Human embryonic stem cells have the capacity to give rise to differentiated progeny representative of all three embryonic germ layers.,The SCNT-hES-1 cells displayed typical ES cell morphology and cell surface markers and were capable of differentiating into embryoid bodies in vitro and of forming teratomas in vivo containing cell derivatives from all three embryonic germ layers in severe combined immunodeficient mice.,SUPPORTS,scifact,PubMed_10546779: Evidence of a pluripotent human embryonic stem cell line derived from a cloned blastocyst.,"{""original_id"": 531, ""doc_id"": 10546779, ""doc_title"": ""Evidence of a pluripotent human embryonic stem cell line derived from a cloned blastocyst."", ""sentence_indices"": [2], ""is_grounded"": true}"
scifact_train_531_doc25413327_rat0,Human embryonic stem cells have the capacity to give rise to differentiated progeny representative of all three embryonic germ layers.,Embryonic stem (ES) cell lines derived from human blastocysts have the developmental potential to form derivatives of all three embryonic germ layers even after prolonged culture.,SUPPORTS,scifact,PubMed_25413327: Clonally derived human embryonic stem cell lines maintain pluripotency and proliferative potential for prolonged periods of culture.,"{""original_id"": 531, ""doc_id"": 25413327, ""doc_title"": ""Clonally derived human embryonic stem cell lines maintain pluripotency and proliferative potential for prolonged periods of culture."", ""sentence_indices"": [0], ""is_grounded"": true}"
scifact_train_531_doc36651210_rat0,Human embryonic stem cells have the capacity to give rise to differentiated progeny representative of all three embryonic germ layers.,Embryonic stem cells have the ability to remain undifferentiated and proliferate indefinitely in vitro while maintaining the potential to differentiate into derivatives of all three embryonic germ layers.,SUPPORTS,scifact,PubMed_36651210: Establishment and in vitro differentiation of a new embryonic stem cell line from human blastocyst.,"{""original_id"": 531, ""doc_id"": 36651210, ""doc_title"": ""Establishment and in vitro differentiation of a new embryonic stem cell line from human blastocyst."", ""sentence_indices"": [0], ""is_grounded"": true}"
scifact_train_537_doc16056514_rat0,Hypocretin neurones suppress panicprone state in rats.,"Here we show that activation of ORX-synthesizing neurons is necessary for developing a panic-prone state in the rat panic model, and either silencing of the hypothalamic gene encoding ORX (Hcrt) with RNAi or systemic ORX-1 receptor antagonists blocks the panic responses.",REFUTES,scifact,PubMed_16056514: A KEY ROLE FOR OREXIN IN PANIC ANXIETY,"{""original_id"": 537, ""doc_id"": 16056514, ""doc_title"": ""A KEY ROLE FOR OREXIN IN PANIC ANXIETY"", ""sentence_indices"": [4], ""is_grounded"": true}"
scifact_train_541_doc45154987_rat0,Hypothalamic glutamate neurotransmission is unrelated to energy balance.,"Corroboratively, selective disruption of glutamate release from adult PVH neurons led to rapid obesity development via reduced energy expenditure and hyperphagia.",REFUTES,scifact,PubMed_45154987: Glutamate mediates the function of melanocortin receptor 4 on Sim1 neurons in body weight regulation.,"{""original_id"": 541, ""doc_id"": 45154987, ""doc_title"": ""Glutamate mediates the function of melanocortin receptor 4 on Sim1 neurons in body weight regulation."", ""sentence_indices"": [7], ""is_grounded"": true}"
scifact_train_541_doc45154987_rat1,Hypothalamic glutamate neurotransmission is unrelated to energy balance.,"Thus, this study establishes glutamate as the primary neurotransmitter that mediates MC4Rs on Sim1 neurons in body weight regulation.",REFUTES,scifact,PubMed_45154987: Glutamate mediates the function of melanocortin receptor 4 on Sim1 neurons in body weight regulation.,"{""original_id"": 541, ""doc_id"": 45154987, ""doc_title"": ""Glutamate mediates the function of melanocortin receptor 4 on Sim1 neurons in body weight regulation."", ""sentence_indices"": [8], ""is_grounded"": true}"
scifact_train_541_doc11886686_rat0,Hypothalamic glutamate neurotransmission is unrelated to energy balance.,These mice have hypoglycemia during fasting secondary to impaired fasting-induced increases in the glucose-raising pancreatic hormone glucagon and impaired induction in liver of mRNAs encoding PGC-1alpha and the gluconeogenic enzymes PEPCK and G6Pase.,REFUTES,scifact,PubMed_11886686: Synaptic glutamate release by ventromedial hypothalamic neurons is part of the neurocircuitry that prevents hypoglycemia.,"{""original_id"": 541, ""doc_id"": 11886686, ""doc_title"": ""Synaptic glutamate release by ventromedial hypothalamic neurons is part of the neurocircuitry that prevents hypoglycemia."", ""sentence_indices"": [5], ""is_grounded"": true}"
scifact_train_542_doc19688024_rat0,"IFI16 impedes STING phosphorylation and translocation, resulting in reduced activation of STING.","IFI16 is also required for the cGAMP-induced activation of STING, and interacts with STING to promote STING phosphorylation and translocation.",REFUTES,scifact,PubMed_19688024: IFI16 and cGAS cooperate in the activation of STING during DNA sensing in human keratinocytes,"{""original_id"": 542, ""doc_id"": 19688024, ""doc_title"": ""IFI16 and cGAS cooperate in the activation of STING during DNA sensing in human keratinocytes"", ""sentence_indices"": [3], ""is_grounded"": true}"
scifact_train_545,IFIT1 speeds viral replication by allowing for the proliferation of mis-capped viral RNAs.,,NOT_ENOUGH_INFO,scifact,Docs: 24221369,"{""original_id"": 545, ""cited_doc_ids"": [24221369], ""is_grounded"": false}"
scifact_train_547_doc10648422_rat0,IL-10 production by monocytes inhibits CD4 + T cell response.,Triggering of PD-1 expressed on monocytes by PD-L1 expressed on various cell types induced IL-10 production and led to reversible CD4+ T cell dysfunction.,SUPPORTS,scifact,PubMed_10648422: Programmed death-1–induced interleukin-10 production by monocytes impairs CD4+ T cell activation during HIV infection,"{""original_id"": 547, ""doc_id"": 10648422, ""doc_title"": ""Programmed death-1\u2013induced interleukin-10 production by monocytes impairs CD4+ T cell activation during HIV infection"", ""sentence_indices"": [4], ""is_grounded"": true}"
scifact_train_547_doc10648422_rat1,IL-10 production by monocytes inhibits CD4 + T cell response.,We describe a new function for PD-1 whereby microbial products inhibit T cell expansion and function by upregulating PD-1 levels and IL-10 production by monocytes after binding of PD-1 by PD-L1.,SUPPORTS,scifact,PubMed_10648422: Programmed death-1–induced interleukin-10 production by monocytes impairs CD4+ T cell activation during HIV infection,"{""original_id"": 547, ""doc_id"": 10648422, ""doc_title"": ""Programmed death-1\u2013induced interleukin-10 production by monocytes impairs CD4+ T cell activation during HIV infection"", ""sentence_indices"": [5], ""is_grounded"": true}"
scifact_train_548_doc18199839_rat0,IL-6 signaling plays a major role in atherosclerotic cardiovascular disease.,"By contrast, for every copy of 358Ala inherited, mean concentration of IL6R increased by 34·3% (95% CI 30·4-38·2) and of interleukin 6 by 14·6% (10·7-18·4), and mean concentration of C-reactive protein was reduced by 7·5% (5·9-9·1) and of fibrinogen by 1·0% (0·7-1·3). For every copy of 358Ala inherited, risk of coronary heart disease was reduced by 3·4% (1·8-5·0).",SUPPORTS,scifact,PubMed_18199839: Interleukin-6 receptor pathways in coronary heart disease: a collaborative meta-analysis of 82 studies,"{""original_id"": 548, ""doc_id"": 18199839, ""doc_title"": ""Interleukin-6 receptor pathways in coronary heart disease: a collaborative meta-analysis of 82 studies"", ""sentence_indices"": [8, 9], ""is_grounded"": true}"
scifact_train_548_doc18199839_rat1,IL-6 signaling plays a major role in atherosclerotic cardiovascular disease.,INTERPRETATION Large-scale human genetic and biomarker data are consistent with a causal association between IL6R-related pathways and coronary heart disease.,SUPPORTS,scifact,PubMed_18199839: Interleukin-6 receptor pathways in coronary heart disease: a collaborative meta-analysis of 82 studies,"{""original_id"": 548, ""doc_id"": 18199839, ""doc_title"": ""Interleukin-6 receptor pathways in coronary heart disease: a collaborative meta-analysis of 82 studies"", ""sentence_indices"": [11], ""is_grounded"": true}"
scifact_train_550,ITAM phosphorylation allows for the transfer of the T cell receptor (TCR) signal from the echo-domain to the cytoplasmic tail of the T cell receptor (TCR).,,NOT_ENOUGH_INFO,scifact,Docs: 33499189,"{""original_id"": 550, ""cited_doc_ids"": [33499189], ""is_grounded"": false}"
scifact_train_553_doc1471041_rat0,IgA plasma cells that are specific for transglutaminase 2 are scarce in the duodenal mucosa of celiac disease patients when the disease is active.,We found that TG2-specific plasma cells are markedly expanded within the duodenal mucosa in individuals with active celiac disease.,REFUTES,scifact,PubMed_1471041: High abundance of plasma cells secreting transglutaminase 2–specific IgA autoantibodies with limited somatic hypermutation in celiac disease intestinal lesions,"{""original_id"": 553, ""doc_id"": 1471041, ""doc_title"": ""High abundance of plasma cells secreting transglutaminase 2\u2013specific IgA autoantibodies with limited somatic hypermutation in celiac disease intestinal lesions"", ""sentence_indices"": [3], ""is_grounded"": true}"
scifact_train_555,Immune complex triggered cell death leads to extracellular release of nuclear DNA.,,NOT_ENOUGH_INFO,scifact,Docs: 1049501,"{""original_id"": 555, ""cited_doc_ids"": [1049501], ""is_grounded"": false}"
scifact_train_557,Immune complex triggered cell death leads to sequestration of oxidized mitochondrial DNA.,,NOT_ENOUGH_INFO,scifact,Docs: 1049501,"{""original_id"": 557, ""cited_doc_ids"": [1049501], ""is_grounded"": false}"
scifact_train_559_doc3475317_rat0,Immune responses in immune cells are geographically segregated.,"Although the balance between systemic pro- and anti-inflammatory signals is crucial to TB disease outcome, here we find that these signals are physically segregated within each granuloma.",SUPPORTS,scifact,PubMed_3475317: Inflammatory signaling in human Tuberculosis granulomas is spatially organized,"{""original_id"": 559, ""doc_id"": 3475317, ""doc_title"": ""Inflammatory signaling in human Tuberculosis granulomas is spatially organized"", ""sentence_indices"": [7], ""is_grounded"": true}"
scifact_train_562_doc20101846_rat0,Improvements in OER catalysts show stable activity over several hundred hours.,The catalyst shows no evidence of degradation after more than 500 hours of operation.,SUPPORTS,scifact,PubMed_20101846: Homogeneously dispersed multimetal oxygen-evolving catalysts,"{""original_id"": 562, ""doc_id"": 20101846, ""doc_title"": ""Homogeneously dispersed multimetal oxygen-evolving catalysts"", ""sentence_indices"": [4], ""is_grounded"": true}"
scifact_train_563_doc2867345_rat0,"In British Men, haplogroup I decreases risk of cardiovascular disease.","Carriers of haplogroup I had about a 50% higher age-adjusted risk of coronary artery disease than did men with other Y chromosome lineages in BHF-FHS (odds ratio 1·75, 95% CI 1·20-2·54, p=0·004), WOSCOPS (1·45, 1·08-1·95, p=0·012), and joint analysis of both populations (1·56, 1·24-1·97, p=0·0002).",REFUTES,scifact,PubMed_2867345: Inheritance of coronary artery disease in men: an analysis of the role of the Y chromosome,"{""original_id"": 563, ""doc_id"": 2867345, ""doc_title"": ""Inheritance of coronary artery disease in men: an analysis of the role of the Y chromosome"", ""sentence_indices"": [7], ""is_grounded"": true}"
scifact_train_564_doc2867345_rat0,"In British Men, haplogroup I increases risk of cardiovascular disease by 50%.","Carriers of haplogroup I had about a 50% higher age-adjusted risk of coronary artery disease than did men with other Y chromosome lineages in BHF-FHS (odds ratio 1·75, 95% CI 1·20-2·54, p=0·004), WOSCOPS (1·45, 1·08-1·95, p=0·012), and joint analysis of both populations (1·56, 1·24-1·97, p=0·0002).",SUPPORTS,scifact,PubMed_2867345: Inheritance of coronary artery disease in men: an analysis of the role of the Y chromosome,"{""original_id"": 564, ""doc_id"": 2867345, ""doc_title"": ""Inheritance of coronary artery disease in men: an analysis of the role of the Y chromosome"", ""sentence_indices"": [7], ""is_grounded"": true}"
scifact_train_565_doc16120395_rat0,"In S. cerevisiae, the absence of RNA surveillance pathways causes sensitivity to high iron conditions.","We show that many mRNAs encoding iron uptake or iron mobilization proteins are expressed in iron-replete conditions in the absence of the S. cerevisiae RNase III ortholog Rnt1p or of the nuclear exosome component Rrp6p. Extended forms of these mRNAs accumulate in the absence of Rnt1p or of the 5'-->3' exonucleases Xrn1p and Rat1p, showing that multiple degradative pathways contribute to the surveillance of aberrant forms of these transcripts.",SUPPORTS,scifact,PubMed_16120395: Multiple RNA surveillance pathways limit aberrant expression of iron uptake mRNAs and prevent iron toxicity in S. cerevisiae.,"{""original_id"": 565, ""doc_id"": 16120395, ""doc_title"": ""Multiple RNA surveillance pathways limit aberrant expression of iron uptake mRNAs and prevent iron toxicity in S. cerevisiae."", ""sentence_indices"": [1, 2], ""is_grounded"": true}"
scifact_train_565_doc16120395_rat1,"In S. cerevisiae, the absence of RNA surveillance pathways causes sensitivity to high iron conditions.","RNase III-deficient cells are hypersensitive to high iron concentrations, suggesting that Rnt1p-mediated RNA surveillance is required to prevent iron toxicity.",SUPPORTS,scifact,PubMed_16120395: Multiple RNA surveillance pathways limit aberrant expression of iron uptake mRNAs and prevent iron toxicity in S. cerevisiae.,"{""original_id"": 565, ""doc_id"": 16120395, ""doc_title"": ""Multiple RNA surveillance pathways limit aberrant expression of iron uptake mRNAs and prevent iron toxicity in S. cerevisiae."", ""sentence_indices"": [3], ""is_grounded"": true}"
scifact_train_565_doc16120395_rat2,"In S. cerevisiae, the absence of RNA surveillance pathways causes sensitivity to high iron conditions.",These results show that RNA surveillance through multiple ribonucleolytic pathways plays a role in iron homeostasis in yeast to avoid the potentially toxic effects of the expression of the iron starvation response in iron-replete conditions.,SUPPORTS,scifact,PubMed_16120395: Multiple RNA surveillance pathways limit aberrant expression of iron uptake mRNAs and prevent iron toxicity in S. cerevisiae.,"{""original_id"": 565, ""doc_id"": 16120395, ""doc_title"": ""Multiple RNA surveillance pathways limit aberrant expression of iron uptake mRNAs and prevent iron toxicity in S. cerevisiae."", ""sentence_indices"": [4], ""is_grounded"": true}"
scifact_train_566_doc16120395_rat0,"In S. cerevisiae, the absence of RNA surveillance pathways reduces sensitivity to high iron conditions.","We show that many mRNAs encoding iron uptake or iron mobilization proteins are expressed in iron-replete conditions in the absence of the S. cerevisiae RNase III ortholog Rnt1p or of the nuclear exosome component Rrp6p. Extended forms of these mRNAs accumulate in the absence of Rnt1p or of the 5'-->3' exonucleases Xrn1p and Rat1p, showing that multiple degradative pathways contribute to the surveillance of aberrant forms of these transcripts.",REFUTES,scifact,PubMed_16120395: Multiple RNA surveillance pathways limit aberrant expression of iron uptake mRNAs and prevent iron toxicity in S. cerevisiae.,"{""original_id"": 566, ""doc_id"": 16120395, ""doc_title"": ""Multiple RNA surveillance pathways limit aberrant expression of iron uptake mRNAs and prevent iron toxicity in S. cerevisiae."", ""sentence_indices"": [1, 2], ""is_grounded"": true}"
scifact_train_566_doc16120395_rat1,"In S. cerevisiae, the absence of RNA surveillance pathways reduces sensitivity to high iron conditions.","RNase III-deficient cells are hypersensitive to high iron concentrations, suggesting that Rnt1p-mediated RNA surveillance is required to prevent iron toxicity.",REFUTES,scifact,PubMed_16120395: Multiple RNA surveillance pathways limit aberrant expression of iron uptake mRNAs and prevent iron toxicity in S. cerevisiae.,"{""original_id"": 566, ""doc_id"": 16120395, ""doc_title"": ""Multiple RNA surveillance pathways limit aberrant expression of iron uptake mRNAs and prevent iron toxicity in S. cerevisiae."", ""sentence_indices"": [3], ""is_grounded"": true}"
scifact_train_566_doc16120395_rat2,"In S. cerevisiae, the absence of RNA surveillance pathways reduces sensitivity to high iron conditions.",These results show that RNA surveillance through multiple ribonucleolytic pathways plays a role in iron homeostasis in yeast to avoid the potentially toxic effects of the expression of the iron starvation response in iron-replete conditions.,REFUTES,scifact,PubMed_16120395: Multiple RNA surveillance pathways limit aberrant expression of iron uptake mRNAs and prevent iron toxicity in S. cerevisiae.,"{""original_id"": 566, ""doc_id"": 16120395, ""doc_title"": ""Multiple RNA surveillance pathways limit aberrant expression of iron uptake mRNAs and prevent iron toxicity in S. cerevisiae."", ""sentence_indices"": [4], ""is_grounded"": true}"
scifact_train_568_doc23418635_rat0,"In a naive state, blocking Wingless-Int-1 secretion from mouse embryonic stem cells inhibits self-renewal of the mouse embryonic stem cells.","We show here that paracrine and autocrine Wnt signals are essential self-renewal factors for ESCs, and are required to inhibit their differentiation into EpiSCs.",SUPPORTS,scifact,PubMed_23418635: Embryonic stem cells require Wnt proteins to prevent differentiation to epiblast stem cells,"{""original_id"": 568, ""doc_id"": 23418635, ""doc_title"": ""Embryonic stem cells require Wnt proteins to prevent differentiation to epiblast stem cells"", ""sentence_indices"": [5], ""is_grounded"": true}"
scifact_train_568_doc23418635_rat1,"In a naive state, blocking Wingless-Int-1 secretion from mouse embryonic stem cells inhibits self-renewal of the mouse embryonic stem cells.","Moreover, we find that Wnt proteins in combination with the cytokine LIF are sufficient to support ESC self-renewal in the absence of any undefined factors, and support the derivation of new ESC lines, including ones from non-permissive mouse strains.",SUPPORTS,scifact,PubMed_23418635: Embryonic stem cells require Wnt proteins to prevent differentiation to epiblast stem cells,"{""original_id"": 568, ""doc_id"": 23418635, ""doc_title"": ""Embryonic stem cells require Wnt proteins to prevent differentiation to epiblast stem cells"", ""sentence_indices"": [6], ""is_grounded"": true}"
scifact_train_568_doc23418635_rat2,"In a naive state, blocking Wingless-Int-1 secretion from mouse embryonic stem cells inhibits self-renewal of the mouse embryonic stem cells.","Our results not only demonstrate that Wnt signals regulate the naive-to-primed pluripotency transition, but also identify Wnt as an essential and limiting ESC self-renewal factor.",SUPPORTS,scifact,PubMed_23418635: Embryonic stem cells require Wnt proteins to prevent differentiation to epiblast stem cells,"{""original_id"": 568, ""doc_id"": 23418635, ""doc_title"": ""Embryonic stem cells require Wnt proteins to prevent differentiation to epiblast stem cells"", ""sentence_indices"": [7], ""is_grounded"": true}"
scifact_train_570_doc20333864_rat0,"In breast cancer, the loss of myoepithelial cells promotes the transition of ductal carcinoma in situ to invasive carcinoma.",Progression to invasion was promoted by fibroblasts and inhibited by normal myoepithelial cells.,SUPPORTS,scifact,PubMed_20333864: Regulation of in situ to invasive breast carcinoma transition.,"{""original_id"": 570, ""doc_id"": 20333864, ""doc_title"": ""Regulation of in situ to invasive breast carcinoma transition."", ""sentence_indices"": [2], ""is_grounded"": true}"
scifact_train_570_doc20333864_rat1,"In breast cancer, the loss of myoepithelial cells promotes the transition of ductal carcinoma in situ to invasive carcinoma.","Molecular profiles of isolated luminal epithelial and myoepithelial cells identified an intricate interaction network involving TGFbeta, Hedgehog, cell adhesion, and p63 required for myoepithelial cell differentiation, the elimination of which resulted in loss of myoepithelial cells and progression to invasion.",SUPPORTS,scifact,PubMed_20333864: Regulation of in situ to invasive breast carcinoma transition.,"{""original_id"": 570, ""doc_id"": 20333864, ""doc_title"": ""Regulation of in situ to invasive breast carcinoma transition."", ""sentence_indices"": [3], ""is_grounded"": true}"
scifact_train_571_doc20333864_rat0,"In breast cancer, the loss of myoepithelial cells slows the transition of ductal carcinoma in situ to invasive carcinoma.",Progression to invasion was promoted by fibroblasts and inhibited by normal myoepithelial cells.,REFUTES,scifact,PubMed_20333864: Regulation of in situ to invasive breast carcinoma transition.,"{""original_id"": 571, ""doc_id"": 20333864, ""doc_title"": ""Regulation of in situ to invasive breast carcinoma transition."", ""sentence_indices"": [2], ""is_grounded"": true}"
scifact_train_571_doc20333864_rat1,"In breast cancer, the loss of myoepithelial cells slows the transition of ductal carcinoma in situ to invasive carcinoma.","Molecular profiles of isolated luminal epithelial and myoepithelial cells identified an intricate interaction network involving TGFbeta, Hedgehog, cell adhesion, and p63 required for myoepithelial cell differentiation, the elimination of which resulted in loss of myoepithelial cells and progression to invasion.",REFUTES,scifact,PubMed_20333864: Regulation of in situ to invasive breast carcinoma transition.,"{""original_id"": 571, ""doc_id"": 20333864, ""doc_title"": ""Regulation of in situ to invasive breast carcinoma transition."", ""sentence_indices"": [3], ""is_grounded"": true}"
scifact_train_572,"In chronic viral infections or tumors, peptides that selectively inhibit PTPRS can be utilized to boost insufficient activity of pDCs.",,NOT_ENOUGH_INFO,scifact,Docs: 4447055,"{""original_id"": 572, ""cited_doc_ids"": [4447055], ""is_grounded"": false}"
scifact_train_573,"In domesticated populations of Saccharomyces cerevisiae, segmental aneuploidy is very common.",,NOT_ENOUGH_INFO,scifact,Docs: 10300888,"{""original_id"": 573, ""cited_doc_ids"": [10300888], ""is_grounded"": false}"
scifact_train_574,"In domesticated populations of Saccharomyces cerevisiae, segmental aneuploidy occurs infrequently.",,NOT_ENOUGH_INFO,scifact,Docs: 10300888,"{""original_id"": 574, ""cited_doc_ids"": [10300888], ""is_grounded"": false}"
scifact_train_576_doc4468861_rat0,"In melanoma, anti-CTLA-4 treatment reinvigorates exhausted PD-1+Eomes+CD8 T cells.",Unbiased analyses of mice revealed that resistance was due to upregulation of PD-L1 on melanoma cells and associated with T-cell exhaustion.,SUPPORTS,scifact,PubMed_4468861: Radiation and Dual Checkpoint Blockade Activates Non-Redundant Immune Mechanisms in Cancer,"{""original_id"": 576, ""doc_id"": 4468861, ""doc_title"": ""Radiation and Dual Checkpoint Blockade Activates Non-Redundant Immune Mechanisms in Cancer"", ""sentence_indices"": [4], ""is_grounded"": true}"
scifact_train_579_doc34139429_rat0,"In patients with congenital heart defects, β-blockers significantly improve clinical heart failure outcomes.",CONCLUSIONS These preliminary results suggest that carvedilol does not significantly improve clinical heart failure outcomes in children and adolescents with symptomatic systolic heart failure.,REFUTES,scifact,PubMed_34139429: Carvedilol for children and adolescents with heart failure: a randomized controlled trial.,"{""original_id"": 579, ""doc_id"": 34139429, ""doc_title"": ""Carvedilol for children and adolescents with heart failure: a randomized controlled trial."", ""sentence_indices"": [13], ""is_grounded"": true}"
scifact_train_580_doc23460562_rat0,"In pediatric tissue, most T cells are naive T cell emigrants from the thymus.","Whereas adult tissues contain a predominance of memory T cells, in pediatric blood and tissues the main subset consists of naive recent thymic emigrants, with effector memory T cells (T(EM)) found only in the lungs and small intestine.",SUPPORTS,scifact,PubMed_23460562: Early life compartmentalization of human T cell differentiation and regulatory function in mucosal and lymphoid tissues,"{""original_id"": 580, ""doc_id"": 23460562, ""doc_title"": ""Early life compartmentalization of human T cell differentiation and regulatory function in mucosal and lymphoid tissues"", ""sentence_indices"": [4], ""is_grounded"": true}"
scifact_train_582,"In rhesus macaques, daily subcutaneous injections of emtricitabine are ineffective at protecting against rectally transmitted simian-human immunodeficiency virus.",,NOT_ENOUGH_INFO,scifact,Docs: 14260013,"{""original_id"": 582, ""cited_doc_ids"": [14260013], ""is_grounded"": false}"
scifact_train_584_doc14260013_rat0,"In rhesus macaques, daily subcutaneous injections of tenofovir protects against rectally transmitted simian-human immunodeficiency virus.",All six macaques in group 3 were protected.,SUPPORTS,scifact,PubMed_14260013: Prevention of Rectal SHIV Transmission in Macaques by Daily or Intermittent Prophylaxis with Emtricitabine and Tenofovir ,"{""original_id"": 584, ""doc_id"": 14260013, ""doc_title"": ""Prevention of Rectal SHIV Transmission in Macaques by Daily or Intermittent Prophylaxis with Emtricitabine and Tenofovir "", ""sentence_indices"": [9], ""is_grounded"": true}"
scifact_train_585,"In the UK, drowning affects boys and girls equally.",,NOT_ENOUGH_INFO,scifact,Docs: 42291761,"{""original_id"": 585, ""cited_doc_ids"": [42291761], ""is_grounded"": false}"
scifact_train_588,"In transgenic mice harboring green florescent protein under the control of the Sox2 promoter, more than 50 percent of the cells with green florescent colocalize with cell proliferation markers.",,NOT_ENOUGH_INFO,scifact,Docs: 16999023,"{""original_id"": 588, ""cited_doc_ids"": [16999023], ""is_grounded"": false}"
scifact_train_590_doc10984005_rat0,"In young and middle-aged adults, current or remote uses of ADHD medications increase the risk of serious cardiovascular events.","The multivariable-adjusted rate ratio (RR) of serious cardiovascular events for current use vs nonuse of ADHD medications was 0.83 (95% CI, 0.72-0.96). Among new users of ADHD medications, the adjusted RR was 0.77 (95% CI, 0.63-0.94).",REFUTES,scifact,PubMed_10984005: ADHD medications and risk of serious cardiovascular events in young and middle-aged adults.,"{""original_id"": 590, ""doc_id"": 10984005, ""doc_title"": ""ADHD medications and risk of serious cardiovascular events in young and middle-aged adults."", ""sentence_indices"": [9, 10], ""is_grounded"": true}"
scifact_train_590_doc10984005_rat1,"In young and middle-aged adults, current or remote uses of ADHD medications increase the risk of serious cardiovascular events.","CONCLUSIONS Among young and middle-aged adults, current or new use of ADHD medications, compared with nonuse or remote use, was not associated with an increased risk of serious cardiovascular events.",REFUTES,scifact,PubMed_10984005: ADHD medications and risk of serious cardiovascular events in young and middle-aged adults.,"{""original_id"": 590, ""doc_id"": 10984005, ""doc_title"": ""ADHD medications and risk of serious cardiovascular events in young and middle-aged adults."", ""sentence_indices"": [12], ""is_grounded"": true}"
scifact_train_591_doc14682243_rat0,Incidence of 10/66 dementia is higher than the incidence of DSM-IV dementia.,"Incidence for 10/66 dementia varied between 18·2 and 30·4 per 1000 person-years, and were 1·4-2·7 times higher than were those for DSM-IV dementia (9·9-15·7 per 1000 person-years).",SUPPORTS,scifact,"PubMed_14682243: Dementia incidence and mortality in middle-income countries, and associations with indicators of cognitive reserve: a 10/66 Dementia Research Group population-based cohort study","{""original_id"": 591, ""doc_id"": 14682243, ""doc_title"": ""Dementia incidence and mortality in middle-income countries, and associations with indicators of cognitive reserve: a 10/66 Dementia Research Group population-based cohort study"", ""sentence_indices"": [8], ""is_grounded"": true}"
scifact_train_592_doc14682243_rat0,Incidence of 10/66 dementia is lower than the incidence of DSM-IV dementia.,"Incidence for 10/66 dementia varied between 18·2 and 30·4 per 1000 person-years, and were 1·4-2·7 times higher than were those for DSM-IV dementia (9·9-15·7 per 1000 person-years).",REFUTES,scifact,"PubMed_14682243: Dementia incidence and mortality in middle-income countries, and associations with indicators of cognitive reserve: a 10/66 Dementia Research Group population-based cohort study","{""original_id"": 592, ""doc_id"": 14682243, ""doc_title"": ""Dementia incidence and mortality in middle-income countries, and associations with indicators of cognitive reserve: a 10/66 Dementia Research Group population-based cohort study"", ""sentence_indices"": [8], ""is_grounded"": true}"
scifact_train_594_doc19675911_rat0,Incidence of heart failure increased by 10% in women since 1979.,"RESULTS The incidence of heart failure was higher among men (378/100 000 persons; 95% confidence interval [CI], 361-395 for men; 289/100 000 persons; 95% CI, 277-300 for women) and did not change over time among men or women.",REFUTES,scifact,PubMed_19675911: Trends in heart failure incidence and survival in a community-based population.,"{""original_id"": 594, ""doc_id"": 19675911, ""doc_title"": ""Trends in heart failure incidence and survival in a community-based population."", ""sentence_indices"": [5], ""is_grounded"": true}"
scifact_train_595_doc4824840_rat0,Incidence of sepsis has fallen substantially from 2009 to 2014.,"From 2009-2014, sepsis incidence using clinical criteria was stable (+0.6% relative change/y [95% CI, −2.3% to 3.5%], P = .67) whereas incidence per claims increased (+10.3%/y [95% CI, 7.2% to 13.3%], P < .001).",REFUTES,scifact,"PubMed_4824840: Incidence and Trends of Sepsis in US Hospitals Using Clinical vs Claims Data, 2009-2014","{""original_id"": 595, ""doc_id"": 4824840, ""doc_title"": ""Incidence and Trends of Sepsis in US Hospitals Using Clinical vs Claims Data, 2009-2014"", ""sentence_indices"": [9], ""is_grounded"": true}"
scifact_train_595_doc4824840_rat1,Incidence of sepsis has fallen substantially from 2009 to 2014.,"Conclusions and Relevance In clinical data from 409 hospitals, sepsis was present in 6% of adult hospitalizations, and in contrast to claims-based analyses, neither the incidence of sepsis nor the combined outcome of death or discharge to hospice changed significantly between 2009-2014.",REFUTES,scifact,"PubMed_4824840: Incidence and Trends of Sepsis in US Hospitals Using Clinical vs Claims Data, 2009-2014","{""original_id"": 595, ""doc_id"": 4824840, ""doc_title"": ""Incidence and Trends of Sepsis in US Hospitals Using Clinical vs Claims Data, 2009-2014"", ""sentence_indices"": [13], ""is_grounded"": true}"
scifact_train_600_doc12258338_rat0,Including pharmacists in rounding teams does not alter the incidence of adverse drug events (ADEs).,"RESULTS The rate of preventable ordering ADEs decreased by 66% from 10.4 per 1000 patient-days (95% confidence interval [CI], 7-14) before the intervention to 3.5 (95% CI, 1-5; P<.001) after the intervention.",REFUTES,scifact,PubMed_12258338: Pharmacist participation on physician rounds and adverse drug events in the intensive care unit.,"{""original_id"": 600, ""doc_id"": 12258338, ""doc_title"": ""Pharmacist participation on physician rounds and adverse drug events in the intensive care unit."", ""sentence_indices"": [11], ""is_grounded"": true}"
scifact_train_600_doc12258338_rat1,Including pharmacists in rounding teams does not alter the incidence of adverse drug events (ADEs).,CONCLUSIONS The presence of a pharmacist on rounds as a full member of the patient care team in a medical ICU was associated with a substantially lower rate of ADEs caused by prescribing errors.,REFUTES,scifact,PubMed_12258338: Pharmacist participation on physician rounds and adverse drug events in the intensive care unit.,"{""original_id"": 600, ""doc_id"": 12258338, ""doc_title"": ""Pharmacist participation on physician rounds and adverse drug events in the intensive care unit."", ""sentence_indices"": [14], ""is_grounded"": true}"
scifact_train_601_doc12258338_rat0,Including pharmacists in rounding teams reduces the incidence of adverse drug events (ADEs).,"RESULTS The rate of preventable ordering ADEs decreased by 66% from 10.4 per 1000 patient-days (95% confidence interval [CI], 7-14) before the intervention to 3.5 (95% CI, 1-5; P<.001) after the intervention.",SUPPORTS,scifact,PubMed_12258338: Pharmacist participation on physician rounds and adverse drug events in the intensive care unit.,"{""original_id"": 601, ""doc_id"": 12258338, ""doc_title"": ""Pharmacist participation on physician rounds and adverse drug events in the intensive care unit."", ""sentence_indices"": [11], ""is_grounded"": true}"
scifact_train_601_doc12258338_rat1,Including pharmacists in rounding teams reduces the incidence of adverse drug events (ADEs).,CONCLUSIONS The presence of a pharmacist on rounds as a full member of the patient care team in a medical ICU was associated with a substantially lower rate of ADEs caused by prescribing errors.,SUPPORTS,scifact,PubMed_12258338: Pharmacist participation on physician rounds and adverse drug events in the intensive care unit.,"{""original_id"": 601, ""doc_id"": 12258338, ""doc_title"": ""Pharmacist participation on physician rounds and adverse drug events in the intensive care unit."", ""sentence_indices"": [14], ""is_grounded"": true}"
scifact_train_602,Increase of p62 in prostate tumor stroma results in defective autophagy.,,NOT_ENOUGH_INFO,scifact,Docs: 3701541,"{""original_id"": 602, ""cited_doc_ids"": [3701541], ""is_grounded"": false}"
scifact_train_603_doc6540064_rat0,Increased LDL receptors plays a role in the reduction of plasma Lp(a).,"RESULTS Alirocumab reduced ultracentrifugally isolated LDL-C by 55.1%, LDL-apoB by 56.3%, and plasma Lp(a) by 18.7%. The fall in LDL-apoB was caused by an 80.4% increase in LDL-apoB FCR and a 23.9% reduction in LDL-apoB PR. The latter was due to a 46.1% increase in IDL-apoB FCR coupled with a 27.2% decrease in conversion of IDL to LDL.",SUPPORTS,scifact,PubMed_6540064: Effects of PCSK9 Inhibition With Alirocumab on Lipoprotein Metabolism in Healthy Humans,"{""original_id"": 603, ""doc_id"": 6540064, ""doc_title"": ""Effects of PCSK9 Inhibition With Alirocumab on Lipoprotein Metabolism in Healthy Humans"", ""sentence_indices"": [9, 10, 11], ""is_grounded"": true}"
scifact_train_603_doc6540064_rat1,Increased LDL receptors plays a role in the reduction of plasma Lp(a).,The increase in apo(a) FCR during alirocumab treatment suggests that increased LDL receptors may also play a role in the reduction of plasma Lp(a).,SUPPORTS,scifact,PubMed_6540064: Effects of PCSK9 Inhibition With Alirocumab on Lipoprotein Metabolism in Healthy Humans,"{""original_id"": 603, ""doc_id"": 6540064, ""doc_title"": ""Effects of PCSK9 Inhibition With Alirocumab on Lipoprotein Metabolism in Healthy Humans"", ""sentence_indices"": [16], ""is_grounded"": true}"
scifact_train_606,Increased conversion of PGE 2 to PPARy ligand 15-ket-PGE 2 causes accumulation of PGE.,,NOT_ENOUGH_INFO,scifact,Docs: 712078,"{""original_id"": 606, ""cited_doc_ids"": [712078], ""is_grounded"": false}"
scifact_train_607_doc4506414_rat0,Increased diastolic blood pressure (DBP) is associated with abdominal aortic aneurysm.,"Compared with diastolic blood pressure, raised systolic blood pressure had a greater effect on angina, myocardial infarction, and peripheral arterial disease, whereas raised diastolic blood pressure had a greater effect on abdominal aortic aneurysm than did raised systolic pressure.",SUPPORTS,scifact,"PubMed_4506414: Blood pressure and incidence of twelve cardiovascular diseases: lifetime risks, healthy life-years lost, and age-specific associations in 1·25 million people","{""original_id"": 607, ""doc_id"": 4506414, ""doc_title"": ""Blood pressure and incidence of twelve cardiovascular diseases: lifetime risks, healthy life-years lost, and age-specific associations in 1\u00b725 million people"", ""sentence_indices"": [9], ""is_grounded"": true}"
scifact_train_609,Increased flux of microbial products provokes immune responses.,,NOT_ENOUGH_INFO,scifact,Docs: 40096222,"{""original_id"": 609, ""cited_doc_ids"": [40096222], ""is_grounded"": false}"
scifact_train_610,Increased flux of microbial products suppresses immune responses.,,NOT_ENOUGH_INFO,scifact,Docs: 40096222,"{""original_id"": 610, ""cited_doc_ids"": [40096222], ""is_grounded"": false}"
scifact_train_611,Increased lipolysis leads to higher P38 phosphorylation in adipose tissue.,,NOT_ENOUGH_INFO,scifact,Docs: 32408470,"{""original_id"": 611, ""cited_doc_ids"": [32408470], ""is_grounded"": false}"
scifact_train_612_doc9638032_rat0,Increased microtubule acetylation exacerbates LRRK2 Roc-COR domain mutation induced locomotor deficits.,"In vitro, increasing microtubule acetylation using deacetylase inhibitors or the tubulin acetylase αTAT1 prevents association of mutant LRRK2 with microtubules, and the deacetylase inhibitor trichostatin A (TSA) restores axonal transport.",REFUTES,scifact,PubMed_9638032: Increasing microtubule acetylation rescues axonal transport and locomotor deficits caused by LRRK2 Roc-COR domain mutations,"{""original_id"": 612, ""doc_id"": 9638032, ""doc_title"": ""Increasing microtubule acetylation rescues axonal transport and locomotor deficits caused by LRRK2 Roc-COR domain mutations"", ""sentence_indices"": [4], ""is_grounded"": true}"
scifact_train_614_doc9638032_rat0,Increased microtubule acetylation repairs interference of axonal transport caused by LRRK2 Roc-COR domain mutations.,"In vitro, increasing microtubule acetylation using deacetylase inhibitors or the tubulin acetylase αTAT1 prevents association of mutant LRRK2 with microtubules, and the deacetylase inhibitor trichostatin A (TSA) restores axonal transport.",SUPPORTS,scifact,PubMed_9638032: Increasing microtubule acetylation rescues axonal transport and locomotor deficits caused by LRRK2 Roc-COR domain mutations,"{""original_id"": 614, ""doc_id"": 9638032, ""doc_title"": ""Increasing microtubule acetylation rescues axonal transport and locomotor deficits caused by LRRK2 Roc-COR domain mutations"", ""sentence_indices"": [4], ""is_grounded"": true}"
scifact_train_614_doc9638032_rat1,Increased microtubule acetylation repairs interference of axonal transport caused by LRRK2 Roc-COR domain mutations.,"In vivo knockdown of the deacetylases HDAC6 and Sirt2, or administration of TSA rescues both axonal transport and locomotor behavior.",SUPPORTS,scifact,PubMed_9638032: Increasing microtubule acetylation rescues axonal transport and locomotor deficits caused by LRRK2 Roc-COR domain mutations,"{""original_id"": 614, ""doc_id"": 9638032, ""doc_title"": ""Increasing microtubule acetylation rescues axonal transport and locomotor deficits caused by LRRK2 Roc-COR domain mutations"", ""sentence_indices"": [5], ""is_grounded"": true}"
scifact_train_615_doc9638032_rat0,Increased microtubule acetylation worsens interference of axonal transport caused by LRRK2 Roc-COR domain mutations.,"In vitro, increasing microtubule acetylation using deacetylase inhibitors or the tubulin acetylase αTAT1 prevents association of mutant LRRK2 with microtubules, and the deacetylase inhibitor trichostatin A (TSA) restores axonal transport.",REFUTES,scifact,PubMed_9638032: Increasing microtubule acetylation rescues axonal transport and locomotor deficits caused by LRRK2 Roc-COR domain mutations,"{""original_id"": 615, ""doc_id"": 9638032, ""doc_title"": ""Increasing microtubule acetylation rescues axonal transport and locomotor deficits caused by LRRK2 Roc-COR domain mutations"", ""sentence_indices"": [4], ""is_grounded"": true}"
scifact_train_615_doc9638032_rat1,Increased microtubule acetylation worsens interference of axonal transport caused by LRRK2 Roc-COR domain mutations.,"In vivo knockdown of the deacetylases HDAC6 and Sirt2, or administration of TSA rescues both axonal transport and locomotor behavior.",REFUTES,scifact,PubMed_9638032: Increasing microtubule acetylation rescues axonal transport and locomotor deficits caused by LRRK2 Roc-COR domain mutations,"{""original_id"": 615, ""doc_id"": 9638032, ""doc_title"": ""Increasing microtubule acetylation rescues axonal transport and locomotor deficits caused by LRRK2 Roc-COR domain mutations"", ""sentence_indices"": [5], ""is_grounded"": true}"
scifact_train_616,Increased mobility of retrotransposons does not lead to mutation and higher tumorigenesis rates.,,NOT_ENOUGH_INFO,scifact,Docs: 18670,"{""original_id"": 616, ""cited_doc_ids"": [18670], ""is_grounded"": false}"
scifact_train_617,Increased mobility of retrotransposons is assosciated with mutation and higher tumorigenesis rates.,,NOT_ENOUGH_INFO,scifact,Docs: 18670,"{""original_id"": 617, ""cited_doc_ids"": [18670], ""is_grounded"": false}"
scifact_train_618,Increased purity of cytoplasmic membranes isolated from overexpressors is indicated by stronger spots for OmpF in 2D BN-PAGE gels.,,NOT_ENOUGH_INFO,scifact,Docs: 6836086,"{""original_id"": 618, ""cited_doc_ids"": [6836086], ""is_grounded"": false}"
scifact_train_620,Increased vessel density along with a reduction in fibrosis improves the efficacy of chemotherapy treatments.,,NOT_ENOUGH_INFO,scifact,Docs: 2565138,"{""original_id"": 620, ""cited_doc_ids"": [2565138], ""is_grounded"": false}"
scifact_train_621_doc1642727_rat0,Individuals with Alzheimers who participate in six months of physical activity improve cognitive function for up to 18 months.,"RESULTS In an intent-to-treat analysis, participants in the intervention group improved 0.26 points (95% confidence interval, -0.89 to 0.54) and those in the usual care group deteriorated 1.04 points (95% confidence interval, 0.32 to 1.82) on the ADAS-Cog at the end of the intervention.",SUPPORTS,scifact,PubMed_1642727: Effect of physical activity on cognitive function in older adults at risk for Alzheimer disease: a randomized trial.,"{""original_id"": 621, ""doc_id"": 1642727, ""doc_title"": ""Effect of physical activity on cognitive function in older adults at risk for Alzheimer disease: a randomized trial."", ""sentence_indices"": [9], ""is_grounded"": true}"
scifact_train_621_doc1642727_rat1,Individuals with Alzheimers who participate in six months of physical activity improve cognitive function for up to 18 months.,"CONCLUSIONS In this study of adults with subjective memory impairment, a 6-month program of physical activity provided a modest improvement in cognition over an 18-month follow-up period.",SUPPORTS,scifact,PubMed_1642727: Effect of physical activity on cognitive function in older adults at risk for Alzheimer disease: a randomized trial.,"{""original_id"": 621, ""doc_id"": 1642727, ""doc_title"": ""Effect of physical activity on cognitive function in older adults at risk for Alzheimer disease: a randomized trial."", ""sentence_indices"": [13], ""is_grounded"": true}"
scifact_train_622,Individuals with low serum vitamin D concentrations have decreased risk of multiple sclerosis.,,NOT_ENOUGH_INFO,scifact,Docs: 17000834,"{""original_id"": 622, ""cited_doc_ids"": [17000834], ""is_grounded"": false}"
scifact_train_624_doc20033112_rat0,Induced hepatic stem cells possess the potential to differentiate into cholangiocytic cells.,iHepSCs can be stably expanded in vitro and possess the potential of bidirectional differentiation into both hepatocytic and cholangiocytic lineages.,SUPPORTS,scifact,PubMed_20033112: Reprogramming fibroblasts into bipotential hepatic stem cells by defined factors.,"{""original_id"": 624, ""doc_id"": 20033112, ""doc_title"": ""Reprogramming fibroblasts into bipotential hepatic stem cells by defined factors."", ""sentence_indices"": [3], ""is_grounded"": true}"
scifact_train_624_doc20033112_rat1,Induced hepatic stem cells possess the potential to differentiate into cholangiocytic cells.,Lineage conversion into bipotential expandable iHepSCs provides a strategy to enable efficient derivation of both hepatocytes and cholangiocytes for use in disease modeling and tissue engineering.,SUPPORTS,scifact,PubMed_20033112: Reprogramming fibroblasts into bipotential hepatic stem cells by defined factors.,"{""original_id"": 624, ""doc_id"": 20033112, ""doc_title"": ""Reprogramming fibroblasts into bipotential hepatic stem cells by defined factors."", ""sentence_indices"": [6], ""is_grounded"": true}"
scifact_train_625_doc20033112_rat0,Induced hepatic stem cells possess the potential to differentiate into hepatocytic cells.,iHepSCs can be stably expanded in vitro and possess the potential of bidirectional differentiation into both hepatocytic and cholangiocytic lineages.,SUPPORTS,scifact,PubMed_20033112: Reprogramming fibroblasts into bipotential hepatic stem cells by defined factors.,"{""original_id"": 625, ""doc_id"": 20033112, ""doc_title"": ""Reprogramming fibroblasts into bipotential hepatic stem cells by defined factors."", ""sentence_indices"": [3], ""is_grounded"": true}"
scifact_train_626_doc16355392_rat0,Induction of urokinase receptor signaling in podocytes causes foot process effacement and proteinuria.,Here we show that induction of urokinase receptor (uPAR) signaling in podocytes leads to foot process effacement and urinary protein loss via a mechanism that includes lipid-dependent activation of αvβ3 integrin.,SUPPORTS,scifact,PubMed_16355392: Modification of kidney barrier function by the urokinase receptor,"{""original_id"": 626, ""doc_id"": 16355392, ""doc_title"": ""Modification of kidney barrier function by the urokinase receptor"", ""sentence_indices"": [2], ""is_grounded"": true}"
scifact_train_631_doc5468807_rat0,Inhibiting HDAC6 increases survival of mice with ARID1A mutated tumors.,Inhibition of HDAC6 activity using a clinically applicable small-molecule inhibitor significantly improved the survival of mice bearing ARID1A-mutated tumours.,SUPPORTS,scifact,PubMed_5468807: ARID1A-mutated ovarian cancers depend on HDAC6 activity,"{""original_id"": 631, ""doc_id"": 5468807, ""doc_title"": ""ARID1A-mutated ovarian cancers depend on HDAC6 activity"", ""sentence_indices"": [4], ""is_grounded"": true}"
scifact_train_632_doc5172048_rat0,Inhibiting focal adhesion formation enables cells to convert mechanical strain into eventual scarring.,Fibroblast-specific FAK knockout mice have substantially less inflammation and fibrosis than control mice in a model of hypertrophic scar formation.,REFUTES,scifact,PubMed_5172048: Focal adhesion kinase links mechanical force to skin fibrosis via inflammatory signaling,"{""original_id"": 632, ""doc_id"": 5172048, ""doc_title"": ""Focal adhesion kinase links mechanical force to skin fibrosis via inflammatory signaling"", ""sentence_indices"": [3], ""is_grounded"": true}"
scifact_train_632_doc5172048_rat1,Inhibiting focal adhesion formation enables cells to convert mechanical strain into eventual scarring.,"Similarly, MCP-1 knockout mice form minimal scars, indicating that inflammatory chemokine pathways are a major mechanism by which FAK mechanotransduction induces fibrosis.",REFUTES,scifact,PubMed_5172048: Focal adhesion kinase links mechanical force to skin fibrosis via inflammatory signaling,"{""original_id"": 632, ""doc_id"": 5172048, ""doc_title"": ""Focal adhesion kinase links mechanical force to skin fibrosis via inflammatory signaling"", ""sentence_indices"": [5], ""is_grounded"": true}"
scifact_train_632_doc5172048_rat2,Inhibiting focal adhesion formation enables cells to convert mechanical strain into eventual scarring.,Small-molecule inhibition of FAK blocks these effects in human cells and reduces scar formation in vivo through attenuated MCP-1 signaling and inflammatory cell recruitment.,REFUTES,scifact,PubMed_5172048: Focal adhesion kinase links mechanical force to skin fibrosis via inflammatory signaling,"{""original_id"": 632, ""doc_id"": 5172048, ""doc_title"": ""Focal adhesion kinase links mechanical force to skin fibrosis via inflammatory signaling"", ""sentence_indices"": [6], ""is_grounded"": true}"
scifact_train_632_doc5172048_rat3,Inhibiting focal adhesion formation enables cells to convert mechanical strain into eventual scarring.,These findings collectively indicate that physical force regulates fibrosis through inflammatory FAK-ERK-MCP-1 pathways and that molecular strategies targeting FAK can effectively uncouple mechanical force from pathologic scar formation.,REFUTES,scifact,PubMed_5172048: Focal adhesion kinase links mechanical force to skin fibrosis via inflammatory signaling,"{""original_id"": 632, ""doc_id"": 5172048, ""doc_title"": ""Focal adhesion kinase links mechanical force to skin fibrosis via inflammatory signaling"", ""sentence_indices"": [7], ""is_grounded"": true}"
scifact_train_633_doc5172048_rat0,Inhibiting focal adhesion formation increases the rate at which cells convert mechanical strain into inflammation and fibrosis.,Fibroblast-specific FAK knockout mice have substantially less inflammation and fibrosis than control mice in a model of hypertrophic scar formation.,REFUTES,scifact,PubMed_5172048: Focal adhesion kinase links mechanical force to skin fibrosis via inflammatory signaling,"{""original_id"": 633, ""doc_id"": 5172048, ""doc_title"": ""Focal adhesion kinase links mechanical force to skin fibrosis via inflammatory signaling"", ""sentence_indices"": [3], ""is_grounded"": true}"
scifact_train_633_doc5172048_rat1,Inhibiting focal adhesion formation increases the rate at which cells convert mechanical strain into inflammation and fibrosis.,These findings collectively indicate that physical force regulates fibrosis through inflammatory FAK-ERK-MCP-1 pathways and that molecular strategies targeting FAK can effectively uncouple mechanical force from pathologic scar formation.,REFUTES,scifact,PubMed_5172048: Focal adhesion kinase links mechanical force to skin fibrosis via inflammatory signaling,"{""original_id"": 633, ""doc_id"": 5172048, ""doc_title"": ""Focal adhesion kinase links mechanical force to skin fibrosis via inflammatory signaling"", ""sentence_indices"": [7], ""is_grounded"": true}"
scifact_train_635_doc1686997_rat0,Inhibiting glucose-6-phospate dehydrogenase improves lipogenesis by deactivating LKB1-AMPK signaling.,"We found that suppression of 6PGD decreased lipogenesis and RNA biosynthesis and elevated ROS levels in cancer cells, attenuating cell proliferation and tumour growth. 6PGD-mediated production of ribulose-5-phosphate (Ru-5-P) inhibits AMPK activation by disrupting the active LKB1 complex, thereby activating acetyl-CoA carboxylase 1 and lipogenesis.",REFUTES,scifact,"PubMed_1686997: 6-phosphogluconate dehydrogenase links oxidative PPP, lipogenesis and tumor growth by inhibiting LKB1-AMPK signaling","{""original_id"": 635, ""doc_id"": 1686997, ""doc_title"": ""6-phosphogluconate dehydrogenase links oxidative PPP, lipogenesis and tumor growth by inhibiting LKB1-AMPK signaling"", ""sentence_indices"": [1, 2], ""is_grounded"": true}"
scifact_train_638,Input from mental and physical health care professionals is not effective at decreasing homelessness.,,NOT_ENOUGH_INFO,scifact,Docs: 25649714,"{""original_id"": 638, ""cited_doc_ids"": [25649714], ""is_grounded"": false}"
scifact_train_640_doc6503185_rat0,"Inside the body, falciparum parasites reproduce asexually.","Evidence is accumulating that resistance to artemisinin derivatives, the frontline therapy for the asexual blood stage of the infection, is developing in southeast Asia.",SUPPORTS,scifact,PubMed_6503185: Malaria biology and disease pathogenesis: insights for new treatments,"{""original_id"": 640, ""doc_id"": 6503185, ""doc_title"": ""Malaria biology and disease pathogenesis: insights for new treatments"", ""sentence_indices"": [1], ""is_grounded"": true}"
scifact_train_640_doc6503185_rat1,"Inside the body, falciparum parasites reproduce asexually.",Our current understanding of the biology of asexual blood-stage parasites and gametocytes and the ability to culture them in vitro lends optimism that high-throughput screenings of large chemical libraries will produce a new generation of antimalarial drugs.,SUPPORTS,scifact,PubMed_6503185: Malaria biology and disease pathogenesis: insights for new treatments,"{""original_id"": 640, ""doc_id"": 6503185, ""doc_title"": ""Malaria biology and disease pathogenesis: insights for new treatments"", ""sentence_indices"": [3], ""is_grounded"": true}"
scifact_train_642,Insulin decreases risk of severe kidney failure.,,NOT_ENOUGH_INFO,scifact,Docs: 13619127,"{""original_id"": 642, ""cited_doc_ids"": [13619127], ""is_grounded"": false}"
scifact_train_643_doc15535511_rat0,Insulin effects appetite via ventral tegmental neurons.,"While insulin acutely stimulated firing frequency in 50% of dopaminergic VTA/SN neurons, this response was abolished in IR(ΔTh) mice. Taken together, these data provide in vivo evidence for a critical role of insulin signaling in catecholaminergic neurons to control food intake and energy homeostasis.",SUPPORTS,scifact,PubMed_15535511: Role for insulin signaling in catecholaminergic neurons in control of energy homeostasis.,"{""original_id"": 643, ""doc_id"": 15535511, ""doc_title"": ""Role for insulin signaling in catecholaminergic neurons in control of energy homeostasis."", ""sentence_indices"": [3, 5], ""is_grounded"": true}"
scifact_train_645_doc12810152_rat0,Intake of folic acid (FA) and vitamin B6 (VB6) increases levels of homocysteine.,"CONTEXT Hyperhomocysteinemia is caused by genetic and lifestyle influences, including low intakes of folate and vitamin B6.",REFUTES,scifact,PubMed_12810152: Folate and vitamin B6 from diet and supplements in relation to risk of coronary heart disease among women.,"{""original_id"": 645, ""doc_id"": 12810152, ""doc_title"": ""Folate and vitamin B6 from diet and supplements in relation to risk of coronary heart disease among women."", ""sentence_indices"": [0], ""is_grounded"": true}"
scifact_train_646_doc12810152_rat0,Intake of folic acid (FA) and vitamin B6 (VB6) reduces levels of homocysteine.,"CONTEXT Hyperhomocysteinemia is caused by genetic and lifestyle influences, including low intakes of folate and vitamin B6.",SUPPORTS,scifact,PubMed_12810152: Folate and vitamin B6 from diet and supplements in relation to risk of coronary heart disease among women.,"{""original_id"": 646, ""doc_id"": 12810152, ""doc_title"": ""Folate and vitamin B6 from diet and supplements in relation to risk of coronary heart disease among women."", ""sentence_indices"": [0], ""is_grounded"": true}"
scifact_train_647_doc15041758_rat0,Integrated care is ineffective at tackling multiple comorbidities.,"Improvements from baseline on the Sheehan disability scale (-0.9, 95% confidence interval -1.5 to -0.2; P = 0.006) and global quality of life rating (0.7, 0.2 to 1.2; P = 0.005) were significantly greater at six and 12 months in patients in the intervention group.",REFUTES,scifact,PubMed_15041758: Functional outcomes of multi-condition collaborative care and successful ageing: results of randomised trial,"{""original_id"": 647, ""doc_id"": 15041758, ""doc_title"": ""Functional outcomes of multi-condition collaborative care and successful ageing: results of randomised trial"", ""sentence_indices"": [6], ""is_grounded"": true}"
scifact_train_647_doc15041758_rat1,Integrated care is ineffective at tackling multiple comorbidities.,"There was a trend toward greater improvement in disabilities in activities of daily living (-1.5, -3.3 to 0.4; P = 0.10).",REFUTES,scifact,PubMed_15041758: Functional outcomes of multi-condition collaborative care and successful ageing: results of randomised trial,"{""original_id"": 647, ""doc_id"": 15041758, ""doc_title"": ""Functional outcomes of multi-condition collaborative care and successful ageing: results of randomised trial"", ""sentence_indices"": [7], ""is_grounded"": true}"
scifact_train_647_doc15041758_rat2,Integrated care is ineffective at tackling multiple comorbidities.,CONCLUSIONS Integrated care that covers chronic physical disease and comorbid depression can reduce social role disability and enhance global quality of life.,REFUTES,scifact,PubMed_15041758: Functional outcomes of multi-condition collaborative care and successful ageing: results of randomised trial,"{""original_id"": 647, ""doc_id"": 15041758, ""doc_title"": ""Functional outcomes of multi-condition collaborative care and successful ageing: results of randomised trial"", ""sentence_indices"": [8], ""is_grounded"": true}"
scifact_train_648_doc15041758_rat0,Integrated care is successful at tackling multiple comorbidities.,"Improvements from baseline on the Sheehan disability scale (-0.9, 95% confidence interval -1.5 to -0.2; P = 0.006) and global quality of life rating (0.7, 0.2 to 1.2; P = 0.005) were significantly greater at six and 12 months in patients in the intervention group.",SUPPORTS,scifact,PubMed_15041758: Functional outcomes of multi-condition collaborative care and successful ageing: results of randomised trial,"{""original_id"": 648, ""doc_id"": 15041758, ""doc_title"": ""Functional outcomes of multi-condition collaborative care and successful ageing: results of randomised trial"", ""sentence_indices"": [6], ""is_grounded"": true}"
scifact_train_648_doc15041758_rat1,Integrated care is successful at tackling multiple comorbidities.,"There was a trend toward greater improvement in disabilities in activities of daily living (-1.5, -3.3 to 0.4; P = 0.10).",SUPPORTS,scifact,PubMed_15041758: Functional outcomes of multi-condition collaborative care and successful ageing: results of randomised trial,"{""original_id"": 648, ""doc_id"": 15041758, ""doc_title"": ""Functional outcomes of multi-condition collaborative care and successful ageing: results of randomised trial"", ""sentence_indices"": [7], ""is_grounded"": true}"
scifact_train_648_doc15041758_rat2,Integrated care is successful at tackling multiple comorbidities.,CONCLUSIONS Integrated care that covers chronic physical disease and comorbid depression can reduce social role disability and enhance global quality of life.,SUPPORTS,scifact,PubMed_15041758: Functional outcomes of multi-condition collaborative care and successful ageing: results of randomised trial,"{""original_id"": 648, ""doc_id"": 15041758, ""doc_title"": ""Functional outcomes of multi-condition collaborative care and successful ageing: results of randomised trial"", ""sentence_indices"": [8], ""is_grounded"": true}"
scifact_train_650,Integrating classroom-based collaborative learning with Web-based collaborative learning offers the best class performance.,,NOT_ENOUGH_INFO,scifact,Docs: 12789595,"{""original_id"": 650, ""cited_doc_ids"": [12789595], ""is_grounded"": false}"
scifact_train_651,"Interferon stimulated genes (ISGs) Irf1, Irg1, Ifi27, and Rsad2 encourage West Nile virus replication in cortical neurons.",,NOT_ENOUGH_INFO,scifact,Docs: 9433958,"{""original_id"": 651, ""cited_doc_ids"": [9433958], ""is_grounded"": false}"
scifact_train_652,"Interferon stimulated genes (ISGs) Irf1, Irg1, Ifi27, and Rsad2 inhibit West Nile virus replication in cortical neurons.",,NOT_ENOUGH_INFO,scifact,Docs: 9433958,"{""original_id"": 652, ""cited_doc_ids"": [9433958], ""is_grounded"": false}"
scifact_train_653_doc24384587_rat0,Interleukin-18 plays an important role in the pathogenesis of atherosclerosis.,Interleukin-18 (IL18) participates in atherogenesis through several putative mechanisms.,SUPPORTS,scifact,PubMed_24384587: Interleukin 18 function in atherosclerosis is mediated by the interleukin 18 receptor and the Na-Cl co-transporter,"{""original_id"": 653, ""doc_id"": 24384587, ""doc_title"": ""Interleukin 18 function in atherosclerosis is mediated by the interleukin 18 receptor and the Na-Cl co-transporter"", ""sentence_indices"": [0], ""is_grounded"": true}"
scifact_train_653_doc24384587_rat1,Interleukin-18 plays an important role in the pathogenesis of atherosclerosis.,Interruption of IL18 action reduces atherosclerosis in mice.,SUPPORTS,scifact,PubMed_24384587: Interleukin 18 function in atherosclerosis is mediated by the interleukin 18 receptor and the Na-Cl co-transporter,"{""original_id"": 653, ""doc_id"": 24384587, ""doc_title"": ""Interleukin 18 function in atherosclerosis is mediated by the interleukin 18 receptor and the Na-Cl co-transporter"", ""sentence_indices"": [1], ""is_grounded"": true}"
scifact_train_653_doc24384587_rat2,Interleukin-18 plays an important role in the pathogenesis of atherosclerosis.,"In Apoe−/− mice, combined deficiency of IL18r and NCC, but not single deficiency of either protein, protects mice from atherosclerosis.",SUPPORTS,scifact,PubMed_24384587: Interleukin 18 function in atherosclerosis is mediated by the interleukin 18 receptor and the Na-Cl co-transporter,"{""original_id"": 653, ""doc_id"": 24384587, ""doc_title"": ""Interleukin 18 function in atherosclerosis is mediated by the interleukin 18 receptor and the Na-Cl co-transporter"", ""sentence_indices"": [5], ""is_grounded"": true}"
scifact_train_654,Intra-cerebroventricular infusion of amyloid-β oligomers increases expression of fibronectin type-III domain-containing protein 5 mRNA in mice hippocampi.,,NOT_ENOUGH_INFO,scifact,Docs: 57574395,"{""original_id"": 654, ""cited_doc_ids"": [57574395], ""is_grounded"": false}"
scifact_train_655,Intra-cerebroventricular infusion of amyloid-β oligomers reduces expression of fibronectin type-III domain-containing protein 5 mRNA in mice hippocampi.,,NOT_ENOUGH_INFO,scifact,Docs: 57574395,"{""original_id"": 655, ""cited_doc_ids"": [57574395], ""is_grounded"": false}"
scifact_train_657_doc8533245_rat0,Intramembrane cleavage by signal peptide peptidase aids in the degradation of proteins with a complex membrane orientation.,"Here we show that the evolutionary conserved rhomboid family protein RHBDL4 is a ubiquitin-dependent ER-resident intramembrane protease that is upregulated upon ER stress. RHBDL4 cleaves single-spanning and polytopic membrane proteins with unstable transmembrane helices, leading to their degradation by the canonical ERAD machinery.",SUPPORTS,scifact,PubMed_8533245: Ubiquitin-dependent intramembrane rhomboid protease promotes ERAD of membrane proteins.,"{""original_id"": 657, ""doc_id"": 8533245, ""doc_title"": ""Ubiquitin-dependent intramembrane rhomboid protease promotes ERAD of membrane proteins."", ""sentence_indices"": [2, 3], ""is_grounded"": true}"
scifact_train_658,It is not proven that moderate consumption of candy and chocolate reduces the risk of cardiovascular disease (CVD) specifically.,,NOT_ENOUGH_INFO,scifact,Docs: 5293024,"{""original_id"": 658, ""cited_doc_ids"": [5293024], ""is_grounded"": false}"
scifact_train_661_doc37204802_rat0,JMJD6 catalyzes the hydroxylation of C-terminal lysine and supresses transcriptional activity.,"We demonstrated that JMJD6 acts as an α-ketoglutarate- and Fe(II)-dependent lysyl hydroxylase to catalyze p53 hydroxylation. We found that p53 indeed exists as a hydroxylated protein in vivo and that the hydroxylation occurs mainly on lysine 382 of p53. Depletion of JMJD6 enhances p53 transcriptional activity, arrests cells in the G1 phase, promotes cell apoptosis, and sensitizes cells to DNA damaging agent-induced cell death.",SUPPORTS,scifact,PubMed_37204802: JMJD6 Promotes Colon Carcinogenesis through Negative Regulation of p53 by Hydroxylation,"{""original_id"": 661, ""doc_id"": 37204802, ""doc_title"": ""JMJD6 Promotes Colon Carcinogenesis through Negative Regulation of p53 by Hydroxylation"", ""sentence_indices"": [3, 4, 6], ""is_grounded"": true}"
scifact_train_662_doc37204802_rat0,JMJD6 slows the hydroxylation of C-terminal lysine,"We demonstrated that JMJD6 acts as an α-ketoglutarate- and Fe(II)-dependent lysyl hydroxylase to catalyze p53 hydroxylation. We found that p53 indeed exists as a hydroxylated protein in vivo and that the hydroxylation occurs mainly on lysine 382 of p53. Depletion of JMJD6 enhances p53 transcriptional activity, arrests cells in the G1 phase, promotes cell apoptosis, and sensitizes cells to DNA damaging agent-induced cell death.",REFUTES,scifact,PubMed_37204802: JMJD6 Promotes Colon Carcinogenesis through Negative Regulation of p53 by Hydroxylation,"{""original_id"": 662, ""doc_id"": 37204802, ""doc_title"": ""JMJD6 Promotes Colon Carcinogenesis through Negative Regulation of p53 by Hydroxylation"", ""sentence_indices"": [3, 4, 6], ""is_grounded"": true}"
scifact_train_663_doc22080671_rat0,KLF4 is necessary for VSMCs to gain genetic characteristics of other cell types within atherosclerotic lesions.,"Our findings indicate that the contribution of SMCs to atherosclerotic plaques has been greatly underestimated, and that KLF4-dependent transitions in SMC phenotype are critical in lesion pathogenesis.",SUPPORTS,scifact,PubMed_22080671: KLF4-dependent phenotypic modulation of smooth muscle cells has a key role in atherosclerotic plaque pathogenesis,"{""original_id"": 663, ""doc_id"": 22080671, ""doc_title"": ""KLF4-dependent phenotypic modulation of smooth muscle cells has a key role in atherosclerotic plaque pathogenesis"", ""sentence_indices"": [5], ""is_grounded"": true}"
scifact_train_665_doc12580014_rat0,KRT17 modulates the expression of the transcriptional regulator AIRE in diseased epithelia.,"We report that autoimmune regulator (Aire), a transcriptional regulator, is inducibly expressed in human and mouse tumor keratinocytes in a K17-dependent manner and is required for timely onset of Gli2-induced skin tumorigenesis in mice.",SUPPORTS,scifact,PubMed_12580014: Keratin-dependent regulation of Aire and gene expression in skin tumor keratinocytes,"{""original_id"": 665, ""doc_id"": 12580014, ""doc_title"": ""Keratin-dependent regulation of Aire and gene expression in skin tumor keratinocytes"", ""sentence_indices"": [1], ""is_grounded"": true}"
scifact_train_665_doc12580014_rat1,KRT17 modulates the expression of the transcriptional regulator AIRE in diseased epithelia.,"The induction of Aire mRNA in keratinocytes depends on a functional interaction between K17 and the heterogeneous nuclear ribonucleoprotein hnRNP K. Further, K17 colocalizes with Aire protein in the nucleus of tumor-prone keratinocytes, and each factor is bound to a specific promoter region featuring an NF-κB consensus sequence in a relevant subset of K17- and Aire-dependent proinflammatory genes.",SUPPORTS,scifact,PubMed_12580014: Keratin-dependent regulation of Aire and gene expression in skin tumor keratinocytes,"{""original_id"": 665, ""doc_id"": 12580014, ""doc_title"": ""Keratin-dependent regulation of Aire and gene expression in skin tumor keratinocytes"", ""sentence_indices"": [2], ""is_grounded"": true}"
scifact_train_666_doc4469125_rat0,Kir7.1 modulates channel activity by the G protein-coupled melanocortin-4 receptor (MC4R) in the paraventricular nucleus of the hypothalamus.,"Here we show that, in mice, regulation of firing activity of neurons from the paraventricular nucleus of the hypothalamus (PVN) by α-MSH and AgRP can be mediated independently of Gαs signalling by ligand-induced coupling of MC4R to closure of inwardly rectifying potassium channel, Kir7.1.",SUPPORTS,scifact,PubMed_4469125: G-protein-independent coupling of MC4R to Kir7.1 in hypothalamic neurons,"{""original_id"": 666, ""doc_id"": 4469125, ""doc_title"": ""G-protein-independent coupling of MC4R to Kir7.1 in hypothalamic neurons"", ""sentence_indices"": [2], ""is_grounded"": true}"
scifact_train_667_doc6493422_rat0,Klf2 is important for proper myeloid cell function.,"Herein, we identify the Kruppel-like transcription factor 2 (KLF2) as a potent regulator of myeloid cell activation in vivo.",SUPPORTS,scifact,PubMed_6493422: The myeloid transcription factor KLF2 regulates the host response to polymicrobial infection and endotoxic shock.,"{""original_id"": 667, ""doc_id"": 6493422, ""doc_title"": ""The myeloid transcription factor KLF2 regulates the host response to polymicrobial infection and endotoxic shock."", ""sentence_indices"": [2], ""is_grounded"": true}"
scifact_train_667_doc6493422_rat1,Klf2 is important for proper myeloid cell function.,"Myeloid KLF2 was found to be a potent inhibitor of nuclear factor-kappaB (NF-κB)-dependent HIF-1α transcription and, consequently, a critical determinant of outcome in models of polymicrobial infection and endotoxemia.",SUPPORTS,scifact,PubMed_6493422: The myeloid transcription factor KLF2 regulates the host response to polymicrobial infection and endotoxic shock.,"{""original_id"": 667, ""doc_id"": 6493422, ""doc_title"": ""The myeloid transcription factor KLF2 regulates the host response to polymicrobial infection and endotoxic shock."", ""sentence_indices"": [4], ""is_grounded"": true}"
scifact_train_667_doc6493422_rat2,Klf2 is important for proper myeloid cell function.,"Collectively, these observations identify KLF2 as a tonic repressor of myeloid cell activation in vivo and an essential regulator of the innate immune system.",SUPPORTS,scifact,PubMed_6493422: The myeloid transcription factor KLF2 regulates the host response to polymicrobial infection and endotoxic shock.,"{""original_id"": 667, ""doc_id"": 6493422, ""doc_title"": ""The myeloid transcription factor KLF2 regulates the host response to polymicrobial infection and endotoxic shock."", ""sentence_indices"": [5], ""is_grounded"": true}"
scifact_train_668_doc25148216_rat0,Klf4 is important for proper myeloid cell differentiation.,"Several members of the Kruppel-like factor (KLF) family of transcription factors play important roles in differentiation, survival, and trafficking of blood and immune cell types.",SUPPORTS,scifact,PubMed_25148216: Kruppel-like factor 4 is essential for inflammatory monocyte differentiation in vivo.,"{""original_id"": 668, ""doc_id"": 25148216, ""doc_title"": ""Kruppel-like factor 4 is essential for inflammatory monocyte differentiation in vivo."", ""sentence_indices"": [0], ""is_grounded"": true}"
scifact_train_668_doc25148216_rat1,Klf4 is important for proper myeloid cell differentiation.,"Thus, our in vivo loss-of-function studies demonstrate that KLF4, previously shown to mediate proinflammatory signaling in human macrophages in vitro, is essential for differentiation of mouse inflammatory monocytes, and is involved in the differentiation of resident monocytes.",SUPPORTS,scifact,PubMed_25148216: Kruppel-like factor 4 is essential for inflammatory monocyte differentiation in vivo.,"{""original_id"": 668, ""doc_id"": 25148216, ""doc_title"": ""Kruppel-like factor 4 is essential for inflammatory monocyte differentiation in vivo."", ""sentence_indices"": [4], ""is_grounded"": true}"
scifact_train_668_doc25148216_rat2,Klf4 is important for proper myeloid cell differentiation.,"In addition, inducible expression of KLF4 in the HL60 human acute myeloid leukemia cell line stimulated monocytic differentiation and enhanced 12-O-tetradecanoylphorbol 13-acetate induced macrophage differentiation, but blocked all-trans-retinoic acid induced granulocytic differentiation of HL60 cells.",SUPPORTS,scifact,PubMed_25148216: Kruppel-like factor 4 is essential for inflammatory monocyte differentiation in vivo.,"{""original_id"": 668, ""doc_id"": 25148216, ""doc_title"": ""Kruppel-like factor 4 is essential for inflammatory monocyte differentiation in vivo."", ""sentence_indices"": [5], ""is_grounded"": true}"
scifact_train_668_doc25148216_rat3,Klf4 is important for proper myeloid cell differentiation.,The inflammation-selective effects of loss-of-KLF4 and the gain-of-KLF4-induced monocytic differentiation in HL60 cells identify KLF4 as a key regulator of monocytic differentiation and a potential target for translational immune modulation.,SUPPORTS,scifact,PubMed_25148216: Kruppel-like factor 4 is essential for inflammatory monocyte differentiation in vivo.,"{""original_id"": 668, ""doc_id"": 25148216, ""doc_title"": ""Kruppel-like factor 4 is essential for inflammatory monocyte differentiation in vivo."", ""sentence_indices"": [6], ""is_grounded"": true}"
scifact_train_669_doc25148216_rat0,Klf4 is not required for proper myeloid cell differentiation.,"Several members of the Kruppel-like factor (KLF) family of transcription factors play important roles in differentiation, survival, and trafficking of blood and immune cell types.",REFUTES,scifact,PubMed_25148216: Kruppel-like factor 4 is essential for inflammatory monocyte differentiation in vivo.,"{""original_id"": 669, ""doc_id"": 25148216, ""doc_title"": ""Kruppel-like factor 4 is essential for inflammatory monocyte differentiation in vivo."", ""sentence_indices"": [0], ""is_grounded"": true}"
scifact_train_669_doc25148216_rat1,Klf4 is not required for proper myeloid cell differentiation.,"Thus, our in vivo loss-of-function studies demonstrate that KLF4, previously shown to mediate proinflammatory signaling in human macrophages in vitro, is essential for differentiation of mouse inflammatory monocytes, and is involved in the differentiation of resident monocytes.",REFUTES,scifact,PubMed_25148216: Kruppel-like factor 4 is essential for inflammatory monocyte differentiation in vivo.,"{""original_id"": 669, ""doc_id"": 25148216, ""doc_title"": ""Kruppel-like factor 4 is essential for inflammatory monocyte differentiation in vivo."", ""sentence_indices"": [4], ""is_grounded"": true}"
scifact_train_669_doc25148216_rat2,Klf4 is not required for proper myeloid cell differentiation.,"In addition, inducible expression of KLF4 in the HL60 human acute myeloid leukemia cell line stimulated monocytic differentiation and enhanced 12-O-tetradecanoylphorbol 13-acetate induced macrophage differentiation, but blocked all-trans-retinoic acid induced granulocytic differentiation of HL60 cells.",REFUTES,scifact,PubMed_25148216: Kruppel-like factor 4 is essential for inflammatory monocyte differentiation in vivo.,"{""original_id"": 669, ""doc_id"": 25148216, ""doc_title"": ""Kruppel-like factor 4 is essential for inflammatory monocyte differentiation in vivo."", ""sentence_indices"": [5], ""is_grounded"": true}"
scifact_train_669_doc25148216_rat3,Klf4 is not required for proper myeloid cell differentiation.,The inflammation-selective effects of loss-of-KLF4 and the gain-of-KLF4-induced monocytic differentiation in HL60 cells identify KLF4 as a key regulator of monocytic differentiation and a potential target for translational immune modulation.,REFUTES,scifact,PubMed_25148216: Kruppel-like factor 4 is essential for inflammatory monocyte differentiation in vivo.,"{""original_id"": 669, ""doc_id"": 25148216, ""doc_title"": ""Kruppel-like factor 4 is essential for inflammatory monocyte differentiation in vivo."", ""sentence_indices"": [6], ""is_grounded"": true}"
scifact_train_670_doc5573975_rat0,Knockout proximal tubule-specific deletion of the BMP receptor Alk3 causes epithelial damage.,"We also found that its deletion in the tubular epithelium leads to enhanced TGF-β1-Smad family member 3 (Smad3) signaling, epithelial damage and fibrosis, suggesting a protective role for Alk3-mediated signaling in the kidney.",SUPPORTS,scifact,PubMed_5573975: Activin–like kinase–3 activity is important for kidney regeneration and reversal of fibrosis,"{""original_id"": 670, ""doc_id"": 5573975, ""doc_title"": ""Activin\u2013like kinase\u20133 activity is important for kidney regeneration and reversal of fibrosis"", ""sentence_indices"": [2], ""is_grounded"": true}"
scifact_train_670_doc5573975_rat1,Knockout proximal tubule-specific deletion of the BMP receptor Alk3 causes epithelial damage.,Combining THR-123 and the angiotensin-converting enzyme inhibitor captopril had an additive therapeutic benefit in controlling renal fibrosis.,SUPPORTS,scifact,PubMed_5573975: Activin–like kinase–3 activity is important for kidney regeneration and reversal of fibrosis,"{""original_id"": 670, ""doc_id"": 5573975, ""doc_title"": ""Activin\u2013like kinase\u20133 activity is important for kidney regeneration and reversal of fibrosis"", ""sentence_indices"": [6], ""is_grounded"": true}"
scifact_train_671_doc5573975_rat0,Knockout proximal tubule-specific deletion of the BMP receptor Alk3 causes fibrosis.,"We also found that its deletion in the tubular epithelium leads to enhanced TGF-β1-Smad family member 3 (Smad3) signaling, epithelial damage and fibrosis, suggesting a protective role for Alk3-mediated signaling in the kidney.",SUPPORTS,scifact,PubMed_5573975: Activin–like kinase–3 activity is important for kidney regeneration and reversal of fibrosis,"{""original_id"": 671, ""doc_id"": 5573975, ""doc_title"": ""Activin\u2013like kinase\u20133 activity is important for kidney regeneration and reversal of fibrosis"", ""sentence_indices"": [2], ""is_grounded"": true}"
scifact_train_672,L3MBTL2 binds to H2AK119Ub marked chromatin to form a PRC1 complex.,,NOT_ENOUGH_INFO,scifact,Docs: 15635366,"{""original_id"": 672, ""cited_doc_ids"": [15635366], ""is_grounded"": false}"
scifact_train_673_doc2095573_rat0,LDL cholesterol has a causal role in the development of cardiovascular disease.,BACKGROUND LDL cholesterol has a causal role in the development of cardiovascular disease.,SUPPORTS,scifact,PubMed_2095573: LDL-cholesterol concentrations: a genome-wide association study,"{""original_id"": 673, ""doc_id"": 2095573, ""doc_title"": ""LDL-cholesterol concentrations: a genome-wide association study"", ""sentence_indices"": [0], ""is_grounded"": true}"
scifact_train_676,LRBA prevents CTLA - 4 recycling.,,NOT_ENOUGH_INFO,scifact,Docs: 857189,"{""original_id"": 676, ""cited_doc_ids"": [857189], ""is_grounded"": false}"
scifact_train_677,LRBA promotes CTLA - 4 recycling.,,NOT_ENOUGH_INFO,scifact,Docs: 857189,"{""original_id"": 677, ""cited_doc_ids"": [857189], ""is_grounded"": false}"
scifact_train_679,LSD1-positive promoters are associated with RNA polymerase II,,NOT_ENOUGH_INFO,scifact,Docs: 13639330,"{""original_id"": 679, ""cited_doc_ids"": [13639330], ""is_grounded"": false}"
scifact_train_680_doc9315213_rat0,Lack of FGF21 in mice increases life expectancy.,"FGF21 deficiency causes a marked exacerbation of atherosclerotic plaque formation and premature death in apolipoprotein E(-/-) mice, which is accompanied by hypoadiponectinemia and severe hypercholesterolemia.",REFUTES,scifact,PubMed_9315213: Fibroblast Growth Factor 21 Prevents Atherosclerosis by Suppression of Hepatic Sterol Regulatory Element-Binding Protein-2 and Induction of Adiponectin in Mice,"{""original_id"": 680, ""doc_id"": 9315213, ""doc_title"": ""Fibroblast Growth Factor 21 Prevents Atherosclerosis by Suppression of Hepatic Sterol Regulatory Element-Binding Protein-2 and Induction of Adiponectin in Mice"", ""sentence_indices"": [4], ""is_grounded"": true}"
scifact_train_681_doc9315213_rat0,Lack of FGF21 in mice leads to atherosclerotic plaque formation.,"FGF21 deficiency causes a marked exacerbation of atherosclerotic plaque formation and premature death in apolipoprotein E(-/-) mice, which is accompanied by hypoadiponectinemia and severe hypercholesterolemia.",SUPPORTS,scifact,PubMed_9315213: Fibroblast Growth Factor 21 Prevents Atherosclerosis by Suppression of Hepatic Sterol Regulatory Element-Binding Protein-2 and Induction of Adiponectin in Mice,"{""original_id"": 681, ""doc_id"": 9315213, ""doc_title"": ""Fibroblast Growth Factor 21 Prevents Atherosclerosis by Suppression of Hepatic Sterol Regulatory Element-Binding Protein-2 and Induction of Adiponectin in Mice"", ""sentence_indices"": [4], ""is_grounded"": true}"
scifact_train_681_doc9315213_rat1,Lack of FGF21 in mice leads to atherosclerotic plaque formation.,"Replenishment of FGF21 protects against atherosclerosis in apolipoprotein E(-/-)mice via 2 independent mechanisms, inducing the adipocyte production of adiponectin, which in turn acts on the blood vessels to inhibit neointima formation and macrophage inflammation, and suppressing the hepatic expression of the transcription factor sterol regulatory element-binding protein-2, thereby leading to reduced cholesterol synthesis and attenuation of hypercholesterolemia.",SUPPORTS,scifact,PubMed_9315213: Fibroblast Growth Factor 21 Prevents Atherosclerosis by Suppression of Hepatic Sterol Regulatory Element-Binding Protein-2 and Induction of Adiponectin in Mice,"{""original_id"": 681, ""doc_id"": 9315213, ""doc_title"": ""Fibroblast Growth Factor 21 Prevents Atherosclerosis by Suppression of Hepatic Sterol Regulatory Element-Binding Protein-2 and Induction of Adiponectin in Mice"", ""sentence_indices"": [5], ""is_grounded"": true}"
scifact_train_681_doc9315213_rat2,Lack of FGF21 in mice leads to atherosclerotic plaque formation.,"CONCLUSIONS FGF21 protects against atherosclerosis via fine tuning the multiorgan crosstalk among liver, adipose tissue, and blood vessels.",SUPPORTS,scifact,PubMed_9315213: Fibroblast Growth Factor 21 Prevents Atherosclerosis by Suppression of Hepatic Sterol Regulatory Element-Binding Protein-2 and Induction of Adiponectin in Mice,"{""original_id"": 681, ""doc_id"": 9315213, ""doc_title"": ""Fibroblast Growth Factor 21 Prevents Atherosclerosis by Suppression of Hepatic Sterol Regulatory Element-Binding Protein-2 and Induction of Adiponectin in Mice"", ""sentence_indices"": [8], ""is_grounded"": true}"
scifact_train_682_doc9315213_rat0,Lack of FGF21 in mice leads to reduced lifespan.,"FGF21 deficiency causes a marked exacerbation of atherosclerotic plaque formation and premature death in apolipoprotein E(-/-) mice, which is accompanied by hypoadiponectinemia and severe hypercholesterolemia.",SUPPORTS,scifact,PubMed_9315213: Fibroblast Growth Factor 21 Prevents Atherosclerosis by Suppression of Hepatic Sterol Regulatory Element-Binding Protein-2 and Induction of Adiponectin in Mice,"{""original_id"": 682, ""doc_id"": 9315213, ""doc_title"": ""Fibroblast Growth Factor 21 Prevents Atherosclerosis by Suppression of Hepatic Sterol Regulatory Element-Binding Protein-2 and Induction of Adiponectin in Mice"", ""sentence_indices"": [4], ""is_grounded"": true}"
scifact_train_683_doc9315213_rat0,Lack of FGF21 in mice slows the rate of atherosclerotic plaque formation.,"FGF21 deficiency causes a marked exacerbation of atherosclerotic plaque formation and premature death in apolipoprotein E(-/-) mice, which is accompanied by hypoadiponectinemia and severe hypercholesterolemia.",REFUTES,scifact,PubMed_9315213: Fibroblast Growth Factor 21 Prevents Atherosclerosis by Suppression of Hepatic Sterol Regulatory Element-Binding Protein-2 and Induction of Adiponectin in Mice,"{""original_id"": 683, ""doc_id"": 9315213, ""doc_title"": ""Fibroblast Growth Factor 21 Prevents Atherosclerosis by Suppression of Hepatic Sterol Regulatory Element-Binding Protein-2 and Induction of Adiponectin in Mice"", ""sentence_indices"": [4], ""is_grounded"": true}"
scifact_train_683_doc9315213_rat1,Lack of FGF21 in mice slows the rate of atherosclerotic plaque formation.,"Replenishment of FGF21 protects against atherosclerosis in apolipoprotein E(-/-)mice via 2 independent mechanisms, inducing the adipocyte production of adiponectin, which in turn acts on the blood vessels to inhibit neointima formation and macrophage inflammation, and suppressing the hepatic expression of the transcription factor sterol regulatory element-binding protein-2, thereby leading to reduced cholesterol synthesis and attenuation of hypercholesterolemia.",REFUTES,scifact,PubMed_9315213: Fibroblast Growth Factor 21 Prevents Atherosclerosis by Suppression of Hepatic Sterol Regulatory Element-Binding Protein-2 and Induction of Adiponectin in Mice,"{""original_id"": 683, ""doc_id"": 9315213, ""doc_title"": ""Fibroblast Growth Factor 21 Prevents Atherosclerosis by Suppression of Hepatic Sterol Regulatory Element-Binding Protein-2 and Induction of Adiponectin in Mice"", ""sentence_indices"": [5], ""is_grounded"": true}"
scifact_train_683_doc9315213_rat2,Lack of FGF21 in mice slows the rate of atherosclerotic plaque formation.,"CONCLUSIONS FGF21 protects against atherosclerosis via fine tuning the multiorgan crosstalk among liver, adipose tissue, and blood vessels.",REFUTES,scifact,PubMed_9315213: Fibroblast Growth Factor 21 Prevents Atherosclerosis by Suppression of Hepatic Sterol Regulatory Element-Binding Protein-2 and Induction of Adiponectin in Mice,"{""original_id"": 683, ""doc_id"": 9315213, ""doc_title"": ""Fibroblast Growth Factor 21 Prevents Atherosclerosis by Suppression of Hepatic Sterol Regulatory Element-Binding Protein-2 and Induction of Adiponectin in Mice"", ""sentence_indices"": [8], ""is_grounded"": true}"
scifact_train_685,Lamins are associated with nuclear membrane structure maintenance.,,NOT_ENOUGH_INFO,scifact,Docs: 4452659,"{""original_id"": 685, ""cited_doc_ids"": [4452659], ""is_grounded"": false}"
scifact_train_686,Lamins are found within the inner layer of the mitochondrial membrane of all cells.,,NOT_ENOUGH_INFO,scifact,Docs: 4452659,"{""original_id"": 686, ""cited_doc_ids"": [4452659], ""is_grounded"": false}"
scifact_train_687,Lamins are found within the inner layer of the nuclear membrane of all cells.,,NOT_ENOUGH_INFO,scifact,Docs: 4452659,"{""original_id"": 687, ""cited_doc_ids"": [4452659], ""is_grounded"": false}"
scifact_train_688,Lamins have no effect on nuclear membrane structure maintenance.,,NOT_ENOUGH_INFO,scifact,Docs: 4452659,"{""original_id"": 688, ""cited_doc_ids"": [4452659], ""is_grounded"": false}"
scifact_train_689,Less than 10% of patients exposed to radiation have activated markers of mesenchymal stem cells.,,NOT_ENOUGH_INFO,scifact,Docs: 22080671,"{""original_id"": 689, ""cited_doc_ids"": [22080671], ""is_grounded"": false}"
scifact_train_694_doc1071991_rat0,Lice attenuated SIV vaccines induce a stronger antigen-specific T cell response in lymph node cells.,"Here we show that the degree of LAV-mediated protection against intravenous wild-type SIVmac239 challenge strongly correlates with the magnitude and function of SIV-specific, effector-differentiated T cells in the lymph node but not with the responses of such T cells in the blood or with other cellular, humoral and innate immune parameters.",SUPPORTS,scifact,PubMed_1071991: Lymph node T cell responses predict the efficacy of live attenuated SIV vaccines,"{""original_id"": 694, ""doc_id"": 1071991, ""doc_title"": ""Lymph node T cell responses predict the efficacy of live attenuated SIV vaccines"", ""sentence_indices"": [1], ""is_grounded"": true}"
scifact_train_696,Lipopolysaccharides have an inflammation independent effect on kidney barrier function.,,NOT_ENOUGH_INFO,scifact,Docs: 16355392,"{""original_id"": 696, ""cited_doc_ids"": [16355392], ""is_grounded"": false}"
scifact_train_698,Lmna knock-in models are appropriate for testing therapeutic approaches against Hutchinson-Gilford progeria syndrome (HGPS).,,NOT_ENOUGH_INFO,scifact,Docs: 22544171,"{""original_id"": 698, ""cited_doc_ids"": [22544171], ""is_grounded"": false}"
scifact_train_703,Localization of PIN1 in the roots of Arabidopsis requires VPS9a,,NOT_ENOUGH_INFO,scifact,Docs: 4350400,"{""original_id"": 703, ""cited_doc_ids"": [4350400], ""is_grounded"": false}"
scifact_train_704,Long - range chromatin interactions regulate transcription.,,NOT_ENOUGH_INFO,scifact,Docs: 14658685,"{""original_id"": 704, ""cited_doc_ids"": [14658685], ""is_grounded"": false}"
scifact_train_705,Long chain polyunsaturated fatty acids supplementation has no significant effects on wheezing or asthma at 3 and 6 years.,,NOT_ENOUGH_INFO,scifact,Docs: 22442133,"{""original_id"": 705, ""cited_doc_ids"": [22442133], ""is_grounded"": false}"
scifact_train_709_doc22442133_rat0,Long chain polyunsaturated fatty acids supplementation is associated with lower rates of atopic eczema at 1 year.,"RESULTS No differences were seen in the overall percentage of infants with immunoglobulin E associated allergic disease between the n-3 LCPUFA and control groups (32/368 (9%) v 43/338 (13%); unadjusted relative risk 0.68, 95% confidence interval 0.43 to 1.05, P=0.08; adjusted relative risk 0.70, 0.45 to 1.09, P=0.12), although the percentage of infants diagnosed as having atopic eczema (that is, eczema with associated sensitisation) was lower in the n-3 LCPUFA group (26/368 (7%) v 39/338 (12%); unadjusted relative risk 0.61, 0.38 to 0.98, P=0.04; adjusted relative risk 0.64, 0.40 to 1.02, P=0.06).",SUPPORTS,scifact,PubMed_22442133: Effect of n-3 long chain polyunsaturated fatty acid supplementation in pregnancy on infants’ allergies in first year of life: randomised controlled trial,"{""original_id"": 709, ""doc_id"": 22442133, ""doc_title"": ""Effect of n-3 long chain polyunsaturated fatty acid supplementation in pregnancy on infants\u2019 allergies in first year of life: randomised controlled trial"", ""sentence_indices"": [6], ""is_grounded"": true}"
scifact_train_709_doc22442133_rat1,Long chain polyunsaturated fatty acids supplementation is associated with lower rates of atopic eczema at 1 year.,"CONCLUSION n-3 LCPUFA supplementation in pregnancy did not reduce the overall incidence of immunoglobulin E associated allergies in the first year of life, although atopic eczema and egg sensitisation were lower.",SUPPORTS,scifact,PubMed_22442133: Effect of n-3 long chain polyunsaturated fatty acid supplementation in pregnancy on infants’ allergies in first year of life: randomised controlled trial,"{""original_id"": 709, ""doc_id"": 22442133, ""doc_title"": ""Effect of n-3 long chain polyunsaturated fatty acid supplementation in pregnancy on infants\u2019 allergies in first year of life: randomised controlled trial"", ""sentence_indices"": [8], ""is_grounded"": true}"
scifact_train_710,Long chain polyunsaturated fatty acids supplementation reduces wheezing and asthma.,,NOT_ENOUGH_INFO,scifact,Docs: 22442133,"{""original_id"": 710, ""cited_doc_ids"": [22442133], ""is_grounded"": false}"
scifact_train_713,Low expression of miR7a does not repress target genes or exert a biological function in ovaries.,,NOT_ENOUGH_INFO,scifact,Docs: 18421962,"{""original_id"": 713, ""cited_doc_ids"": [18421962], ""is_grounded"": false}"
scifact_train_714,Low expression of miR7a does not repress target genes or exert a biological function in testis.,,NOT_ENOUGH_INFO,scifact,Docs: 18421962,"{""original_id"": 714, ""cited_doc_ids"": [18421962], ""is_grounded"": false}"
scifact_train_717_doc17587795_rat0,Low nucleosome occupancy correlates with high methylation levels across species.,"Clustered methylation occurs at unprecedented densities and directly disfavors nucleosomes, contributing to nucleosome positioning between clusters.",SUPPORTS,scifact,PubMed_17587795: Dnmt1-Independent CG Methylation Contributes to Nucleosome Positioning in Diverse Eukaryotes,"{""original_id"": 717, ""doc_id"": 17587795, ""doc_title"": ""Dnmt1-Independent CG Methylation Contributes to Nucleosome Positioning in Diverse Eukaryotes"", ""sentence_indices"": [4], ""is_grounded"": true}"
scifact_train_724_doc5531479_rat0,Ly49Q directs the organization of neutrophil polarization by regulating membrane raft functions.,Ly49Q-dependent polarization and migration were affected by Ly49Q regulation of membrane raft functions.,SUPPORTS,scifact,PubMed_5531479: The Ly49Q receptor plays a crucial role in neutrophil polarization and migration by regulating raft trafficking.,"{""original_id"": 724, ""doc_id"": 5531479, ""doc_title"": ""The Ly49Q receptor plays a crucial role in neutrophil polarization and migration by regulating raft trafficking."", ""sentence_indices"": [5], ""is_grounded"": true}"
scifact_train_724_doc5531479_rat1,Ly49Q directs the organization of neutrophil polarization by regulating membrane raft functions.,"We propose that Ly49Q is pivotal in switching neutrophils to their polarized morphology and rapid migration upon inflammation, through its spatiotemporal regulation of membrane rafts and raft-associated signaling molecules.",SUPPORTS,scifact,PubMed_5531479: The Ly49Q receptor plays a crucial role in neutrophil polarization and migration by regulating raft trafficking.,"{""original_id"": 724, ""doc_id"": 5531479, ""doc_title"": ""The Ly49Q receptor plays a crucial role in neutrophil polarization and migration by regulating raft trafficking."", ""sentence_indices"": [6], ""is_grounded"": true}"
scifact_train_726_doc36444198_rat0,Ly6C hi monocytes have a higher inflammatory capacity than Ly6C lo monocytes.,"Under inflammatory conditions elicited either by acute infection with Listeria monocytogenes or chronic infection with Leishmania major, there was a significant increase in immature Ly-6C(high) monocytes, resembling the inflammatory left shift of granulocytes.",SUPPORTS,scifact,PubMed_36444198: Subpopulations of mouse blood monocytes differ in maturation stage and inflammatory response.,"{""original_id"": 726, ""doc_id"": 36444198, ""doc_title"": ""Subpopulations of mouse blood monocytes differ in maturation stage and inflammatory response."", ""sentence_indices"": [9], ""is_grounded"": true}"
scifact_train_726_doc36444198_rat1,Ly6C hi monocytes have a higher inflammatory capacity than Ly6C lo monocytes.,"In addition, acute peritoneal inflammation recruited preferentially Ly-6C(med-high) monocytes.",SUPPORTS,scifact,PubMed_36444198: Subpopulations of mouse blood monocytes differ in maturation stage and inflammatory response.,"{""original_id"": 726, ""doc_id"": 36444198, ""doc_title"": ""Subpopulations of mouse blood monocytes differ in maturation stage and inflammatory response."", ""sentence_indices"": [10], ""is_grounded"": true}"
scifact_train_730,Lysine histone demethylase inhibitor JIB 04 is inactive against KDM5A.,,NOT_ENOUGH_INFO,scifact,Docs: 13400643,"{""original_id"": 730, ""cited_doc_ids"": [13400643], ""is_grounded"": false}"
scifact_train_732,M. stadtmanae does not induce ASC speck formation in BlaER1 monocytes.,,NOT_ENOUGH_INFO,scifact,Docs: 34469966,"{""original_id"": 732, ""cited_doc_ids"": [34469966], ""is_grounded"": false}"
scifact_train_733,M. stadtmanae induces ASC speck formation in BlaER1 monocytes.,,NOT_ENOUGH_INFO,scifact,Docs: 34469966,"{""original_id"": 733, ""cited_doc_ids"": [34469966], ""is_grounded"": false}"
scifact_train_734_doc4961038_rat0,MEK inhibitors are effective treatments in RAS-driven mouse models of cancer.,"However, when NVP-BEZ235 was combined with a mitogen-activated protein kinase kinase (MEK) inhibitor, ARRY-142886, there was marked synergy in shrinking these Kras-mutant cancers.",SUPPORTS,scifact,PubMed_4961038: Effective Use of PI3K and MEK Inhibitors to Treat Mutant K-Ras G12D and PIK3CA H1047R Murine Lung Cancers,"{""original_id"": 734, ""doc_id"": 4961038, ""doc_title"": ""Effective Use of PI3K and MEK Inhibitors to Treat Mutant K-Ras G12D and PIK3CA H1047R Murine Lung Cancers"", ""sentence_indices"": [7], ""is_grounded"": true}"
scifact_train_736_doc5389095_rat0,MFGE8 regulates fat absorption by binding to av-Beta3 and av-Beta5 integrins.,"Mechanistically, we found that Mfge8 coordinates fatty acid uptake through αvβ3 integrin- and αvβ5 integrin-dependent phosphorylation of Akt by phosphatidylinositide-3 kinase and mTOR complex 2, leading to translocation of Cd36 and Fatp1 from cytoplasmic vesicles to the cell surface.",SUPPORTS,scifact,PubMed_5389095: Mfge8 promotes obesity by mediating the uptake of dietary fats and serum fatty acids,"{""original_id"": 736, ""doc_id"": 5389095, ""doc_title"": ""Mfge8 promotes obesity by mediating the uptake of dietary fats and serum fatty acids"", ""sentence_indices"": [4], ""is_grounded"": true}"
scifact_train_737_doc16562534_rat0,MICAL redox enzymes regulate actin dynamics in many cell types.,"Instead of being integrated into a regular sarcomeric pattern, actin and myosin filaments are disorganized and accumulate beneath the plasmamembrane.",SUPPORTS,scifact,PubMed_16562534: Drosophila MICAL regulates myofilament organization and synaptic structure,"{""original_id"": 737, ""doc_id"": 16562534, ""doc_title"": ""Drosophila MICAL regulates myofilament organization and synaptic structure"", ""sentence_indices"": [4], ""is_grounded"": true}"
scifact_train_737_doc16562534_rat1,MICAL redox enzymes regulate actin dynamics in many cell types.,Transgenic expression of interfering RNA molecules demonstrates that MICAL is required in muscles for the higher order arrangement of myofilaments.,SUPPORTS,scifact,PubMed_16562534: Drosophila MICAL regulates myofilament organization and synaptic structure,"{""original_id"": 737, ""doc_id"": 16562534, ""doc_title"": ""Drosophila MICAL regulates myofilament organization and synaptic structure"", ""sentence_indices"": [6], ""is_grounded"": true}"
scifact_train_737_doc6609935_rat0,MICAL redox enzymes regulate actin dynamics in many cell types.,"In this study we show that in non-neural cells human MICALs are required for normal actin organization, and all three MICALs regulate actin stress fibers.",SUPPORTS,scifact,PubMed_6609935: Differential regulation of actin microfilaments by human MICAL proteins.,"{""original_id"": 737, ""doc_id"": 6609935, ""doc_title"": ""Differential regulation of actin microfilaments by human MICAL proteins."", ""sentence_indices"": [3], ""is_grounded"": true}"
scifact_train_738_doc16562534_rat0,MICAL redox enzymes regulate actin dynamics.,"Consistent with high expression of MICAL in somatic muscles, immunohistochemical stainings reveal that the subcellular localization and architecture of contractile muscle filaments are dramatically disturbed in mical mutants.",SUPPORTS,scifact,PubMed_16562534: Drosophila MICAL regulates myofilament organization and synaptic structure,"{""original_id"": 738, ""doc_id"": 16562534, ""doc_title"": ""Drosophila MICAL regulates myofilament organization and synaptic structure"", ""sentence_indices"": [3], ""is_grounded"": true}"
scifact_train_738_doc16562534_rat1,MICAL redox enzymes regulate actin dynamics.,Transgenic expression of interfering RNA molecules demonstrates that MICAL is required in muscles for the higher order arrangement of myofilaments.,SUPPORTS,scifact,PubMed_16562534: Drosophila MICAL regulates myofilament organization and synaptic structure,"{""original_id"": 738, ""doc_id"": 16562534, ""doc_title"": ""Drosophila MICAL regulates myofilament organization and synaptic structure"", ""sentence_indices"": [6], ""is_grounded"": true}"
scifact_train_738_doc6609935_rat0,MICAL redox enzymes regulate actin dynamics.,"In this study we show that in non-neural cells human MICALs are required for normal actin organization, and all three MICALs regulate actin stress fibers.",SUPPORTS,scifact,PubMed_6609935: Differential regulation of actin microfilaments by human MICAL proteins.,"{""original_id"": 738, ""doc_id"": 6609935, ""doc_title"": ""Differential regulation of actin microfilaments by human MICAL proteins."", ""sentence_indices"": [3], ""is_grounded"": true}"
scifact_train_738_doc6609935_rat1,MICAL redox enzymes regulate actin dynamics.,"Moreover, we provide evidence that the generation of reactive oxygen species by MICAL proteins is crucial for their actin-regulatory function.",SUPPORTS,scifact,PubMed_6609935: Differential regulation of actin microfilaments by human MICAL proteins.,"{""original_id"": 738, ""doc_id"": 6609935, ""doc_title"": ""Differential regulation of actin microfilaments by human MICAL proteins."", ""sentence_indices"": [4], ""is_grounded"": true}"
scifact_train_738_doc6609935_rat2,MICAL redox enzymes regulate actin dynamics.,These data suggest differential but complementary roles for MICAL1 and MICAL2 in actin microfilament regulation.,SUPPORTS,scifact,PubMed_6609935: Differential regulation of actin microfilaments by human MICAL proteins.,"{""original_id"": 738, ""doc_id"": 6609935, ""doc_title"": ""Differential regulation of actin microfilaments by human MICAL proteins."", ""sentence_indices"": [6], ""is_grounded"": true}"
scifact_train_738_doc33912020_rat0,MICAL redox enzymes regulate actin dynamics.,"Sema3A stimulation generated hydrogen peroxide (H2O2) through MICAL (molecule interacting with CasL) and oxidized CRMP2, enabling it to form a disulfide-linked homodimer through cysteine-504. Oxidized CRMP2 then formed a transient disulfide-linked complex with TRX, which stimulated CRMP2 phosphorylation by glycogen synthase kinase-3, leading to growth cone collapse. Our results not only clarify the importance of H2O2 and CRMP2 oxidation in Sema3A-induced growth cone collapse but also indicate an unappreciated role for TRX in linking CRMP2 oxidation to phosphorylation.",SUPPORTS,scifact,PubMed_33912020: Thioredoxin mediates oxidation-dependent phosphorylation of CRMP2 and growth cone collapse.,"{""original_id"": 738, ""doc_id"": 33912020, ""doc_title"": ""Thioredoxin mediates oxidation-dependent phosphorylation of CRMP2 and growth cone collapse."", ""sentence_indices"": [2, 3, 5], ""is_grounded"": true}"
scifact_train_739,MT binding domain drives amyloid structure formation.,,NOT_ENOUGH_INFO,scifact,Docs: 4446814,"{""original_id"": 739, ""cited_doc_ids"": [4446814], ""is_grounded"": false}"
scifact_train_740_doc23078022_rat0,MUC1-C activates the NF-κB p65 signaling pathway by interacting with IκB kinase ß.,"These findings indicate that MUC1 is important for physiological activation of IKKβ and that overexpression of MUC1, as found in human cancers, confers sustained induction of the IKKβ-NF-κB p65 pathway.",SUPPORTS,scifact,PubMed_23078022: MUC1 oncoprotein activates the IκB kinase β complex and constitutive NF-κB signalling,"{""original_id"": 740, ""doc_id"": 23078022, ""doc_title"": ""MUC1 oncoprotein activates the I\u03baB kinase \u03b2 complex and constitutive NF-\u03baB signalling"", ""sentence_indices"": [8], ""is_grounded"": true}"
scifact_train_745_doc11291348_rat0,MafA phosphorylation decreases its ubiquitination.,"We also demonstrate that GSK-3 triggers MafA sequential phosphorylation on residues S61, T57, T53, and S49, inducing its ubiquitination and degradation.",REFUTES,scifact,PubMed_11291348: GSK-3-mediated phosphorylation enhances Maf-transforming activity.,"{""original_id"": 745, ""doc_id"": 11291348, ""doc_title"": ""GSK-3-mediated phosphorylation enhances Maf-transforming activity."", ""sentence_indices"": [5], ""is_grounded"": true}"
scifact_train_746_doc11291348_rat0,MafA phosphorylation enhances its ubiquitination.,"We also demonstrate that GSK-3 triggers MafA sequential phosphorylation on residues S61, T57, T53, and S49, inducing its ubiquitination and degradation.",SUPPORTS,scifact,PubMed_11291348: GSK-3-mediated phosphorylation enhances Maf-transforming activity.,"{""original_id"": 746, ""doc_id"": 11291348, ""doc_title"": ""GSK-3-mediated phosphorylation enhances Maf-transforming activity."", ""sentence_indices"": [5], ""is_grounded"": true}"
scifact_train_747_doc11291348_rat0,MafA ubiquitination decreases the recruitment of coavtivator P/CAF by MafA.,"Paradoxically, this phosphorylation increases MafA-transcriptional activity through the recruitment of the coactivator P/CAF.",REFUTES,scifact,PubMed_11291348: GSK-3-mediated phosphorylation enhances Maf-transforming activity.,"{""original_id"": 747, ""doc_id"": 11291348, ""doc_title"": ""GSK-3-mediated phosphorylation enhances Maf-transforming activity."", ""sentence_indices"": [6], ""is_grounded"": true}"
scifact_train_748_doc11291348_rat0,MafA ubiquitination increases the recruitment of coavtivator P/CAF by MafA.,"Paradoxically, this phosphorylation increases MafA-transcriptional activity through the recruitment of the coactivator P/CAF.",SUPPORTS,scifact,PubMed_11291348: GSK-3-mediated phosphorylation enhances Maf-transforming activity.,"{""original_id"": 748, ""doc_id"": 11291348, ""doc_title"": ""GSK-3-mediated phosphorylation enhances Maf-transforming activity."", ""sentence_indices"": [6], ""is_grounded"": true}"
scifact_train_749_doc13868795_rat0,Major antigen-induced signals from the T cell receptor and secondary signals from costimulatory receptors are required for T cell activation.,Ligation of the CD28 receptor on T cells provides a critical second signal alongside T cell receptor (TCR) ligation for naive T cell activation.,SUPPORTS,scifact,PubMed_13868795: CD28 Costimulation: From Mechanism to Therapy.,"{""original_id"": 749, ""doc_id"": 13868795, ""doc_title"": ""CD28 Costimulation: From Mechanism to Therapy."", ""sentence_indices"": [0], ""is_grounded"": true}"
scifact_train_751_doc19800147_rat0,Major vault protein (MVP) leads to more aggressive tumors by regulating the sorting of tumor suppressive miR-193a into extracellular vesicles (EVs).,"Knockout of MVP leads to miR-193a accumulation in the exosomal donor cells instead of exosomes, inhibiting tumour progression.",SUPPORTS,scifact,PubMed_19800147: MVP-mediated exosomal sorting of miR-193a promotes colon cancer progression,"{""original_id"": 751, ""doc_id"": 19800147, ""doc_title"": ""MVP-mediated exosomal sorting of miR-193a promotes colon cancer progression"", ""sentence_indices"": [4], ""is_grounded"": true}"
scifact_train_751_doc19800147_rat1,Major vault protein (MVP) leads to more aggressive tumors by regulating the sorting of tumor suppressive miR-193a into extracellular vesicles (EVs).,"In summary, our data demonstrate that MVP-mediated selective sorting of tumour suppressor miRNA into exosomes promotes tumour progression.",SUPPORTS,scifact,PubMed_19800147: MVP-mediated exosomal sorting of miR-193a promotes colon cancer progression,"{""original_id"": 751, ""doc_id"": 19800147, ""doc_title"": ""MVP-mediated exosomal sorting of miR-193a promotes colon cancer progression"", ""sentence_indices"": [7], ""is_grounded"": true}"
scifact_train_752_doc19800147_rat0,Major vault protein regulates sorting of tumor suppressive miR-193a into EVs.,"Knockout of MVP leads to miR-193a accumulation in the exosomal donor cells instead of exosomes, inhibiting tumour progression.",SUPPORTS,scifact,PubMed_19800147: MVP-mediated exosomal sorting of miR-193a promotes colon cancer progression,"{""original_id"": 752, ""doc_id"": 19800147, ""doc_title"": ""MVP-mediated exosomal sorting of miR-193a promotes colon cancer progression"", ""sentence_indices"": [4], ""is_grounded"": true}"
scifact_train_753,Malaria has a high vectorial capacity.,,NOT_ENOUGH_INFO,scifact,Docs: 1173667,"{""original_id"": 753, ""cited_doc_ids"": [1173667], ""is_grounded"": false}"
scifact_train_755,Many cytokines that are produced by cancer cells also contribute to carcinogenesis.,,NOT_ENOUGH_INFO,scifact,Docs: 17844478,"{""original_id"": 755, ""cited_doc_ids"": [17844478], ""is_grounded"": false}"
scifact_train_757,Many transmembrane receptors transmit signals by long-range conformational changes in the association of alpha-helices across the plasma membrane.,,NOT_ENOUGH_INFO,scifact,Docs: 17123657,"{""original_id"": 757, ""cited_doc_ids"": [17123657], ""is_grounded"": false}"
scifact_train_758,Marmosets have a brain region homologous to Broca's area.,,NOT_ENOUGH_INFO,scifact,Docs: 14195528,"{""original_id"": 758, ""cited_doc_ids"": [14195528], ""is_grounded"": false}"
scifact_train_760_doc1805641_rat0,Mathematical models predict that using Artemisinin-based combination therapy over nongametocytocidal drugs have only a modest impact in reducing malaria transmission.,An efficacious antimalarial regimen with no specific gametocytocidal properties but a long prophylactic time was estimated to be more effective at reducing transmission than a short-acting ACT in the highest-transmission setting.,SUPPORTS,scifact,PubMed_1805641: Modelling the Impact of Artemisinin Combination Therapy and Long-Acting Treatments on Malaria Transmission Intensity,"{""original_id"": 760, ""doc_id"": 1805641, ""doc_title"": ""Modelling the Impact of Artemisinin Combination Therapy and Long-Acting Treatments on Malaria Transmission Intensity"", ""sentence_indices"": [13], ""is_grounded"": true}"
scifact_train_761,MeCP2 influences the synaptic maturation of neurons.,,NOT_ENOUGH_INFO,scifact,Docs: 10009203,"{""original_id"": 761, ""cited_doc_ids"": [10009203], ""is_grounded"": false}"
scifact_train_762,Measuring routine outcomes is more beneficial to clinical practice than assessing treatment adherence.,,NOT_ENOUGH_INFO,scifact,Docs: 4695046,"{""original_id"": 762, ""cited_doc_ids"": [4695046], ""is_grounded"": false}"
scifact_train_764_doc7552215_rat0,Medications to treat obesity are highly effective.,"Compared with placebo, orlistat reduced weight by 2.9 kg (95% confidence interval 2.5 kg to 3.2 kg), sibutramine by 4.2 kg (3.6 kg to 4.7 kg), and rimonabant by 4.7 kg (4.1 kg to 5.3 kg).",REFUTES,scifact,PubMed_7552215: Long term pharmacotherapy for obesity and overweight: updated meta-analysis.,"{""original_id"": 764, ""doc_id"": 7552215, ""doc_title"": ""Long term pharmacotherapy for obesity and overweight: updated meta-analysis."", ""sentence_indices"": [8], ""is_grounded"": true}"
scifact_train_764_doc7552215_rat1,Medications to treat obesity are highly effective.,"CONCLUSIONS Orlistat, sibutramine, and rimonabant modestly reduce weight, have differing effects on cardiovascular risk profiles, and have specific adverse effects.",REFUTES,scifact,PubMed_7552215: Long term pharmacotherapy for obesity and overweight: updated meta-analysis.,"{""original_id"": 764, ""doc_id"": 7552215, ""doc_title"": ""Long term pharmacotherapy for obesity and overweight: updated meta-analysis."", ""sentence_indices"": [12], ""is_grounded"": true}"
scifact_train_765_doc7552215_rat0,Medications to treat obesity do not have side effects.,"Orlistat reduced the incidence of diabetes and improved concentrations of total cholesterol and low density lipoprotein cholesterol, blood pressure, and glycaemic control in patients with diabetes but increased rates of gastrointestinal side effects and slightly lowered concentrations of high density lipoprotein.",REFUTES,scifact,PubMed_7552215: Long term pharmacotherapy for obesity and overweight: updated meta-analysis.,"{""original_id"": 765, ""doc_id"": 7552215, ""doc_title"": ""Long term pharmacotherapy for obesity and overweight: updated meta-analysis."", ""sentence_indices"": [10], ""is_grounded"": true}"
scifact_train_765_doc7552215_rat1,Medications to treat obesity do not have side effects.,"Sibutramine improved [corrected] concentrations of high density lipoprotein cholesterol and triglycerides [corrected] Rimonabant improved concentrations of high density lipoprotein cholesterol and triglycerides, blood pressure, and glycaemic control in patients with diabetes but increased the risk of mood disorders.",REFUTES,scifact,PubMed_7552215: Long term pharmacotherapy for obesity and overweight: updated meta-analysis.,"{""original_id"": 765, ""doc_id"": 7552215, ""doc_title"": ""Long term pharmacotherapy for obesity and overweight: updated meta-analysis."", ""sentence_indices"": [11], ""is_grounded"": true}"
scifact_train_765_doc7552215_rat2,Medications to treat obesity do not have side effects.,"CONCLUSIONS Orlistat, sibutramine, and rimonabant modestly reduce weight, have differing effects on cardiovascular risk profiles, and have specific adverse effects.",REFUTES,scifact,PubMed_7552215: Long term pharmacotherapy for obesity and overweight: updated meta-analysis.,"{""original_id"": 765, ""doc_id"": 7552215, ""doc_title"": ""Long term pharmacotherapy for obesity and overweight: updated meta-analysis."", ""sentence_indices"": [12], ""is_grounded"": true}"
scifact_train_766_doc7552215_rat0,Medications to treat obesity have unwanted side effects.,"Orlistat reduced the incidence of diabetes and improved concentrations of total cholesterol and low density lipoprotein cholesterol, blood pressure, and glycaemic control in patients with diabetes but increased rates of gastrointestinal side effects and slightly lowered concentrations of high density lipoprotein.",SUPPORTS,scifact,PubMed_7552215: Long term pharmacotherapy for obesity and overweight: updated meta-analysis.,"{""original_id"": 766, ""doc_id"": 7552215, ""doc_title"": ""Long term pharmacotherapy for obesity and overweight: updated meta-analysis."", ""sentence_indices"": [10], ""is_grounded"": true}"
scifact_train_766_doc7552215_rat1,Medications to treat obesity have unwanted side effects.,"Sibutramine improved [corrected] concentrations of high density lipoprotein cholesterol and triglycerides [corrected] Rimonabant improved concentrations of high density lipoprotein cholesterol and triglycerides, blood pressure, and glycaemic control in patients with diabetes but increased the risk of mood disorders.",SUPPORTS,scifact,PubMed_7552215: Long term pharmacotherapy for obesity and overweight: updated meta-analysis.,"{""original_id"": 766, ""doc_id"": 7552215, ""doc_title"": ""Long term pharmacotherapy for obesity and overweight: updated meta-analysis."", ""sentence_indices"": [11], ""is_grounded"": true}"
scifact_train_766_doc7552215_rat2,Medications to treat obesity have unwanted side effects.,"CONCLUSIONS Orlistat, sibutramine, and rimonabant modestly reduce weight, have differing effects on cardiovascular risk profiles, and have specific adverse effects.",SUPPORTS,scifact,PubMed_7552215: Long term pharmacotherapy for obesity and overweight: updated meta-analysis.,"{""original_id"": 766, ""doc_id"": 7552215, ""doc_title"": ""Long term pharmacotherapy for obesity and overweight: updated meta-analysis."", ""sentence_indices"": [12], ""is_grounded"": true}"
scifact_train_767_doc2488880_rat0,Men are more susceptible to death due to pneumonia when compared to women.,"CONCLUSIONS Although gender may not be predictive of mortality among all infections, women appear to be at increased risk for death from hospital-acquired pneumonia, even after controlling for other comorbidities.",REFUTES,scifact,PubMed_2488880: Gender-dependent differences in outcome after the treatment of infection in hospitalized patients.,"{""original_id"": 767, ""doc_id"": 2488880, ""doc_title"": ""Gender-dependent differences in outcome after the treatment of infection in hospitalized patients."", ""sentence_indices"": [10], ""is_grounded"": true}"
scifact_train_771_doc15476777_rat0,Metastatic colorectal cancer treated with a single agent fluoropyrimidines resulted in similar efficacy and better quality of life when compared with oxaliplatin-based chemotherapy in elderly patients.,"On balance, a combination including oxaliplatin was preferable to single-agent fluoropyrimidines, although the primary endpoint of PFS was not met.",REFUTES,scifact,"PubMed_15476777: Chemotherapy options in elderly and frail patients with metastatic colorectal cancer (MRC FOCUS2): an open-label, randomised factorial trial","{""original_id"": 771, ""doc_id"": 15476777, ""doc_title"": ""Chemotherapy options in elderly and frail patients with metastatic colorectal cancer (MRC FOCUS2): an open-label, randomised factorial trial"", ""sentence_indices"": [16], ""is_grounded"": true}"
scifact_train_772_doc24922825_rat0,Mice are incapable of producing neutralizing antibodies in reponse to the Chikungunya virus (CHIKV) produced in mosquitos.,A single dose of EILV/CHIKV produced in mosquito cells elicited rapid (within 4 d) and long-lasting (>290 d) neutralizing antibodies that provided complete protection in two different mouse models.,REFUTES,scifact,PubMed_24922825: A chikungunya fever vaccine utilizing an insect-specific virus platform,"{""original_id"": 772, ""doc_id"": 24922825, ""doc_title"": ""A chikungunya fever vaccine utilizing an insect-specific virus platform"", ""sentence_indices"": [7], ""is_grounded"": true}"
scifact_train_774,Mice defective for deoxyribonucleic acid (DNA) polymerase I (polI) fail to reveal increased sensitivity to ionizing radiation (IR).,,NOT_ENOUGH_INFO,scifact,Docs: 32275758,"{""original_id"": 774, ""cited_doc_ids"": [32275758], ""is_grounded"": false}"
scifact_train_776,Mice defective for deoxyribonucleic acid (DNA) polymerase m (polm) fail to reveal increased sensitivity to ionizing radiation (IR).,,NOT_ENOUGH_INFO,scifact,Docs: 32275758,"{""original_id"": 776, ""cited_doc_ids"": [32275758], ""is_grounded"": false}"
scifact_train_777,Mice defective for deoxyribonucleic acid (DNA) polymerase m (polm) reveal increased sensitivity to ionizing radiation (IR).,,NOT_ENOUGH_INFO,scifact,Docs: 32275758,"{""original_id"": 777, ""cited_doc_ids"": [32275758], ""is_grounded"": false}"
scifact_train_778_doc13001323_rat0,Mice lacking Sirt1 in Sf1-expressing neurons are immune to diet-induced obesity and insulin resistance.,"Here, we show that mice lacking SIRT1 in steroidogenic factor 1 (SF1) neurons are hypersensitive to dietary obesity owing to maladaptive energy expenditure. Also, mutant mice have increased susceptibility to developing dietary T2DM due to insulin resistance in skeletal muscle.",REFUTES,scifact,PubMed_13001323: SIRT1 deacetylase in SF1 neurons protects against metabolic imbalance.,"{""original_id"": 778, ""doc_id"": 13001323, ""doc_title"": ""SIRT1 deacetylase in SF1 neurons protects against metabolic imbalance."", ""sentence_indices"": [2, 3], ""is_grounded"": true}"
scifact_train_778_doc13001323_rat1,Mice lacking Sirt1 in Sf1-expressing neurons are immune to diet-induced obesity and insulin resistance.,"Conversely, mice overexpressing SIRT1 in SF1 neurons are more resistant to diet-induced obesity and insulin resistance due to increased energy expenditure and enhanced skeletal muscle insulin sensitivity.",REFUTES,scifact,PubMed_13001323: SIRT1 deacetylase in SF1 neurons protects against metabolic imbalance.,"{""original_id"": 778, ""doc_id"": 13001323, ""doc_title"": ""SIRT1 deacetylase in SF1 neurons protects against metabolic imbalance."", ""sentence_indices"": [5], ""is_grounded"": true}"
scifact_train_779_doc13001323_rat0,Mice lacking Sirt1 in Sf1-expressing neurons have increased susceptibility to diet-induced obesity and insulin resistance.,"Here, we show that mice lacking SIRT1 in steroidogenic factor 1 (SF1) neurons are hypersensitive to dietary obesity owing to maladaptive energy expenditure. Also, mutant mice have increased susceptibility to developing dietary T2DM due to insulin resistance in skeletal muscle.",SUPPORTS,scifact,PubMed_13001323: SIRT1 deacetylase in SF1 neurons protects against metabolic imbalance.,"{""original_id"": 779, ""doc_id"": 13001323, ""doc_title"": ""SIRT1 deacetylase in SF1 neurons protects against metabolic imbalance."", ""sentence_indices"": [2, 3], ""is_grounded"": true}"
scifact_train_779_doc13001323_rat1,Mice lacking Sirt1 in Sf1-expressing neurons have increased susceptibility to diet-induced obesity and insulin resistance.,"Conversely, mice overexpressing SIRT1 in SF1 neurons are more resistant to diet-induced obesity and insulin resistance due to increased energy expenditure and enhanced skeletal muscle insulin sensitivity.",SUPPORTS,scifact,PubMed_13001323: SIRT1 deacetylase in SF1 neurons protects against metabolic imbalance.,"{""original_id"": 779, ""doc_id"": 13001323, ""doc_title"": ""SIRT1 deacetylase in SF1 neurons protects against metabolic imbalance."", ""sentence_indices"": [5], ""is_grounded"": true}"
scifact_train_780_doc8246922_rat0,Mice that lack Interferon-γ or its receptor are highly susceptible to experimental autoimmune myocarditis.,Lack of IFN-gamma due to either depletion with an antibody or a genetic deficiency exacerbated myocarditis.,SUPPORTS,scifact,PubMed_8246922: the Development of Autoimmune Myocarditis in Mice by an,"{""original_id"": 780, ""doc_id"": 8246922, ""doc_title"": ""the Development of Autoimmune Myocarditis in Mice by an"", ""sentence_indices"": [7], ""is_grounded"": true}"
scifact_train_780_doc8246922_rat1,Mice that lack Interferon-γ or its receptor are highly susceptible to experimental autoimmune myocarditis.,"In contrast, IFN-gamma plays a protective role.",SUPPORTS,scifact,PubMed_8246922: the Development of Autoimmune Myocarditis in Mice by an,"{""original_id"": 780, ""doc_id"": 8246922, ""doc_title"": ""the Development of Autoimmune Myocarditis in Mice by an"", ""sentence_indices"": [11], ""is_grounded"": true}"
scifact_train_780_doc24338780_rat0,Mice that lack Interferon-γ or its receptor are highly susceptible to experimental autoimmune myocarditis.,METHODS AND RESULTS We showed that IFN-gamma receptor-deficient mice (IFN-gammaR(-/-)) on a BALB/c background immunized with a peptide derived from cardiac alpha-myosin heavy chain develop severe myocarditis with high mortality.,SUPPORTS,scifact,PubMed_24338780: Lethal autoimmune myocarditis in interferon-gamma receptor-deficient mice: enhanced disease severity by impaired inducible nitric oxide synthase induction.,"{""original_id"": 780, ""doc_id"": 24338780, ""doc_title"": ""Lethal autoimmune myocarditis in interferon-gamma receptor-deficient mice: enhanced disease severity by impaired inducible nitric oxide synthase induction."", ""sentence_indices"": [2], ""is_grounded"": true}"
scifact_train_780_doc24338780_rat1,Mice that lack Interferon-γ or its receptor are highly susceptible to experimental autoimmune myocarditis.,"Although myocarditis subsided in wild-type mice after 3 weeks, IFN-gammaR(-/-) mice showed persistent disease.",SUPPORTS,scifact,PubMed_24338780: Lethal autoimmune myocarditis in interferon-gamma receptor-deficient mice: enhanced disease severity by impaired inducible nitric oxide synthase induction.,"{""original_id"": 780, ""doc_id"": 24338780, ""doc_title"": ""Lethal autoimmune myocarditis in interferon-gamma receptor-deficient mice: enhanced disease severity by impaired inducible nitric oxide synthase induction."", ""sentence_indices"": [3], ""is_grounded"": true}"
scifact_train_780_doc24338780_rat2,Mice that lack Interferon-γ or its receptor are highly susceptible to experimental autoimmune myocarditis.,CONCLUSIONS Our data provide evidence that IFN-gamma protects mice from lethal autoimmune myocarditis by inducing the expression of inducible nitric oxide synthase followed by the downregulation of T-cell responses.,SUPPORTS,scifact,PubMed_24338780: Lethal autoimmune myocarditis in interferon-gamma receptor-deficient mice: enhanced disease severity by impaired inducible nitric oxide synthase induction.,"{""original_id"": 780, ""doc_id"": 24338780, ""doc_title"": ""Lethal autoimmune myocarditis in interferon-gamma receptor-deficient mice: enhanced disease severity by impaired inducible nitric oxide synthase induction."", ""sentence_indices"": [6], ""is_grounded"": true}"
scifact_train_782_doc8246922_rat0,Mice without IFN-γ or its receptor are highly susceptible to EAM induced with α-MyHC/CFA.,Lack of IFN-gamma due to either depletion with an antibody or a genetic deficiency exacerbated myocarditis.,SUPPORTS,scifact,PubMed_8246922: the Development of Autoimmune Myocarditis in Mice by an,"{""original_id"": 782, ""doc_id"": 8246922, ""doc_title"": ""the Development of Autoimmune Myocarditis in Mice by an"", ""sentence_indices"": [7], ""is_grounded"": true}"
scifact_train_782_doc8246922_rat1,Mice without IFN-γ or its receptor are highly susceptible to EAM induced with α-MyHC/CFA.,"In contrast, IFN-gamma plays a protective role.",SUPPORTS,scifact,PubMed_8246922: the Development of Autoimmune Myocarditis in Mice by an,"{""original_id"": 782, ""doc_id"": 8246922, ""doc_title"": ""the Development of Autoimmune Myocarditis in Mice by an"", ""sentence_indices"": [11], ""is_grounded"": true}"
scifact_train_787_doc4740447_rat0,Microcin J25 encourages nucleoside triphosphate (NTP) binding.,Biochemical results indicate that inhibition of transcription occurs at the level of NTP uptake or NTP binding by RNAP.,REFUTES,scifact,PubMed_4740447: Antibacterial peptide microcin J25 inhibits transcription by binding within and obstructing the RNA polymerase secondary channel.,"{""original_id"": 787, ""doc_id"": 4740447, ""doc_title"": ""Antibacterial peptide microcin J25 inhibits transcription by binding within and obstructing the RNA polymerase secondary channel."", ""sentence_indices"": [1], ""is_grounded"": true}"
scifact_train_788_doc4740447_rat0,Microcin J25 inhibits nucleoside triphosphate (NTP) binding.,Biochemical results indicate that inhibition of transcription occurs at the level of NTP uptake or NTP binding by RNAP.,SUPPORTS,scifact,PubMed_4740447: Antibacterial peptide microcin J25 inhibits transcription by binding within and obstructing the RNA polymerase secondary channel.,"{""original_id"": 788, ""doc_id"": 4740447, ""doc_title"": ""Antibacterial peptide microcin J25 inhibits transcription by binding within and obstructing the RNA polymerase secondary channel."", ""sentence_indices"": [1], ""is_grounded"": true}"
scifact_train_789_doc15493354_rat0,Microglia are an innate immune cell type of the central nervous system.,These physiological functions of microglia in the normal CNS begin during development and persist into maturity.,SUPPORTS,scifact,PubMed_15493354: Sublime Microglia: Expanding Roles for the Guardians of the CNS,"{""original_id"": 789, ""doc_id"": 15493354, ""doc_title"": ""Sublime Microglia: Expanding Roles for the Guardians of the CNS"", ""sentence_indices"": [2], ""is_grounded"": true}"
scifact_train_789_doc15493354_rat1,Microglia are an innate immune cell type of the central nervous system.,"Here, we develop a conceptual framework for functions of microglia beyond neuroinflammation and discuss the rich repertoire of signaling and communication motifs in microglia that are critical both in pathology and for the normal physiology of the CNS.",SUPPORTS,scifact,PubMed_15493354: Sublime Microglia: Expanding Roles for the Guardians of the CNS,"{""original_id"": 789, ""doc_id"": 15493354, ""doc_title"": ""Sublime Microglia: Expanding Roles for the Guardians of the CNS"", ""sentence_indices"": [3], ""is_grounded"": true}"
scifact_train_790_doc15493354_rat0,Microglia are an innate immune cell type of the peripheral nervous system.,These physiological functions of microglia in the normal CNS begin during development and persist into maturity.,REFUTES,scifact,PubMed_15493354: Sublime Microglia: Expanding Roles for the Guardians of the CNS,"{""original_id"": 790, ""doc_id"": 15493354, ""doc_title"": ""Sublime Microglia: Expanding Roles for the Guardians of the CNS"", ""sentence_indices"": [2], ""is_grounded"": true}"
scifact_train_790_doc15493354_rat1,Microglia are an innate immune cell type of the peripheral nervous system.,"Here, we develop a conceptual framework for functions of microglia beyond neuroinflammation and discuss the rich repertoire of signaling and communication motifs in microglia that are critical both in pathology and for the normal physiology of the CNS.",REFUTES,scifact,PubMed_15493354: Sublime Microglia: Expanding Roles for the Guardians of the CNS,"{""original_id"": 790, ""doc_id"": 15493354, ""doc_title"": ""Sublime Microglia: Expanding Roles for the Guardians of the CNS"", ""sentence_indices"": [3], ""is_grounded"": true}"
scifact_train_791_doc15984735_rat0,Migraine with aura is associated with ischemic stroke.,"Additional analyses indicated a significantly higher risk among people who had migraine with aura (2.16, 1.53 to 3.03) compared with people who had migraine without aura (1.23, 0.90 to 1.69; meta-regression for aura status P=0.02).",SUPPORTS,scifact,PubMed_15984735: Migraine and cardiovascular disease: systematic review and meta-analysis.,"{""original_id"": 791, ""doc_id"": 15984735, ""doc_title"": ""Migraine and cardiovascular disease: systematic review and meta-analysis."", ""sentence_indices"": [11], ""is_grounded"": true}"
scifact_train_791_doc15984735_rat1,Migraine with aura is associated with ischemic stroke.,"CONCLUSION Migraine is associated with a twofold increased risk of ischaemic stroke, which is only apparent among people who have migraine with aura.",SUPPORTS,scifact,PubMed_15984735: Migraine and cardiovascular disease: systematic review and meta-analysis.,"{""original_id"": 791, ""doc_id"": 15984735, ""doc_title"": ""Migraine and cardiovascular disease: systematic review and meta-analysis."", ""sentence_indices"": [16], ""is_grounded"": true}"
scifact_train_792_doc3610080_rat0,Misunderstandings between doctors and patients can lead to non-adherence.,All the misunderstandings were associated with lack of patients' participation in the consultation in terms of the voicing of expectations and preferences or the voicing of responses to doctors' decisions and actions. They were all associated with potential or actual adverse outcomes such as non-adherence to treatment.,SUPPORTS,scifact,PubMed_3610080: Misunderstandings in prescribing decisions in general practice: qualitative study.,"{""original_id"": 792, ""doc_id"": 3610080, ""doc_title"": ""Misunderstandings in prescribing decisions in general practice: qualitative study."", ""sentence_indices"": [6, 7], ""is_grounded"": true}"
scifact_train_795_doc8551160_rat0,Mitochondria play a major role in apoptosis.,"Additionally, they participate in intermediary metabolism, calcium signaling, and apoptosis.",SUPPORTS,scifact,"PubMed_8551160: Mitochondria: Dynamic Organelles in Disease, Aging, and Development","{""original_id"": 795, ""doc_id"": 8551160, ""doc_title"": ""Mitochondria: Dynamic Organelles in Disease, Aging, and Development"", ""sentence_indices"": [1], ""is_grounded"": true}"
scifact_train_797_doc8551160_rat0,Mitochondria play a major role in energy production.,Mitochondria are the primary energy-generating system in most eukaryotic cells.,SUPPORTS,scifact,"PubMed_8551160: Mitochondria: Dynamic Organelles in Disease, Aging, and Development","{""original_id"": 797, ""doc_id"": 8551160, ""doc_title"": ""Mitochondria: Dynamic Organelles in Disease, Aging, and Development"", ""sentence_indices"": [0], ""is_grounded"": true}"
scifact_train_798_doc8551160_rat0,Mitochondria play a trivial role in calcium homeostasis.,"Additionally, they participate in intermediary metabolism, calcium signaling, and apoptosis.",REFUTES,scifact,"PubMed_8551160: Mitochondria: Dynamic Organelles in Disease, Aging, and Development","{""original_id"": 798, ""doc_id"": 8551160, ""doc_title"": ""Mitochondria: Dynamic Organelles in Disease, Aging, and Development"", ""sentence_indices"": [1], ""is_grounded"": true}"
scifact_train_799,Moderate consumption of candy and chocolate reduces the risk of cardiovascular disease (CVD).,,NOT_ENOUGH_INFO,scifact,Docs: 5293024,"{""original_id"": 799, ""cited_doc_ids"": [5293024], ""is_grounded"": false}"
scifact_train_801_doc22180793_rat0,Monoclonal antibody targeting of N-cadherin encourages castration resistance.,"N-cadherin-specific antibodies markedly delayed the time to emergence of castration resistance, markedly affected tumor histology and angiogenesis, and reduced both AKT serine-threonine kinase activity and serum interleukin-8 (IL-8) secretion.",REFUTES,scifact,"PubMed_22180793: Monoclonal antibody targeting of N-cadherin inhibits prostate cancer growth, metastasis and castration resistance","{""original_id"": 801, ""doc_id"": 22180793, ""doc_title"": ""Monoclonal antibody targeting of N-cadherin inhibits prostate cancer growth, metastasis and castration resistance"", ""sentence_indices"": [5], ""is_grounded"": true}"
scifact_train_802_doc22180793_rat0,Monoclonal antibody targeting of N-cadherin encourages metastasis.,"In vivo, these antibodies slowed the growth of multiple established CRPC xenografts, blocked local invasion and metastasis and, at higher doses, led to complete regression.",REFUTES,scifact,"PubMed_22180793: Monoclonal antibody targeting of N-cadherin inhibits prostate cancer growth, metastasis and castration resistance","{""original_id"": 802, ""doc_id"": 22180793, ""doc_title"": ""Monoclonal antibody targeting of N-cadherin inhibits prostate cancer growth, metastasis and castration resistance"", ""sentence_indices"": [4], ""is_grounded"": true}"
scifact_train_802_doc22180793_rat1,Monoclonal antibody targeting of N-cadherin encourages metastasis.,Therapeutic targeting of this factor with monoclonal antibodies may have considerable clinical benefit.,REFUTES,scifact,"PubMed_22180793: Monoclonal antibody targeting of N-cadherin inhibits prostate cancer growth, metastasis and castration resistance","{""original_id"": 802, ""doc_id"": 22180793, ""doc_title"": ""Monoclonal antibody targeting of N-cadherin inhibits prostate cancer growth, metastasis and castration resistance"", ""sentence_indices"": [7], ""is_grounded"": true}"
scifact_train_803_doc22180793_rat0,Monoclonal antibody targeting of N-cadherin inhibits castration resistance.,"N-cadherin-specific antibodies markedly delayed the time to emergence of castration resistance, markedly affected tumor histology and angiogenesis, and reduced both AKT serine-threonine kinase activity and serum interleukin-8 (IL-8) secretion.",SUPPORTS,scifact,"PubMed_22180793: Monoclonal antibody targeting of N-cadherin inhibits prostate cancer growth, metastasis and castration resistance","{""original_id"": 803, ""doc_id"": 22180793, ""doc_title"": ""Monoclonal antibody targeting of N-cadherin inhibits prostate cancer growth, metastasis and castration resistance"", ""sentence_indices"": [5], ""is_grounded"": true}"
scifact_train_804_doc22180793_rat0,Monoclonal antibody targeting of N-cadherin inhibits growth.,"Monoclonal antibodies against the ectodomain of N-cadherin reduced proliferation, adhesion and invasion of prostate cancer cells in vitro.",SUPPORTS,scifact,"PubMed_22180793: Monoclonal antibody targeting of N-cadherin inhibits prostate cancer growth, metastasis and castration resistance","{""original_id"": 804, ""doc_id"": 22180793, ""doc_title"": ""Monoclonal antibody targeting of N-cadherin inhibits prostate cancer growth, metastasis and castration resistance"", ""sentence_indices"": [3], ""is_grounded"": true}"
scifact_train_807_doc36606083_rat0,Most termination events in Okazaki fragments are dictated by initiation patterns.,"The replication profile is predominantly determined by the kinetics of origin firing, allowing us to reconstruct chromosome-wide timing profiles from an asynchronous culture.",SUPPORTS,scifact,"PubMed_36606083: Quantitative, genome-wide analysis of eukaryotic replication initiation and termination.","{""original_id"": 807, ""doc_id"": 36606083, ""doc_title"": ""Quantitative, genome-wide analysis of eukaryotic replication initiation and termination."", ""sentence_indices"": [4], ""is_grounded"": true}"
scifact_train_810_doc13513790_rat0,"Mouse models can be generated using ""artificial spermatids.""","Strikingly, live mice can be obtained upon injection of AG-haESCs into MII oocytes, and these mice bear haESC-carried genetic traits and develop into fertile adults.",SUPPORTS,scifact,PubMed_13513790: Generation of Genetically Modified Mice by Oocyte Injection of Androgenetic Haploid Embryonic Stem Cells,"{""original_id"": 810, ""doc_id"": 13513790, ""doc_title"": ""Generation of Genetically Modified Mice by Oocyte Injection of Androgenetic Haploid Embryonic Stem Cells"", ""sentence_indices"": [5], ""is_grounded"": true}"
scifact_train_812_doc19799455_rat0,Mutant mice lacking SVCT2 have severely reduced ascorbic acid levels in both brain and adrenals.,Ascorbic-acid levels were undetectable or markedly reduced in the blood and tissues of Slc23a1−/− mice. Slc23a1−/− mice died within a few minutes of birth with respiratory failure and intraparenchymal brain hemorrhage.,SUPPORTS,scifact,PubMed_19799455: Ascorbic-acid transporter Slc23a1 is essential for vitamin C transport into the brain and for perinatal survival,"{""original_id"": 812, ""doc_id"": 19799455, ""doc_title"": ""Ascorbic-acid transporter Slc23a1 is essential for vitamin C transport into the brain and for perinatal survival"", ""sentence_indices"": [4, 6], ""is_grounded"": true}"
scifact_train_812_doc19799455_rat1,Mutant mice lacking SVCT2 have severely reduced ascorbic acid levels in both brain and adrenals.,Brain hemorrhage was unlikely to be simply a form of scurvy since Slc23a1−/− mice showed no hemorrhage in any other tissues and their skin had normal skin 4-hydroxyproline levels despite low ascorbic-acid content.,SUPPORTS,scifact,PubMed_19799455: Ascorbic-acid transporter Slc23a1 is essential for vitamin C transport into the brain and for perinatal survival,"{""original_id"": 812, ""doc_id"": 19799455, ""doc_title"": ""Ascorbic-acid transporter Slc23a1 is essential for vitamin C transport into the brain and for perinatal survival"", ""sentence_indices"": [8], ""is_grounded"": true}"
scifact_train_813,"Mutations in G-Beta protein GNB1 are present in many cancers, resulting in loss of interaction with G-alpha subunits and concomitant activation of AKT pathway.",,NOT_ENOUGH_INFO,scifact,Docs: 33387953,"{""original_id"": 813, ""cited_doc_ids"": [33387953], ""is_grounded"": false}"
scifact_train_815_doc8148304_rat0,Mutations in RIM1 decrease levels of IME1 RNA.,"rim1 mutations cause reduced expression of IME1, which is required for expression of many meiotic genes, and thus lead to a partial defect in meiosis and spore formation.",SUPPORTS,scifact,PubMed_8148304: Molecular characterization of the yeast meiotic regulatory gene RIM1.,"{""original_id"": 815, ""doc_id"": 8148304, ""doc_title"": ""Molecular characterization of the yeast meiotic regulatory gene RIM1."", ""sentence_indices"": [1], ""is_grounded"": true}"
scifact_train_815_doc8148304_rat1,Mutations in RIM1 decrease levels of IME1 RNA.,These findings suggest that RIM1 acts independently of MCK1 and IME4 to stimulate IME1 expression.,SUPPORTS,scifact,PubMed_8148304: Molecular characterization of the yeast meiotic regulatory gene RIM1.,"{""original_id"": 815, ""doc_id"": 8148304, ""doc_title"": ""Molecular characterization of the yeast meiotic regulatory gene RIM1."", ""sentence_indices"": [13], ""is_grounded"": true}"
scifact_train_816_doc8148304_rat0,Mutations in RIM1 raise levels of IME1 RNA.,"rim1 mutations cause reduced expression of IME1, which is required for expression of many meiotic genes, and thus lead to a partial defect in meiosis and spore formation.",REFUTES,scifact,PubMed_8148304: Molecular characterization of the yeast meiotic regulatory gene RIM1.,"{""original_id"": 816, ""doc_id"": 8148304, ""doc_title"": ""Molecular characterization of the yeast meiotic regulatory gene RIM1."", ""sentence_indices"": [1], ""is_grounded"": true}"
scifact_train_816_doc8148304_rat1,Mutations in RIM1 raise levels of IME1 RNA.,These findings suggest that RIM1 acts independently of MCK1 and IME4 to stimulate IME1 expression.,REFUTES,scifact,PubMed_8148304: Molecular characterization of the yeast meiotic regulatory gene RIM1.,"{""original_id"": 816, ""doc_id"": 8148304, ""doc_title"": ""Molecular characterization of the yeast meiotic regulatory gene RIM1."", ""sentence_indices"": [13], ""is_grounded"": true}"
scifact_train_817,Myelin sheaths are lipid-rich cellular structures.,,NOT_ENOUGH_INFO,scifact,Docs: 17814815,"{""original_id"": 817, ""cited_doc_ids"": [17814815], ""is_grounded"": false}"
scifact_train_818_doc17814815_rat0,Myelin sheaths play a role in action potential propagation.,"We report a newly developed technique for high-resolution in vivo imaging of myelinated axons in the brain, spinal cord and peripheral nerve that requires no fluorescent labeling.",SUPPORTS,scifact,PubMed_17814815: Label-free in vivo imaging of myelinated axons in health and disease with spectral confocal reflectance microscopy,"{""original_id"": 818, ""doc_id"": 17814815, ""doc_title"": ""Label-free in vivo imaging of myelinated axons in health and disease with spectral confocal reflectance microscopy"", ""sentence_indices"": [0], ""is_grounded"": true}"
scifact_train_818_doc17814815_rat1,Myelin sheaths play a role in action potential propagation.,Striking color patterns unique to individual myelinated fibers are generated that facilitate their tracing in dense axonal areas.,SUPPORTS,scifact,PubMed_17814815: Label-free in vivo imaging of myelinated axons in health and disease with spectral confocal reflectance microscopy,"{""original_id"": 818, ""doc_id"": 17814815, ""doc_title"": ""Label-free in vivo imaging of myelinated axons in health and disease with spectral confocal reflectance microscopy"", ""sentence_indices"": [2], ""is_grounded"": true}"
scifact_train_822_doc15319019_rat0,N348I mutations cause resistance to nevirapine.,N348I also decreased susceptibility to nevirapine (7.4fold) and efavirenz (2.5-fold) and significantly potentiated resistance to these drugs when combined with K103N.,SUPPORTS,scifact,PubMed_15319019: N348I in the Connection Domain of HIV-1 Reverse Transcriptase Confers Zidovudine and Nevirapine Resistance,"{""original_id"": 822, ""doc_id"": 15319019, ""doc_title"": ""N348I in the Connection Domain of HIV-1 Reverse Transcriptase Confers Zidovudine and Nevirapine Resistance"", ""sentence_indices"": [13], ""is_grounded"": true}"
scifact_train_825_doc15319019_rat0,N348I mutations reduce resistance to nevirapine.,N348I also decreased susceptibility to nevirapine (7.4fold) and efavirenz (2.5-fold) and significantly potentiated resistance to these drugs when combined with K103N.,REFUTES,scifact,PubMed_15319019: N348I in the Connection Domain of HIV-1 Reverse Transcriptase Confers Zidovudine and Nevirapine Resistance,"{""original_id"": 825, ""doc_id"": 15319019, ""doc_title"": ""N348I in the Connection Domain of HIV-1 Reverse Transcriptase Confers Zidovudine and Nevirapine Resistance"", ""sentence_indices"": [13], ""is_grounded"": true}"
scifact_train_826,NAC destabilizes NO to increase the effect of contrast agents on renal functions.,,NOT_ENOUGH_INFO,scifact,Docs: 4678846,"{""original_id"": 826, ""cited_doc_ids"": [4678846], ""is_grounded"": false}"
scifact_train_828,NAC inhibits the generation of angiotensin-converting enzyme.,,NOT_ENOUGH_INFO,scifact,Docs: 4678846,"{""original_id"": 828, ""cited_doc_ids"": [4678846], ""is_grounded"": false}"
scifact_train_835_doc15928989_rat0,NR5A2 does not play a role in development of endometrial tissues.,"To study the effects of Lrh-1 on mouse gestation, we genetically disrupted its expression in the corpus luteum, resulting in luteal insufficiency. Hormone replacement permitted embryo implantation but was followed by gestational failure with impaired endometrial decidualization, compromised placental formation, fetal growth retardation and fetal death.",REFUTES,scifact,PubMed_15928989: Liver receptor homolog-1 is essential for pregnancy,"{""original_id"": 835, ""doc_id"": 15928989, ""doc_title"": ""Liver receptor homolog-1 is essential for pregnancy"", ""sentence_indices"": [5, 6], ""is_grounded"": true}"
scifact_train_835_doc15928989_rat1,NR5A2 does not play a role in development of endometrial tissues.,"Lrh-1 is also expressed in the mouse and human endometrium, and in a primary culture of human endometrial stromal cells, reduction of NR5A2 transcript abundance by RNA interference abrogated decidualization.",REFUTES,scifact,PubMed_15928989: Liver receptor homolog-1 is essential for pregnancy,"{""original_id"": 835, ""doc_id"": 15928989, ""doc_title"": ""Liver receptor homolog-1 is essential for pregnancy"", ""sentence_indices"": [7], ""is_grounded"": true}"
scifact_train_838,NR5A2 is important in reverse cholesterol transport in humans.,,NOT_ENOUGH_INFO,scifact,Docs: 15928989,"{""original_id"": 838, ""cited_doc_ids"": [15928989], ""is_grounded"": false}"
scifact_train_840_doc15663829_rat0,Natriuretic peptides increase susceptibility to diabetes.,"In participants of our case-cohort study who were free of T2D and cardiovascular disease at baseline, we observed a 21% (95% CI 3%-36%) decreased risk of incident T2D per one standard deviation (SD) higher log-transformed NT-pro-BNP levels in analysis adjusted for age, sex, body mass index, systolic blood pressure, smoking, family history of T2D, history of hypertension, and levels of triglycerides, high-density lipoprotein cholesterol, and low-density lipoprotein cholesterol. CONCLUSIONS Our results provide evidence for a potential causal role of the BNP system in the aetiology of T2D.",REFUTES,scifact,PubMed_15663829: Mendelian Randomization Study of B-Type Natriuretic Peptide and Type 2 Diabetes: Evidence of Causal Association from Population Studies,"{""original_id"": 840, ""doc_id"": 15663829, ""doc_title"": ""Mendelian Randomization Study of B-Type Natriuretic Peptide and Type 2 Diabetes: Evidence of Causal Association from Population Studies"", ""sentence_indices"": [4, 7], ""is_grounded"": true}"
scifact_train_841_doc15663829_rat0,Natriuretic peptides protect against diabetes.,"In participants of our case-cohort study who were free of T2D and cardiovascular disease at baseline, we observed a 21% (95% CI 3%-36%) decreased risk of incident T2D per one standard deviation (SD) higher log-transformed NT-pro-BNP levels in analysis adjusted for age, sex, body mass index, systolic blood pressure, smoking, family history of T2D, history of hypertension, and levels of triglycerides, high-density lipoprotein cholesterol, and low-density lipoprotein cholesterol.",SUPPORTS,scifact,PubMed_15663829: Mendelian Randomization Study of B-Type Natriuretic Peptide and Type 2 Diabetes: Evidence of Causal Association from Population Studies,"{""original_id"": 841, ""doc_id"": 15663829, ""doc_title"": ""Mendelian Randomization Study of B-Type Natriuretic Peptide and Type 2 Diabetes: Evidence of Causal Association from Population Studies"", ""sentence_indices"": [4], ""is_grounded"": true}"
scifact_train_841_doc15663829_rat1,Natriuretic peptides protect against diabetes.,CONCLUSIONS Our results provide evidence for a potential causal role of the BNP system in the aetiology of T2D.,SUPPORTS,scifact,PubMed_15663829: Mendelian Randomization Study of B-Type Natriuretic Peptide and Type 2 Diabetes: Evidence of Causal Association from Population Studies,"{""original_id"": 841, ""doc_id"": 15663829, ""doc_title"": ""Mendelian Randomization Study of B-Type Natriuretic Peptide and Type 2 Diabetes: Evidence of Causal Association from Population Studies"", ""sentence_indices"": [7], ""is_grounded"": true}"
scifact_train_844_doc17741440_rat0,Neutrophil extracellular trap (NET) antigens may contain the targeted autoantigens PR3 and MPO.,"Here we show that chromatin fibers, so-called neutrophil extracellular traps (NETs), are released by ANCA-stimulated neutrophils and contain the targeted autoantigens proteinase-3 (PR3) and myeloperoxidase (MPO).",SUPPORTS,scifact,PubMed_17741440: Netting neutrophils in autoimmune small-vessel vasculitis,"{""original_id"": 844, ""doc_id"": 17741440, ""doc_title"": ""Netting neutrophils in autoimmune small-vessel vasculitis"", ""sentence_indices"": [1], ""is_grounded"": true}"
scifact_train_846_doc22696649_rat0,Neutrophils produce IL-1β in response to large particles.,"In contrast, large microbes triggered ROS extracellularly, amplifying IL-1β expression to recruit numerous neutrophils forming cooperative clusters.",SUPPORTS,scifact,PubMed_22696649: Reactive Oxygen Species Localization Programs Inflammation to Clear Microbes of Different Size,"{""original_id"": 846, ""doc_id"": 22696649, ""doc_title"": ""Reactive Oxygen Species Localization Programs Inflammation to Clear Microbes of Different Size"", ""sentence_indices"": [4], ""is_grounded"": true}"
scifact_train_848,Nigerian physicians constitue the largest component of sub-Saharan Africa-trained physicians in the United States.,,NOT_ENOUGH_INFO,scifact,Docs: 14500725,"{""original_id"": 848, ""cited_doc_ids"": [14500725], ""is_grounded"": false}"
scifact_train_853_doc24922825_rat0,Nonhuman primates are incapable of producing neutralizing antibodies in reponse to the Eilat virus (EILV) produced in mosquitos.,"A single dose of EILV/CHIKV produced in mosquito cells elicited rapid (within 4 d) and long-lasting (>290 d) neutralizing antibodies that provided complete protection in two different mouse models. In nonhuman primates, EILV/CHIKV elicited rapid and robust immunity that protected against viremia and telemetrically monitored fever.",REFUTES,scifact,PubMed_24922825: A chikungunya fever vaccine utilizing an insect-specific virus platform,"{""original_id"": 853, ""doc_id"": 24922825, ""doc_title"": ""A chikungunya fever vaccine utilizing an insect-specific virus platform"", ""sentence_indices"": [7, 8], ""is_grounded"": true}"
scifact_train_854_doc12206390_rat0,Nonhypertensive people who are 55 years old have a 90% chance of developing hypertension during their lifetime.,RESULTS The residual lifetime risks for developing hypertension and stage 1 high blood pressure or higher (greater-than-or-equal to 140/90 mm Hg regardless of treatment) were 90% in both 55- and 65-year-old participants.,SUPPORTS,scifact,PubMed_12206390: Residual lifetime risk for developing hypertension in middle-aged women and men: The Framingham Heart Study.,"{""original_id"": 854, ""doc_id"": 12206390, ""doc_title"": ""Residual lifetime risk for developing hypertension in middle-aged women and men: The Framingham Heart Study."", ""sentence_indices"": [5], ""is_grounded"": true}"
scifact_train_854_doc12206390_rat1,Nonhypertensive people who are 55 years old have a 90% chance of developing hypertension during their lifetime.,"CONCLUSION The residual lifetime risk for hypertension for middle-aged and elderly individuals is 90%, indicating a huge public health burden.",SUPPORTS,scifact,PubMed_12206390: Residual lifetime risk for developing hypertension in middle-aged women and men: The Framingham Heart Study.,"{""original_id"": 854, ""doc_id"": 12206390, ""doc_title"": ""Residual lifetime risk for developing hypertension in middle-aged women and men: The Framingham Heart Study."", ""sentence_indices"": [9], ""is_grounded"": true}"
scifact_train_855_doc8190282_rat0,Noninvasive positive pressure ventilation is not predictive of acute respiratory failure after solid organ transplantation.,"Within the first hour of treatment, 14 patients (70%) in the NIV group, and 5 patients (25%) in the standard treatment group improved their ratio of the PaO2 to the fraction of inspired oxygen (FIO2).",REFUTES,scifact,PubMed_8190282: Noninvasive ventilation for treatment of acute respiratory failure in patients undergoing solid organ transplantation: a randomized trial.,"{""original_id"": 855, ""doc_id"": 8190282, ""doc_title"": ""Noninvasive ventilation for treatment of acute respiratory failure in patients undergoing solid organ transplantation: a randomized trial."", ""sentence_indices"": [8], ""is_grounded"": true}"
scifact_train_855_doc8190282_rat1,Noninvasive positive pressure ventilation is not predictive of acute respiratory failure after solid organ transplantation.,"Over time, a sustained improvement in PaO2 to FIO2 was noted in 12 patients (60%) in the NIV group, and in 5 patients (25%) randomized to standard treatment (P = .03).",REFUTES,scifact,PubMed_8190282: Noninvasive ventilation for treatment of acute respiratory failure in patients undergoing solid organ transplantation: a randomized trial.,"{""original_id"": 855, ""doc_id"": 8190282, ""doc_title"": ""Noninvasive ventilation for treatment of acute respiratory failure in patients undergoing solid organ transplantation: a randomized trial."", ""sentence_indices"": [9], ""is_grounded"": true}"
scifact_train_855_doc8190282_rat2,Noninvasive positive pressure ventilation is not predictive of acute respiratory failure after solid organ transplantation.,"The use of NIV was associated with a significant reduction in the rate of endotracheal intubation (20% vs 70%; P = .002), rate of fatal complications (20% vs 50%; P = .05), length of stay in the intensive care unit by survivors (mean [SD] days, 5.5 [3] vs 9 [4]; P = .03), and intensive care unit mortality (20% vs 50%; P = .05).",REFUTES,scifact,PubMed_8190282: Noninvasive ventilation for treatment of acute respiratory failure in patients undergoing solid organ transplantation: a randomized trial.,"{""original_id"": 855, ""doc_id"": 8190282, ""doc_title"": ""Noninvasive ventilation for treatment of acute respiratory failure in patients undergoing solid organ transplantation: a randomized trial."", ""sentence_indices"": [10], ""is_grounded"": true}"
scifact_train_855_doc8190282_rat3,Noninvasive positive pressure ventilation is not predictive of acute respiratory failure after solid organ transplantation.,CONCLUSIONS These results indicate that transplantation programs should consider NIV in the treatment of selected recipients of transplantation with acute respiratory failure.,REFUTES,scifact,PubMed_8190282: Noninvasive ventilation for treatment of acute respiratory failure in patients undergoing solid organ transplantation: a randomized trial.,"{""original_id"": 855, ""doc_id"": 8190282, ""doc_title"": ""Noninvasive ventilation for treatment of acute respiratory failure in patients undergoing solid organ transplantation: a randomized trial."", ""sentence_indices"": [12], ""is_grounded"": true}"
scifact_train_856_doc43334921_rat0,Nonsteroidal antinflammatory drugs are ineffective as cancer treatments.,"RESULTS Regular use of aspirin and/or NSAIDs was associated with lower risk of colorectal cancer (prevalence, 28% vs 38%; odds ratio [OR], 0.69 [95% CI, 0.64-0.74]; P = 6.2 × 10(-28)) compared with nonregular use.",REFUTES,scifact,PubMed_43334921: Association of aspirin and NSAID use with risk of colorectal cancer according to genetic variants.,"{""original_id"": 856, ""doc_id"": 43334921, ""doc_title"": ""Association of aspirin and NSAID use with risk of colorectal cancer according to genetic variants."", ""sentence_indices"": [6], ""is_grounded"": true}"
scifact_train_856_doc43334921_rat1,Nonsteroidal antinflammatory drugs are ineffective as cancer treatments.,"Aspirin and/or NSAID use was associated with a lower risk of colorectal cancer among individuals with rs2965667-TT genotype (prevalence, 28% vs 38%; OR, 0.66 [95% CI, 0.61-0.70]; P = 7.7 × 10(-33)) but with a higher risk among those with rare (4%) TA or AA genotypes (prevalence, 35% vs 29%; OR, 1.89 [95% CI, 1.27-2.81]; P = .002).",REFUTES,scifact,PubMed_43334921: Association of aspirin and NSAID use with risk of colorectal cancer according to genetic variants.,"{""original_id"": 856, ""doc_id"": 43334921, ""doc_title"": ""Association of aspirin and NSAID use with risk of colorectal cancer according to genetic variants."", ""sentence_indices"": [8], ""is_grounded"": true}"
scifact_train_856_doc43334921_rat2,Nonsteroidal antinflammatory drugs are ineffective as cancer treatments.,"Regular use was associated with a lower risk of colorectal cancer among individuals with rs16973225-AA genotype (prevalence, 28% vs 38%; OR, 0.66 [95% CI, 0.62-0.71]; P = 1.9 × 10(-30)) but was not associated with risk of colorectal cancer among those with less common (9%) AC or CC genotypes (prevalence, 36% vs 39%; OR, 0.97 [95% CI, 0.78-1.20]; P = .76).",REFUTES,scifact,PubMed_43334921: Association of aspirin and NSAID use with risk of colorectal cancer according to genetic variants.,"{""original_id"": 856, ""doc_id"": 43334921, ""doc_title"": ""Association of aspirin and NSAID use with risk of colorectal cancer according to genetic variants."", ""sentence_indices"": [10], ""is_grounded"": true}"
scifact_train_857_doc43334921_rat0,Nonsteroidal antinflammatory drugs show potential anticancer indications.,"RESULTS Regular use of aspirin and/or NSAIDs was associated with lower risk of colorectal cancer (prevalence, 28% vs 38%; odds ratio [OR], 0.69 [95% CI, 0.64-0.74]; P = 6.2 × 10(-28)) compared with nonregular use.",SUPPORTS,scifact,PubMed_43334921: Association of aspirin and NSAID use with risk of colorectal cancer according to genetic variants.,"{""original_id"": 857, ""doc_id"": 43334921, ""doc_title"": ""Association of aspirin and NSAID use with risk of colorectal cancer according to genetic variants."", ""sentence_indices"": [6], ""is_grounded"": true}"
scifact_train_857_doc43334921_rat1,Nonsteroidal antinflammatory drugs show potential anticancer indications.,"Aspirin and/or NSAID use was associated with a lower risk of colorectal cancer among individuals with rs2965667-TT genotype (prevalence, 28% vs 38%; OR, 0.66 [95% CI, 0.61-0.70]; P = 7.7 × 10(-33)) but with a higher risk among those with rare (4%) TA or AA genotypes (prevalence, 35% vs 29%; OR, 1.89 [95% CI, 1.27-2.81]; P = .002).",SUPPORTS,scifact,PubMed_43334921: Association of aspirin and NSAID use with risk of colorectal cancer according to genetic variants.,"{""original_id"": 857, ""doc_id"": 43334921, ""doc_title"": ""Association of aspirin and NSAID use with risk of colorectal cancer according to genetic variants."", ""sentence_indices"": [8], ""is_grounded"": true}"
scifact_train_857_doc43334921_rat2,Nonsteroidal antinflammatory drugs show potential anticancer indications.,"Regular use was associated with a lower risk of colorectal cancer among individuals with rs16973225-AA genotype (prevalence, 28% vs 38%; OR, 0.66 [95% CI, 0.62-0.71]; P = 1.9 × 10(-30)) but was not associated with risk of colorectal cancer among those with less common (9%) AC or CC genotypes (prevalence, 36% vs 39%; OR, 0.97 [95% CI, 0.78-1.20]; P = .76).",SUPPORTS,scifact,PubMed_43334921: Association of aspirin and NSAID use with risk of colorectal cancer according to genetic variants.,"{""original_id"": 857, ""doc_id"": 43334921, ""doc_title"": ""Association of aspirin and NSAID use with risk of colorectal cancer according to genetic variants."", ""sentence_indices"": [10], ""is_grounded"": true}"
scifact_train_858_doc1982286_rat0,Normal expression of RUNX1 causes tumorsupressing effects.,"Notably, a network structure analysis of this hierarchical network identified RUNX1 as a key mediator of the T-ALL induced by TLX1 and TLX3 and predicted a tumor-suppressor role for RUNX1 in T cell transformation.",SUPPORTS,scifact,PubMed_1982286: Reverse engineering of TLX oncogenic transcriptional networks identifies RUNX1 as tumor suppressor in T-ALL,"{""original_id"": 858, ""doc_id"": 1982286, ""doc_title"": ""Reverse engineering of TLX oncogenic transcriptional networks identifies RUNX1 as tumor suppressor in T-ALL"", ""sentence_indices"": [3], ""is_grounded"": true}"
scifact_train_860_doc16066726_rat0,Normal granulomas form in the absence of TNF in Zebrafish.,"In the absence of TNF, intracellular bacterial growth and granuloma formation were accelerated and was followed by necrotic death of overladen macrophages and granuloma breakdown.",SUPPORTS,scifact,PubMed_16066726: Tumor necrosis factor signaling mediates resistance to mycobacteria by inhibiting bacterial growth and macrophage death.,"{""original_id"": 860, ""doc_id"": 16066726, ""doc_title"": ""Tumor necrosis factor signaling mediates resistance to mycobacteria by inhibiting bacterial growth and macrophage death."", ""sentence_indices"": [4], ""is_grounded"": true}"
scifact_train_860_doc16066726_rat1,Normal granulomas form in the absence of TNF in Zebrafish.,"Thus, TNF is not required for tuberculous granuloma formation, but maintains granuloma integrity indirectly by restricting mycobacterial growth within macrophages and preventing their necrosis.",SUPPORTS,scifact,PubMed_16066726: Tumor necrosis factor signaling mediates resistance to mycobacteria by inhibiting bacterial growth and macrophage death.,"{""original_id"": 860, ""doc_id"": 16066726, ""doc_title"": ""Tumor necrosis factor signaling mediates resistance to mycobacteria by inhibiting bacterial growth and macrophage death."", ""sentence_indices"": [5], ""is_grounded"": true}"
scifact_train_861_doc16066726_rat0,Normal granulomas form in the presence of TNF in Zebrafish.,"In the absence of TNF, intracellular bacterial growth and granuloma formation were accelerated and was followed by necrotic death of overladen macrophages and granuloma breakdown.",REFUTES,scifact,PubMed_16066726: Tumor necrosis factor signaling mediates resistance to mycobacteria by inhibiting bacterial growth and macrophage death.,"{""original_id"": 861, ""doc_id"": 16066726, ""doc_title"": ""Tumor necrosis factor signaling mediates resistance to mycobacteria by inhibiting bacterial growth and macrophage death."", ""sentence_indices"": [4], ""is_grounded"": true}"
scifact_train_861_doc16066726_rat1,Normal granulomas form in the presence of TNF in Zebrafish.,"Thus, TNF is not required for tuberculous granuloma formation, but maintains granuloma integrity indirectly by restricting mycobacterial growth within macrophages and preventing their necrosis.",REFUTES,scifact,PubMed_16066726: Tumor necrosis factor signaling mediates resistance to mycobacteria by inhibiting bacterial growth and macrophage death.,"{""original_id"": 861, ""doc_id"": 16066726, ""doc_title"": ""Tumor necrosis factor signaling mediates resistance to mycobacteria by inhibiting bacterial growth and macrophage death."", ""sentence_indices"": [5], ""is_grounded"": true}"
scifact_train_863_doc20568364_rat0,Notch signaling occurs between tumor cells and stromal cells.,"Here, we report that the Notch ligand Jagged1 induced by growth factors via mitogen-activating protein kinase (MAPK) in head and neck squamous cell carcinoma (HNSCC) cells triggered Notch activation in neighboring endothelial cells (ECs) and promoted capillary-like sprout formation.",SUPPORTS,scifact,PubMed_20568364: Crosstalk between tumor and endothelial cells promotes tumor angiogenesis by MAPK activation of Notch signaling.,"{""original_id"": 863, ""doc_id"": 20568364, ""doc_title"": ""Crosstalk between tumor and endothelial cells promotes tumor angiogenesis by MAPK activation of Notch signaling."", ""sentence_indices"": [1], ""is_grounded"": true}"
scifact_train_863_doc20568364_rat1,Notch signaling occurs between tumor cells and stromal cells.,Our results elucidate a novel mechanism by which the direct interplay between tumor cells and ECs promotes angiogenesis through MAPK and Notch signaling pathways.,SUPPORTS,scifact,PubMed_20568364: Crosstalk between tumor and endothelial cells promotes tumor angiogenesis by MAPK activation of Notch signaling.,"{""original_id"": 863, ""doc_id"": 20568364, ""doc_title"": ""Crosstalk between tumor and endothelial cells promotes tumor angiogenesis by MAPK activation of Notch signaling."", ""sentence_indices"": [4], ""is_grounded"": true}"
scifact_train_863_doc16361581_rat0,Notch signaling occurs between tumor cells and stromal cells.,We recently demonstrated that Notch signaling is involved in proliferation and survival of B cell-derived tumor cells of classic Hodgkin disease and described a novel mechanism for the oncogenic capacity of Notch.,SUPPORTS,scifact,PubMed_16361581: Jagged1-induced Notch signaling drives proliferation of multiple myeloma cells.,"{""original_id"": 863, ""doc_id"": 16361581, ""doc_title"": ""Jagged1-induced Notch signaling drives proliferation of multiple myeloma cells."", ""sentence_indices"": [1], ""is_grounded"": true}"
scifact_train_866,Nuclear transfer from adult human fibroblasts to human oocytes can give rise to blastocysts containing expandable pluripotent cells.,,NOT_ENOUGH_INFO,scifact,Docs: 37822406,"{""original_id"": 866, ""cited_doc_ids"": [37822406], ""is_grounded"": false}"
scifact_train_867_doc14340571_rat0,Oat tolerant coeliac patients may have oat specific inflammatory cells in their small bowel mucosa.,"We established oats-avenin-specific and -reactive intestinal T-cell lines from these three patients, as well as from two other patients who appeared to tolerate oats.",SUPPORTS,scifact,PubMed_14340571: The Molecular Basis for Oat Intolerance in Patients with Celiac Disease,"{""original_id"": 867, ""doc_id"": 14340571, ""doc_title"": ""The Molecular Basis for Oat Intolerance in Patients with Celiac Disease"", ""sentence_indices"": [6], ""is_grounded"": true}"
scifact_train_871,Obesity decreases life quality.,,NOT_ENOUGH_INFO,scifact,Docs: 195689316,"{""original_id"": 871, ""cited_doc_ids"": [195689316], ""is_grounded"": false}"
scifact_train_876,Obesity raises life quality.,,NOT_ENOUGH_INFO,scifact,Docs: 195689316,"{""original_id"": 876, ""cited_doc_ids"": [195689316], ""is_grounded"": false}"
scifact_train_877,Occipital activation levels are associated with auditory spatial performance in parietal regions of the brain.,,NOT_ENOUGH_INFO,scifact,Docs: 313394,"{""original_id"": 877, ""cited_doc_ids"": [313394], ""is_grounded"": false}"
scifact_train_881_doc14803797_rat0,Omnivores produce less trimethylamine N-oxide from dietary I-carnitine than vegans.,Omnivorous human subjects produced more TMAO than did vegans or vegetarians following ingestion of L-carnitine through a microbiota-dependent mechanism.,REFUTES,scifact,"PubMed_14803797: Intestinal microbiota metabolism of L-carnitine, a nutrient in red meat, promotes atherosclerosis","{""original_id"": 881, ""doc_id"": 14803797, ""doc_title"": ""Intestinal microbiota metabolism of L-carnitine, a nutrient in red meat, promotes atherosclerosis"", ""sentence_indices"": [2], ""is_grounded"": true}"
scifact_train_883_doc14803797_rat0,Omnivores produce more trimethylamine N-oxide from dietary I-carnitine than vegans.,Omnivorous human subjects produced more TMAO than did vegans or vegetarians following ingestion of L-carnitine through a microbiota-dependent mechanism.,SUPPORTS,scifact,"PubMed_14803797: Intestinal microbiota metabolism of L-carnitine, a nutrient in red meat, promotes atherosclerosis","{""original_id"": 883, ""doc_id"": 14803797, ""doc_title"": ""Intestinal microbiota metabolism of L-carnitine, a nutrient in red meat, promotes atherosclerosis"", ""sentence_indices"": [2], ""is_grounded"": true}"
scifact_train_884_doc14803797_rat0,Omnivores produce more trimethylamine N-oxide from dietary I-carnitine than vegetarians.,Omnivorous human subjects produced more TMAO than did vegans or vegetarians following ingestion of L-carnitine through a microbiota-dependent mechanism.,SUPPORTS,scifact,"PubMed_14803797: Intestinal microbiota metabolism of L-carnitine, a nutrient in red meat, promotes atherosclerosis","{""original_id"": 884, ""doc_id"": 14803797, ""doc_title"": ""Intestinal microbiota metabolism of L-carnitine, a nutrient in red meat, promotes atherosclerosis"", ""sentence_indices"": [2], ""is_grounded"": true}"
scifact_train_885_doc6477536_rat0,One in five surgical randomized controlled trials are discontinued early.,"Of these, 21% (81/395) were discontinued early, most commonly owing to poor recruitment (44%, 36/81).",SUPPORTS,scifact,PubMed_6477536: Discontinuation and non-publication of surgical randomised controlled trials: observational study,"{""original_id"": 885, ""doc_id"": 6477536, ""doc_title"": ""Discontinuation and non-publication of surgical randomised controlled trials: observational study"", ""sentence_indices"": [10], ""is_grounded"": true}"
scifact_train_885_doc6477536_rat1,One in five surgical randomized controlled trials are discontinued early.,"CONCLUSIONS One in five surgical randomised controlled trials are discontinued early, one in three completed trials remain unpublished, and investigators of unpublished studies are frequently not contactable.",SUPPORTS,scifact,PubMed_6477536: Discontinuation and non-publication of surgical randomised controlled trials: observational study,"{""original_id"": 885, ""doc_id"": 6477536, ""doc_title"": ""Discontinuation and non-publication of surgical randomised controlled trials: observational study"", ""sentence_indices"": [17], ""is_grounded"": true}"
scifact_train_886_doc6477536_rat0,One in two surgical randomized controlled trials are discontinued early.,"Of these, 21% (81/395) were discontinued early, most commonly owing to poor recruitment (44%, 36/81).",REFUTES,scifact,PubMed_6477536: Discontinuation and non-publication of surgical randomised controlled trials: observational study,"{""original_id"": 886, ""doc_id"": 6477536, ""doc_title"": ""Discontinuation and non-publication of surgical randomised controlled trials: observational study"", ""sentence_indices"": [10], ""is_grounded"": true}"
scifact_train_886_doc6477536_rat1,One in two surgical randomized controlled trials are discontinued early.,"CONCLUSIONS One in five surgical randomised controlled trials are discontinued early, one in three completed trials remain unpublished, and investigators of unpublished studies are frequently not contactable.",REFUTES,scifact,PubMed_6477536: Discontinuation and non-publication of surgical randomised controlled trials: observational study,"{""original_id"": 886, ""doc_id"": 6477536, ""doc_title"": ""Discontinuation and non-publication of surgical randomised controlled trials: observational study"", ""sentence_indices"": [17], ""is_grounded"": true}"
scifact_train_890,Origin gross domestic product(GDP) is negatively related to dengue virus (DENV-1) diffusion in air traffic shipments.,,NOT_ENOUGH_INFO,scifact,Docs: 2097256,"{""original_id"": 890, ""cited_doc_ids"": [2097256], ""is_grounded"": false}"
scifact_train_891,Origin gross domestic product(GDP) is positively related to dengue virus (DENV-1) diffusion in air traffic shipments.,,NOT_ENOUGH_INFO,scifact,Docs: 2097256,"{""original_id"": 891, ""cited_doc_ids"": [2097256], ""is_grounded"": false}"
scifact_train_893_doc13509809_rat0,Osteocytes have an essential role in G-CSF induced HSPC mobilization.,"Granulocyte colony-stimulating factor (G-CSF), used clinically to mobilize HSPCs, induces changes in the morphology and gene expression of the osteocytic network that precedes changes in osteoblasts.",SUPPORTS,scifact,PubMed_13509809: Matrix-embedded osteocytes regulate mobilization of hematopoietic stem/progenitor cells.,"{""original_id"": 893, ""doc_id"": 13509809, ""doc_title"": ""Matrix-embedded osteocytes regulate mobilization of hematopoietic stem/progenitor cells."", ""sentence_indices"": [2], ""is_grounded"": true}"
scifact_train_893_doc13509809_rat1,Osteocytes have an essential role in G-CSF induced HSPC mobilization.,Mice with targeted ablation of osteocytes or a disrupted osteocyte network have comparable numbers of HSPCs in the BM but fail to mobilize HSPCs in response to G-CSF.,SUPPORTS,scifact,PubMed_13509809: Matrix-embedded osteocytes regulate mobilization of hematopoietic stem/progenitor cells.,"{""original_id"": 893, ""doc_id"": 13509809, ""doc_title"": ""Matrix-embedded osteocytes regulate mobilization of hematopoietic stem/progenitor cells."", ""sentence_indices"": [4], ""is_grounded"": true}"
scifact_train_894,"Osteoparthritis (OA) is characterized by degeneration of articular cartilage, joint edge, and subchondral bone hyperplasia.",,NOT_ENOUGH_INFO,scifact,Docs: 14724693,"{""original_id"": 894, ""cited_doc_ids"": [14724693], ""is_grounded"": false}"
scifact_train_895,Over half of the gabonese children with Schimmelpenning-Feuerstein-Mims syndrome (SFM) had a plasma lactate of more than 5mmol/L.,,NOT_ENOUGH_INFO,scifact,Docs: 18750453,"{""original_id"": 895, ""cited_doc_ids"": [18750453], ""is_grounded"": false}"
scifact_train_896,Overexpressing Cnp1 N-tail variants exacerbates the temperature-sensitive growth defect of scm3-139.,,NOT_ENOUGH_INFO,scifact,Docs: 14338915,"{""original_id"": 896, ""cited_doc_ids"": [14338915], ""is_grounded"": false}"
scifact_train_897,Overexpressing Cnp1 N-tail variants rescues the temperature-sensitive growth defect of scm3-139.,,NOT_ENOUGH_INFO,scifact,Docs: 14338915,"{""original_id"": 897, ""cited_doc_ids"": [14338915], ""is_grounded"": false}"
scifact_train_898,Oxidative DNA damage activates STING signalling.,,NOT_ENOUGH_INFO,scifact,"Docs: 13106686,5572127","{""original_id"": 898, ""cited_doc_ids"": [13106686, 5572127], ""is_grounded"": false}"
scifact_train_899,Oxidative DNA damage inhibits STING signalling.,,NOT_ENOUGH_INFO,scifact,"Docs: 13106686,5572127","{""original_id"": 899, ""cited_doc_ids"": [13106686, 5572127], ""is_grounded"": false}"
scifact_train_900,Oxidative phosphorylation is one of the primary glycometabolic pathways in cells.,,NOT_ENOUGH_INFO,scifact,Docs: 18678095,"{""original_id"": 900, ""cited_doc_ids"": [18678095], ""is_grounded"": false}"
scifact_train_901_doc6540064_rat0,PCSK9 inhibitors decrease plasma Lp(a) levels.,Inhibition of PCSK9 also results in reductions of plasma lipoprotein (a) levels.,SUPPORTS,scifact,PubMed_6540064: Effects of PCSK9 Inhibition With Alirocumab on Lipoprotein Metabolism in Healthy Humans,"{""original_id"": 901, ""doc_id"": 6540064, ""doc_title"": ""Effects of PCSK9 Inhibition With Alirocumab on Lipoprotein Metabolism in Healthy Humans"", ""sentence_indices"": [3], ""is_grounded"": true}"
scifact_train_901_doc6540064_rat1,PCSK9 inhibitors decrease plasma Lp(a) levels.,The increase in apo(a) FCR during alirocumab treatment suggests that increased LDL receptors may also play a role in the reduction of plasma Lp(a).,SUPPORTS,scifact,PubMed_6540064: Effects of PCSK9 Inhibition With Alirocumab on Lipoprotein Metabolism in Healthy Humans,"{""original_id"": 901, ""doc_id"": 6540064, ""doc_title"": ""Effects of PCSK9 Inhibition With Alirocumab on Lipoprotein Metabolism in Healthy Humans"", ""sentence_indices"": [16], ""is_grounded"": true}"
scifact_train_902_doc10648422_rat0,PD-1 triggering on monocytes enhances IL-10 production by monocytes.,Triggering of PD-1 expressed on monocytes by PD-L1 expressed on various cell types induced IL-10 production and led to reversible CD4+ T cell dysfunction.,SUPPORTS,scifact,PubMed_10648422: Programmed death-1–induced interleukin-10 production by monocytes impairs CD4+ T cell activation during HIV infection,"{""original_id"": 902, ""doc_id"": 10648422, ""doc_title"": ""Programmed death-1\u2013induced interleukin-10 production by monocytes impairs CD4+ T cell activation during HIV infection"", ""sentence_indices"": [4], ""is_grounded"": true}"
scifact_train_902_doc10648422_rat1,PD-1 triggering on monocytes enhances IL-10 production by monocytes.,We describe a new function for PD-1 whereby microbial products inhibit T cell expansion and function by upregulating PD-1 levels and IL-10 production by monocytes after binding of PD-1 by PD-L1.,SUPPORTS,scifact,PubMed_10648422: Programmed death-1–induced interleukin-10 production by monocytes impairs CD4+ T cell activation during HIV infection,"{""original_id"": 902, ""doc_id"": 10648422, ""doc_title"": ""Programmed death-1\u2013induced interleukin-10 production by monocytes impairs CD4+ T cell activation during HIV infection"", ""sentence_indices"": [5], ""is_grounded"": true}"
scifact_train_908,PGE 2 suppresss intestinal tumor growth by altering the expression of tumor suppressing and DNA repair genes.,,NOT_ENOUGH_INFO,scifact,Docs: 6923961,"{""original_id"": 908, ""cited_doc_ids"": [6923961], ""is_grounded"": false}"
scifact_train_909_doc11254556_rat0,PKG-la does not have a large impact on expression of pain hypersensitivity in PGK-la knockout mice.,"Here, we found that Protein Kinase G1 (PKG-I) localized presynaptically in nociceptor terminals plays an essential role in the expression of spinal LTP.",REFUTES,scifact,PubMed_11254556: Presynaptically Localized Cyclic GMP-Dependent Protein Kinase 1 Is a Key Determinant of Spinal Synaptic Potentiation and Pain Hypersensitivity,"{""original_id"": 909, ""doc_id"": 11254556, ""doc_title"": ""Presynaptically Localized Cyclic GMP-Dependent Protein Kinase 1 Is a Key Determinant of Spinal Synaptic Potentiation and Pain Hypersensitivity"", ""sentence_indices"": [3], ""is_grounded"": true}"
scifact_train_909_doc11254556_rat1,PKG-la does not have a large impact on expression of pain hypersensitivity in PGK-la knockout mice.,Our results thus indicate that presynaptic mechanisms involving an increase in release probability from nociceptors are operational in the expression of synaptic LTP on spinal-PAG projection neurons and that PKG-I localized in presynaptic nociceptor terminals plays an essential role in this process to regulate pain sensitivity.,REFUTES,scifact,PubMed_11254556: Presynaptically Localized Cyclic GMP-Dependent Protein Kinase 1 Is a Key Determinant of Spinal Synaptic Potentiation and Pain Hypersensitivity,"{""original_id"": 909, ""doc_id"": 11254556, ""doc_title"": ""Presynaptically Localized Cyclic GMP-Dependent Protein Kinase 1 Is a Key Determinant of Spinal Synaptic Potentiation and Pain Hypersensitivity"", ""sentence_indices"": [9], ""is_grounded"": true}"
scifact_train_910_doc11254556_rat0,PKG-la does not have a large impact on expression of spinal long term potentiation in PGK-la knockout mice.,"Patch clamp recordings showed that activity-induced LTP at identified synapses between nociceptors and spinal neurons projecting to the periaqueductal grey (PAG) was completely abolished in SNS-PKG-I(-/-) mice, although basal synaptic transmission was not affected.",REFUTES,scifact,PubMed_11254556: Presynaptically Localized Cyclic GMP-Dependent Protein Kinase 1 Is a Key Determinant of Spinal Synaptic Potentiation and Pain Hypersensitivity,"{""original_id"": 910, ""doc_id"": 11254556, ""doc_title"": ""Presynaptically Localized Cyclic GMP-Dependent Protein Kinase 1 Is a Key Determinant of Spinal Synaptic Potentiation and Pain Hypersensitivity"", ""sentence_indices"": [5], ""is_grounded"": true}"
scifact_train_912_doc11254556_rat0,PKG-la plays an essential role in expression of spinal long term potentiation in PGK-la knockout mice.,"Patch clamp recordings showed that activity-induced LTP at identified synapses between nociceptors and spinal neurons projecting to the periaqueductal grey (PAG) was completely abolished in SNS-PKG-I(-/-) mice, although basal synaptic transmission was not affected.",SUPPORTS,scifact,PubMed_11254556: Presynaptically Localized Cyclic GMP-Dependent Protein Kinase 1 Is a Key Determinant of Spinal Synaptic Potentiation and Pain Hypersensitivity,"{""original_id"": 912, ""doc_id"": 11254556, ""doc_title"": ""Presynaptically Localized Cyclic GMP-Dependent Protein Kinase 1 Is a Key Determinant of Spinal Synaptic Potentiation and Pain Hypersensitivity"", ""sentence_indices"": [5], ""is_grounded"": true}"
scifact_train_916,PRC1-bound plasmids sediment at a slower rate in unbound plasmids than in sucrose gradients.,,NOT_ENOUGH_INFO,scifact,Docs: 18037805,"{""original_id"": 916, ""cited_doc_ids"": [18037805], ""is_grounded"": false}"
scifact_train_917_doc34071621_rat0,PTEN is a regulator for the transcriptional activity of SRF,"Here we report that the lipid and protein phosphatase, PTEN, has a novel role in the nucleus by functioning as an indispensible regulator with SRF to maintain the differentiated SM phenotype.",SUPPORTS,scifact,PubMed_34071621: Nuclear PTEN functions as an essential regulator of SRF-dependent transcription to control smooth muscle differentiation,"{""original_id"": 917, ""doc_id"": 34071621, ""doc_title"": ""Nuclear PTEN functions as an essential regulator of SRF-dependent transcription to control smooth muscle differentiation"", ""sentence_indices"": [2], ""is_grounded"": true}"
scifact_train_917_doc34071621_rat1,PTEN is a regulator for the transcriptional activity of SRF,PTEN interacts with the N-terminal domain of SRF and PTEN-SRF interaction promotes SRF binding to essential promoter elements in SM-specific genes.,SUPPORTS,scifact,PubMed_34071621: Nuclear PTEN functions as an essential regulator of SRF-dependent transcription to control smooth muscle differentiation,"{""original_id"": 917, ""doc_id"": 34071621, ""doc_title"": ""Nuclear PTEN functions as an essential regulator of SRF-dependent transcription to control smooth muscle differentiation"", ""sentence_indices"": [3], ""is_grounded"": true}"
scifact_train_917_doc34071621_rat2,PTEN is a regulator for the transcriptional activity of SRF,"Factors inducing phenotypic switching promote loss of nuclear PTEN through nucleo-cytoplasmic translocation resulting in reduced myogenically active SRF, but enhanced SRF activity on target genes involved in proliferation.",SUPPORTS,scifact,PubMed_34071621: Nuclear PTEN functions as an essential regulator of SRF-dependent transcription to control smooth muscle differentiation,"{""original_id"": 917, ""doc_id"": 34071621, ""doc_title"": ""Nuclear PTEN functions as an essential regulator of SRF-dependent transcription to control smooth muscle differentiation"", ""sentence_indices"": [4], ""is_grounded"": true}"
scifact_train_919_doc16422880_rat0,Participants who quit smoking reduce lung cancer risk by approximately 50%.,"The HR for light smokers was 0.44 (95% CI, 0.35-0.56); for quitters, HR 0.50 (95% CI, 0.36-0.69), for stable ex-smokers, HR 0.17 (95% CI, 0.13-0.23), and for never smokers, HR 0.09 (95% CI, 0.06-0.13).",SUPPORTS,scifact,PubMed_16422880: Effect of smoking reduction on lung cancer risk.,"{""original_id"": 919, ""doc_id"": 16422880, ""doc_title"": ""Effect of smoking reduction on lung cancer risk."", ""sentence_indices"": [11], ""is_grounded"": true}"
scifact_train_923_doc17077004_rat0,Patients in stable partnerships have a slower progression from HIV to AIDS.,"In an analysis stratified by previous antiretroviral therapy and clinical stage when starting HAART (US Centers for Disease Control and Prevention group A, B, or C), the adjusted hazard ratio for progression to AIDS or death was 0.79 (95% confidence interval 0.63 to 0.98) for participants with a stable partnership compared with those without.",SUPPORTS,scifact,PubMed_17077004: Stable partnership and progression to AIDS or death in HIV infected patients receiving highly active antiretroviral therapy: Swiss HIV cohort study.,"{""original_id"": 923, ""doc_id"": 17077004, ""doc_title"": ""Stable partnership and progression to AIDS or death in HIV infected patients receiving highly active antiretroviral therapy: Swiss HIV cohort study."", ""sentence_indices"": [7], ""is_grounded"": true}"
scifact_train_923_doc17077004_rat1,Patients in stable partnerships have a slower progression from HIV to AIDS.,CONCLUSIONS A stable partnership is associated with a slower rate of progression to AIDS or death in HIV infected patients receiving HAART.,SUPPORTS,scifact,PubMed_17077004: Stable partnership and progression to AIDS or death in HIV infected patients receiving highly active antiretroviral therapy: Swiss HIV cohort study.,"{""original_id"": 923, ""doc_id"": 17077004, ""doc_title"": ""Stable partnership and progression to AIDS or death in HIV infected patients receiving highly active antiretroviral therapy: Swiss HIV cohort study."", ""sentence_indices"": [9], ""is_grounded"": true}"
scifact_train_925_doc17077004_rat0,Patients in stable partnerships progress from HIV to death at the same rate as patients not in partnerships.,"In an analysis stratified by previous antiretroviral therapy and clinical stage when starting HAART (US Centers for Disease Control and Prevention group A, B, or C), the adjusted hazard ratio for progression to AIDS or death was 0.79 (95% confidence interval 0.63 to 0.98) for participants with a stable partnership compared with those without.",REFUTES,scifact,PubMed_17077004: Stable partnership and progression to AIDS or death in HIV infected patients receiving highly active antiretroviral therapy: Swiss HIV cohort study.,"{""original_id"": 925, ""doc_id"": 17077004, ""doc_title"": ""Stable partnership and progression to AIDS or death in HIV infected patients receiving highly active antiretroviral therapy: Swiss HIV cohort study."", ""sentence_indices"": [7], ""is_grounded"": true}"
scifact_train_925_doc17077004_rat1,Patients in stable partnerships progress from HIV to death at the same rate as patients not in partnerships.,CONCLUSIONS A stable partnership is associated with a slower rate of progression to AIDS or death in HIV infected patients receiving HAART.,REFUTES,scifact,PubMed_17077004: Stable partnership and progression to AIDS or death in HIV infected patients receiving highly active antiretroviral therapy: Swiss HIV cohort study.,"{""original_id"": 925, ""doc_id"": 17077004, ""doc_title"": ""Stable partnership and progression to AIDS or death in HIV infected patients receiving highly active antiretroviral therapy: Swiss HIV cohort study."", ""sentence_indices"": [9], ""is_grounded"": true}"
scifact_train_926_doc16390264_rat0,Patients with common epithelial cancers are more likely to have an emergency event as their first hospital admission if they live in resource-deprived areas.,"For example, the adjusted odds ratio for patients with breast cancer in the least compared with most deprived fifth of deprivation was 0.63 (95% confidence interval 0.60 to 0.66) and the adjusted odds ratio for patients with lung cancer aged 80-89 compared with those aged 50-59 was 3.13 (2.93 to 3.34). There were some improvements in disparities between age groups but not for patients living in deprived areas over time.",SUPPORTS,scifact,"PubMed_16390264: Social variations in access to hospital care for patients with colorectal, breast, and lung cancer between 1999 and 2006: retrospective analysis of hospital episode statistics","{""original_id"": 926, ""doc_id"": 16390264, ""doc_title"": ""Social variations in access to hospital care for patients with colorectal, breast, and lung cancer between 1999 and 2006: retrospective analysis of hospital episode statistics"", ""sentence_indices"": [6, 7], ""is_grounded"": true}"
scifact_train_926_doc16390264_rat1,Patients with common epithelial cancers are more likely to have an emergency event as their first hospital admission if they live in resource-deprived areas.,"For example, 67.4% (3529/5237) of patients in the most deprived fifth of deprivation had anterior resection for rectal cancer compared with 75.5% (4497/5959) of patients in the least deprived fifth (1.34, 1.22 to 1.47).",SUPPORTS,scifact,"PubMed_16390264: Social variations in access to hospital care for patients with colorectal, breast, and lung cancer between 1999 and 2006: retrospective analysis of hospital episode statistics","{""original_id"": 926, ""doc_id"": 16390264, ""doc_title"": ""Social variations in access to hospital care for patients with colorectal, breast, and lung cancer between 1999 and 2006: retrospective analysis of hospital episode statistics"", ""sentence_indices"": [10], ""is_grounded"": true}"
scifact_train_927_doc16390264_rat0,Patients with common epithelial cancers are less likely to have an emergency event as their first hospital admission if they live in resource-deprived areas.,"For example, the adjusted odds ratio for patients with breast cancer in the least compared with most deprived fifth of deprivation was 0.63 (95% confidence interval 0.60 to 0.66) and the adjusted odds ratio for patients with lung cancer aged 80-89 compared with those aged 50-59 was 3.13 (2.93 to 3.34). There were some improvements in disparities between age groups but not for patients living in deprived areas over time.",REFUTES,scifact,"PubMed_16390264: Social variations in access to hospital care for patients with colorectal, breast, and lung cancer between 1999 and 2006: retrospective analysis of hospital episode statistics","{""original_id"": 927, ""doc_id"": 16390264, ""doc_title"": ""Social variations in access to hospital care for patients with colorectal, breast, and lung cancer between 1999 and 2006: retrospective analysis of hospital episode statistics"", ""sentence_indices"": [6, 7], ""is_grounded"": true}"
scifact_train_927_doc16390264_rat1,Patients with common epithelial cancers are less likely to have an emergency event as their first hospital admission if they live in resource-deprived areas.,"For example, 67.4% (3529/5237) of patients in the most deprived fifth of deprivation had anterior resection for rectal cancer compared with 75.5% (4497/5959) of patients in the least deprived fifth (1.34, 1.22 to 1.47).",REFUTES,scifact,"PubMed_16390264: Social variations in access to hospital care for patients with colorectal, breast, and lung cancer between 1999 and 2006: retrospective analysis of hospital episode statistics","{""original_id"": 927, ""doc_id"": 16390264, ""doc_title"": ""Social variations in access to hospital care for patients with colorectal, breast, and lung cancer between 1999 and 2006: retrospective analysis of hospital episode statistics"", ""sentence_indices"": [10], ""is_grounded"": true}"
scifact_train_928_doc18174210_rat0,Patients with microcytosis and higher erythrocyte count are more vulnerable to severe malarial anaemia when infected with Plasmodium falciparum.,"Alpha(+)-thalassaemia homozygosity confers considerable protection against severe malaria, including severe malarial anaemia (SMA) (Hb concentration < 50 g/l), but does not influence parasite count.",REFUTES,scifact,PubMed_18174210: Increased Microerythrocyte Count in Homozygous α+-Thalassaemia Contributes to Protection against Severe Malarial Anaemia,"{""original_id"": 928, ""doc_id"": 18174210, ""doc_title"": ""Increased Microerythrocyte Count in Homozygous \u03b1+-Thalassaemia Contributes to Protection against Severe Malarial Anaemia"", ""sentence_indices"": [2], ""is_grounded"": true}"
scifact_train_928_doc18174210_rat1,Patients with microcytosis and higher erythrocyte count are more vulnerable to severe malarial anaemia when infected with Plasmodium falciparum.,"We estimated that the haematological profile in children homozygous for alpha(+)-thalassaemia reduces the risk of SMA during acute malaria compared to children of normal genotype (relative risk 0.52; 95% confidence interval [CI] 0.24-1.12, p = 0.09).",REFUTES,scifact,PubMed_18174210: Increased Microerythrocyte Count in Homozygous α+-Thalassaemia Contributes to Protection against Severe Malarial Anaemia,"{""original_id"": 928, ""doc_id"": 18174210, ""doc_title"": ""Increased Microerythrocyte Count in Homozygous \u03b1+-Thalassaemia Contributes to Protection against Severe Malarial Anaemia"", ""sentence_indices"": [9], ""is_grounded"": true}"
scifact_train_928_doc18174210_rat2,Patients with microcytosis and higher erythrocyte count are more vulnerable to severe malarial anaemia when infected with Plasmodium falciparum.,CONCLUSIONS The increased erythrocyte count and microcytosis in children homozygous for alpha(+)-thalassaemia may contribute substantially to their protection against SMA.,REFUTES,scifact,PubMed_18174210: Increased Microerythrocyte Count in Homozygous α+-Thalassaemia Contributes to Protection against Severe Malarial Anaemia,"{""original_id"": 928, ""doc_id"": 18174210, ""doc_title"": ""Increased Microerythrocyte Count in Homozygous \u03b1+-Thalassaemia Contributes to Protection against Severe Malarial Anaemia"", ""sentence_indices"": [10], ""is_grounded"": true}"
scifact_train_929_doc18174210_rat0,Patients with microcytosis and higher erythrocyte count were more resistant to severe malarial anaemia when infected with Plasmodium falciparum.,"Alpha(+)-thalassaemia homozygosity confers considerable protection against severe malaria, including severe malarial anaemia (SMA) (Hb concentration < 50 g/l), but does not influence parasite count.",SUPPORTS,scifact,PubMed_18174210: Increased Microerythrocyte Count in Homozygous α+-Thalassaemia Contributes to Protection against Severe Malarial Anaemia,"{""original_id"": 929, ""doc_id"": 18174210, ""doc_title"": ""Increased Microerythrocyte Count in Homozygous \u03b1+-Thalassaemia Contributes to Protection against Severe Malarial Anaemia"", ""sentence_indices"": [2], ""is_grounded"": true}"
scifact_train_929_doc18174210_rat1,Patients with microcytosis and higher erythrocyte count were more resistant to severe malarial anaemia when infected with Plasmodium falciparum.,"We estimated that the haematological profile in children homozygous for alpha(+)-thalassaemia reduces the risk of SMA during acute malaria compared to children of normal genotype (relative risk 0.52; 95% confidence interval [CI] 0.24-1.12, p = 0.09).",SUPPORTS,scifact,PubMed_18174210: Increased Microerythrocyte Count in Homozygous α+-Thalassaemia Contributes to Protection against Severe Malarial Anaemia,"{""original_id"": 929, ""doc_id"": 18174210, ""doc_title"": ""Increased Microerythrocyte Count in Homozygous \u03b1+-Thalassaemia Contributes to Protection against Severe Malarial Anaemia"", ""sentence_indices"": [9], ""is_grounded"": true}"
scifact_train_929_doc18174210_rat2,Patients with microcytosis and higher erythrocyte count were more resistant to severe malarial anaemia when infected with Plasmodium falciparum.,CONCLUSIONS The increased erythrocyte count and microcytosis in children homozygous for alpha(+)-thalassaemia may contribute substantially to their protection against SMA.,SUPPORTS,scifact,PubMed_18174210: Increased Microerythrocyte Count in Homozygous α+-Thalassaemia Contributes to Protection against Severe Malarial Anaemia,"{""original_id"": 929, ""doc_id"": 18174210, ""doc_title"": ""Increased Microerythrocyte Count in Homozygous \u03b1+-Thalassaemia Contributes to Protection against Severe Malarial Anaemia"", ""sentence_indices"": [10], ""is_grounded"": true}"
scifact_train_930_doc16056514_rat0,Patients with panic anxiety show decreased CSF levels of hypocretin.,"Moreover, we show that human subjects with panic anxiety have elevated levels of ORX in the cerebrospinal fluid compared to subjects without panic anxiety.",REFUTES,scifact,PubMed_16056514: A KEY ROLE FOR OREXIN IN PANIC ANXIETY,"{""original_id"": 930, ""doc_id"": 16056514, ""doc_title"": ""A KEY ROLE FOR OREXIN IN PANIC ANXIETY"", ""sentence_indices"": [5], ""is_grounded"": true}"
scifact_train_933_doc14711483_rat0,Pediatric SCD patients with vaso-occlusive crisis show increased morphine use after breathing 80 ppm iNO for 4 hours.,"Morphine use over 6 hours was significantly less in the INO group (mean cumulative use, 0.29 vs 0.44 mg/kg; P =.03) but was not different over 4 hours (0.26 vs 0.32 mg/kg; P =.21) or 24 hours (0.63 vs 0.91 mg/kg; P =.15).",SUPPORTS,scifact,PubMed_14711483: Preliminary assessment of inhaled nitric oxide for acute vaso-occlusive crisis in pediatric patients with sickle cell disease.,"{""original_id"": 933, ""doc_id"": 14711483, ""doc_title"": ""Preliminary assessment of inhaled nitric oxide for acute vaso-occlusive crisis in pediatric patients with sickle cell disease."", ""sentence_indices"": [12], ""is_grounded"": true}"
scifact_train_934,Perigenital skin is not the primary site of HIV acquisition.,,NOT_ENOUGH_INFO,scifact,Docs: 8563659,"{""original_id"": 934, ""cited_doc_ids"": [8563659], ""is_grounded"": false}"
scifact_train_935_doc5483793_rat0,Peroxynitrite is required for induction of T cell tolerance.,Nitration of TCR-CD8 is induced by MDSCs through hyperproduction of reactive oxygen species and peroxynitrite during direct cell-cell contact. These data identify a previously unknown mechanism of T-cell tolerance in cancer that is also pertinent to many pathological conditions associated with accumulation of MDSCs.,SUPPORTS,scifact,PubMed_5483793: Altered recognition of antigen is a mechanism of CD8+ T cell tolerance in cancer,"{""original_id"": 935, ""doc_id"": 5483793, ""doc_title"": ""Altered recognition of antigen is a mechanism of CD8+ T cell tolerance in cancer"", ""sentence_indices"": [3, 5], ""is_grounded"": true}"
scifact_train_938,Persister cells provide relapse resistance in cancer patients.,,NOT_ENOUGH_INFO,scifact,Docs: 26231129,"{""original_id"": 938, ""cited_doc_ids"": [26231129], ""is_grounded"": false}"
scifact_train_939,Persistor cells are one reason for incomplete responses to Tyrosine kinase inhibitor (TKI) therapy in cancer patients.,,NOT_ENOUGH_INFO,scifact,Docs: 26231129,"{""original_id"": 939, ""cited_doc_ids"": [26231129], ""is_grounded"": false}"
scifact_train_940_doc12258338_rat0,Pharmacist attendance at ward rounds increases adverse events in wards.,"RESULTS The rate of preventable ordering ADEs decreased by 66% from 10.4 per 1000 patient-days (95% confidence interval [CI], 7-14) before the intervention to 3.5 (95% CI, 1-5; P<.001) after the intervention.",REFUTES,scifact,PubMed_12258338: Pharmacist participation on physician rounds and adverse drug events in the intensive care unit.,"{""original_id"": 940, ""doc_id"": 12258338, ""doc_title"": ""Pharmacist participation on physician rounds and adverse drug events in the intensive care unit."", ""sentence_indices"": [11], ""is_grounded"": true}"
scifact_train_940_doc12258338_rat1,Pharmacist attendance at ward rounds increases adverse events in wards.,CONCLUSIONS The presence of a pharmacist on rounds as a full member of the patient care team in a medical ICU was associated with a substantially lower rate of ADEs caused by prescribing errors.,REFUTES,scifact,PubMed_12258338: Pharmacist participation on physician rounds and adverse drug events in the intensive care unit.,"{""original_id"": 940, ""doc_id"": 12258338, ""doc_title"": ""Pharmacist participation on physician rounds and adverse drug events in the intensive care unit."", ""sentence_indices"": [14], ""is_grounded"": true}"
scifact_train_941_doc12258338_rat0,Pharmacist attendance at ward rounds reduces adverse events in wards.,"RESULTS The rate of preventable ordering ADEs decreased by 66% from 10.4 per 1000 patient-days (95% confidence interval [CI], 7-14) before the intervention to 3.5 (95% CI, 1-5; P<.001) after the intervention.",SUPPORTS,scifact,PubMed_12258338: Pharmacist participation on physician rounds and adverse drug events in the intensive care unit.,"{""original_id"": 941, ""doc_id"": 12258338, ""doc_title"": ""Pharmacist participation on physician rounds and adverse drug events in the intensive care unit."", ""sentence_indices"": [11], ""is_grounded"": true}"
scifact_train_941_doc12258338_rat1,Pharmacist attendance at ward rounds reduces adverse events in wards.,CONCLUSIONS The presence of a pharmacist on rounds as a full member of the patient care team in a medical ICU was associated with a substantially lower rate of ADEs caused by prescribing errors.,SUPPORTS,scifact,PubMed_12258338: Pharmacist participation on physician rounds and adverse drug events in the intensive care unit.,"{""original_id"": 941, ""doc_id"": 12258338, ""doc_title"": ""Pharmacist participation on physician rounds and adverse drug events in the intensive care unit."", ""sentence_indices"": [14], ""is_grounded"": true}"
scifact_train_942_doc11527199_rat0,Phase information is useful for predicting donor-recipient matches in organ transplantation.,"Genes that influence transplantation outcome could be identified by using linkage disequilibrium (LD)-mapping approaches, if the extended MHC haplotypes of the unrelated donor and recipient could be defined.",SUPPORTS,scifact,PubMed_11527199: MHC Haplotype Matching for Unrelated Hematopoietic Cell Transplantation,"{""original_id"": 942, ""doc_id"": 11527199, ""doc_title"": ""MHC Haplotype Matching for Unrelated Hematopoietic Cell Transplantation"", ""sentence_indices"": [3], ""is_grounded"": true}"
scifact_train_944_doc1642727_rat0,Physical activity does not improve cognitive function in individuals with Alzheimers.,"RESULTS In an intent-to-treat analysis, participants in the intervention group improved 0.26 points (95% confidence interval, -0.89 to 0.54) and those in the usual care group deteriorated 1.04 points (95% confidence interval, 0.32 to 1.82) on the ADAS-Cog at the end of the intervention.",REFUTES,scifact,PubMed_1642727: Effect of physical activity on cognitive function in older adults at risk for Alzheimer disease: a randomized trial.,"{""original_id"": 944, ""doc_id"": 1642727, ""doc_title"": ""Effect of physical activity on cognitive function in older adults at risk for Alzheimer disease: a randomized trial."", ""sentence_indices"": [9], ""is_grounded"": true}"
scifact_train_944_doc1642727_rat1,Physical activity does not improve cognitive function in individuals with Alzheimers.,"CONCLUSIONS In this study of adults with subjective memory impairment, a 6-month program of physical activity provided a modest improvement in cognition over an 18-month follow-up period.",REFUTES,scifact,PubMed_1642727: Effect of physical activity on cognitive function in older adults at risk for Alzheimer disease: a randomized trial.,"{""original_id"": 944, ""doc_id"": 1642727, ""doc_title"": ""Effect of physical activity on cognitive function in older adults at risk for Alzheimer disease: a randomized trial."", ""sentence_indices"": [13], ""is_grounded"": true}"
scifact_train_945,Physical activity level has no association with the difference in maximal oxygen consumption between black and white youth.,,NOT_ENOUGH_INFO,scifact,"Docs: 8428935,26112696,4463588,13083189","{""original_id"": 945, ""cited_doc_ids"": [8428935, 26112696, 4463588, 13083189], ""is_grounded"": false}"
scifact_train_946,Physical activity level is associated with the difference in maximal oxygen consumption between black and white youth.,,NOT_ENOUGH_INFO,scifact,"Docs: 8428935,26112696,4463588,13083189","{""original_id"": 946, ""cited_doc_ids"": [8428935, 26112696, 4463588, 13083189], ""is_grounded"": false}"
scifact_train_949,Physical injury represses transgultaminase activity.,,NOT_ENOUGH_INFO,scifact,Docs: 13578199,"{""original_id"": 949, ""cited_doc_ids"": [13578199], ""is_grounded"": false}"
scifact_train_951_doc21414718_rat0,Piezo1 channels are sensors for cell migration in epithelial cells.,This interaction was confirmed by co-immunoprecipitation and co-localisation of TFF1 and Piezo1 in GES-1 cells.,SUPPORTS,scifact,PubMed_21414718: Piezo1 Is as a Novel Trefoil Factor Family 1 Binding Protein that Promotes Gastric Cancer Cell Mobility In Vitro,"{""original_id"": 951, ""doc_id"": 21414718, ""doc_title"": ""Piezo1 Is as a Novel Trefoil Factor Family 1 Binding Protein that Promotes Gastric Cancer Cell Mobility In Vitro"", ""sentence_indices"": [3], ""is_grounded"": true}"
scifact_train_951_doc21414718_rat1,Piezo1 channels are sensors for cell migration in epithelial cells.,"We demonstrate that TFF1, but not TFF2 or TFF3, bind to and co-localize with Piezo1 in the cytoplasm in vitro.",SUPPORTS,scifact,PubMed_21414718: Piezo1 Is as a Novel Trefoil Factor Family 1 Binding Protein that Promotes Gastric Cancer Cell Mobility In Vitro,"{""original_id"": 951, ""doc_id"": 21414718, ""doc_title"": ""Piezo1 Is as a Novel Trefoil Factor Family 1 Binding Protein that Promotes Gastric Cancer Cell Mobility In Vitro"", ""sentence_indices"": [7], ""is_grounded"": true}"
scifact_train_951_doc21414718_rat2,Piezo1 channels are sensors for cell migration in epithelial cells.,TFF1 interacts with the C-terminal portion of the Piezo1 protein.,SUPPORTS,scifact,PubMed_21414718: Piezo1 Is as a Novel Trefoil Factor Family 1 Binding Protein that Promotes Gastric Cancer Cell Mobility In Vitro,"{""original_id"": 951, ""doc_id"": 21414718, ""doc_title"": ""Piezo1 Is as a Novel Trefoil Factor Family 1 Binding Protein that Promotes Gastric Cancer Cell Mobility In Vitro"", ""sentence_indices"": [8], ""is_grounded"": true}"
scifact_train_951_doc21414718_rat3,Piezo1 channels are sensors for cell migration in epithelial cells.,Our data demonstrate that Piezo1 is a novel TFF1 binding protein that is important for TFF1-mediated cell migration and suggest that this interaction may be a therapeutic target in the invasion and metastasis of gastric cancer.,SUPPORTS,scifact,PubMed_21414718: Piezo1 Is as a Novel Trefoil Factor Family 1 Binding Protein that Promotes Gastric Cancer Cell Mobility In Vitro,"{""original_id"": 951, ""doc_id"": 21414718, ""doc_title"": ""Piezo1 Is as a Novel Trefoil Factor Family 1 Binding Protein that Promotes Gastric Cancer Cell Mobility In Vitro"", ""sentence_indices"": [11], ""is_grounded"": true}"
scifact_train_952_doc3355397_rat0,Pioglitazone use is not associated with an increased risk of prostate cancer.,"In adjusted analyses, there was no association with 8 of the 10 additional cancers; ever use of pioglitazone was associated with increased risk of prostate cancer (HR, 1.13; 95% CI, 1.02-1.26) and pancreatic cancer (HR, 1.41; 95% CI, 1.16-1.71).",REFUTES,scifact,PubMed_3355397: Pioglitazone Use and Risk of Bladder Cancer and Other Common Cancers in Persons With Diabetes.,"{""original_id"": 952, ""doc_id"": 3355397, ""doc_title"": ""Pioglitazone Use and Risk of Bladder Cancer and Other Common Cancers in Persons With Diabetes."", ""sentence_indices"": [12], ""is_grounded"": true}"
scifact_train_952_doc3355397_rat1,Pioglitazone use is not associated with an increased risk of prostate cancer.,"The increased prostate and pancreatic cancer risks associated with ever use of pioglitazone merit further investigation to assess whether they are causal or are due to chance, residual confounding, or reverse causality.",REFUTES,scifact,PubMed_3355397: Pioglitazone Use and Risk of Bladder Cancer and Other Common Cancers in Persons With Diabetes.,"{""original_id"": 952, ""doc_id"": 3355397, ""doc_title"": ""Pioglitazone Use and Risk of Bladder Cancer and Other Common Cancers in Persons With Diabetes."", ""sentence_indices"": [16], ""is_grounded"": true}"
scifact_train_953_doc3355397_rat0,Pioglitazone use is significantly associated with an increased risk of pancreatic cancer.,"In adjusted analyses, there was no association with 8 of the 10 additional cancers; ever use of pioglitazone was associated with increased risk of prostate cancer (HR, 1.13; 95% CI, 1.02-1.26) and pancreatic cancer (HR, 1.41; 95% CI, 1.16-1.71).",SUPPORTS,scifact,PubMed_3355397: Pioglitazone Use and Risk of Bladder Cancer and Other Common Cancers in Persons With Diabetes.,"{""original_id"": 953, ""doc_id"": 3355397, ""doc_title"": ""Pioglitazone Use and Risk of Bladder Cancer and Other Common Cancers in Persons With Diabetes."", ""sentence_indices"": [12], ""is_grounded"": true}"
scifact_train_953_doc3355397_rat1,Pioglitazone use is significantly associated with an increased risk of pancreatic cancer.,"Crude incidences of prostate and pancreatic cancer in pioglitazone users vs nonusers were 453.3 vs 449.3 and 81.1 vs 48.4 per 100,000 person-years, respectively.",SUPPORTS,scifact,PubMed_3355397: Pioglitazone Use and Risk of Bladder Cancer and Other Common Cancers in Persons With Diabetes.,"{""original_id"": 953, ""doc_id"": 3355397, ""doc_title"": ""Pioglitazone Use and Risk of Bladder Cancer and Other Common Cancers in Persons With Diabetes."", ""sentence_indices"": [13], ""is_grounded"": true}"
scifact_train_953_doc3355397_rat2,Pioglitazone use is significantly associated with an increased risk of pancreatic cancer.,"The increased prostate and pancreatic cancer risks associated with ever use of pioglitazone merit further investigation to assess whether they are causal or are due to chance, residual confounding, or reverse causality.",SUPPORTS,scifact,PubMed_3355397: Pioglitazone Use and Risk of Bladder Cancer and Other Common Cancers in Persons With Diabetes.,"{""original_id"": 953, ""doc_id"": 3355397, ""doc_title"": ""Pioglitazone Use and Risk of Bladder Cancer and Other Common Cancers in Persons With Diabetes."", ""sentence_indices"": [16], ""is_grounded"": true}"
scifact_train_954_doc3355397_rat0,Pioglitazone use is significantly associated with an increased risk of prostate cancer.,"In adjusted analyses, there was no association with 8 of the 10 additional cancers; ever use of pioglitazone was associated with increased risk of prostate cancer (HR, 1.13; 95% CI, 1.02-1.26) and pancreatic cancer (HR, 1.41; 95% CI, 1.16-1.71).",SUPPORTS,scifact,PubMed_3355397: Pioglitazone Use and Risk of Bladder Cancer and Other Common Cancers in Persons With Diabetes.,"{""original_id"": 954, ""doc_id"": 3355397, ""doc_title"": ""Pioglitazone Use and Risk of Bladder Cancer and Other Common Cancers in Persons With Diabetes."", ""sentence_indices"": [12], ""is_grounded"": true}"
scifact_train_954_doc3355397_rat1,Pioglitazone use is significantly associated with an increased risk of prostate cancer.,"The increased prostate and pancreatic cancer risks associated with ever use of pioglitazone merit further investigation to assess whether they are causal or are due to chance, residual confounding, or reverse causality.",SUPPORTS,scifact,PubMed_3355397: Pioglitazone Use and Risk of Bladder Cancer and Other Common Cancers in Persons With Diabetes.,"{""original_id"": 954, ""doc_id"": 3355397, ""doc_title"": ""Pioglitazone Use and Risk of Bladder Cancer and Other Common Cancers in Persons With Diabetes."", ""sentence_indices"": [16], ""is_grounded"": true}"
scifact_train_955_doc2078658_rat0,Pioneer factor OCT3/4 interacts with major chromatin remodeling factors.,"Notably, we found that Oct4 is associated with multiple chromatin-modifying complexes with documented as well as newly proved functional significance in stem cell maintenance and somatic cell reprogramming.",SUPPORTS,scifact,PubMed_2078658: Oct4 links multiple epigenetic pathways to the pluripotency network,"{""original_id"": 955, ""doc_id"": 2078658, ""doc_title"": ""Oct4 links multiple epigenetic pathways to the pluripotency network"", ""sentence_indices"": [3], ""is_grounded"": true}"
scifact_train_955_doc30507607_rat0,Pioneer factor OCT3/4 interacts with major chromatin remodeling factors.,"Subsequent purification of Oct4 partners Sall4, Tcfcp2l1, Dax1, and Esrrb resulted in an Oct4 interactome of 166 proteins, including transcription factors and chromatin-modifying complexes with documented roles in self-renewal, but also many factors not previously associated with the ESC network.",SUPPORTS,scifact,PubMed_30507607: An Oct4-Centered Protein Interaction Network in Embryonic Stem Cells,"{""original_id"": 955, ""doc_id"": 30507607, ""doc_title"": ""An Oct4-Centered Protein Interaction Network in Embryonic Stem Cells"", ""sentence_indices"": [3], ""is_grounded"": true}"
scifact_train_959_doc8780599_rat0,Polymeal nutrition increases cardiovascular mortality.,"For men, taking the Polymeal daily represented an increase in total life expectancy of 6.6 years, an increase in life expectancy free from cardiovascular disease of 9.0 years, and a decrease in life expectancy with cardiovascular disease of 2.4 years.",REFUTES,scifact,"PubMed_8780599: The Polymeal: a more natural, safer, and probably tastier (than the Polypill) strategy to reduce cardiovascular disease by more than 75%.","{""original_id"": 959, ""doc_id"": 8780599, ""doc_title"": ""The Polymeal: a more natural, safer, and probably tastier (than the Polypill) strategy to reduce cardiovascular disease by more than 75%."", ""sentence_indices"": [6], ""is_grounded"": true}"
scifact_train_959_doc8780599_rat1,Polymeal nutrition increases cardiovascular mortality.,"CONCLUSION The Polymeal promises to be an effective, non-pharmacological, safe, cheap, and tasty alternative to reduce cardiovascular morbidity and increase life expectancy in the general population.",REFUTES,scifact,"PubMed_8780599: The Polymeal: a more natural, safer, and probably tastier (than the Polypill) strategy to reduce cardiovascular disease by more than 75%.","{""original_id"": 959, ""doc_id"": 8780599, ""doc_title"": ""The Polymeal: a more natural, safer, and probably tastier (than the Polypill) strategy to reduce cardiovascular disease by more than 75%."", ""sentence_indices"": [8], ""is_grounded"": true}"
scifact_train_962_doc13931771_rat0,Post-transcriptional handling of mitochondrial transcripts occurs in mitochondrial RNA granules.,Our findings suggest that the foci containing GRSF1 and RNase P correspond to sites where primary RNA transcripts converge to be processed.,SUPPORTS,scifact,PubMed_13931771: GRSF1 Regulates RNA Processing in Mitochondrial RNA Granules,"{""original_id"": 962, ""doc_id"": 13931771, ""doc_title"": ""GRSF1 Regulates RNA Processing in Mitochondrial RNA Granules"", ""sentence_indices"": [6], ""is_grounded"": true}"
scifact_train_962_doc935538_rat0,Post-transcriptional handling of mitochondrial transcripts occurs in mitochondrial RNA granules.,"We show here that GRSF1, previously implicated in the binding and selective translation of influenza mRNAs, is targeted to mitochondria where it forms granules that colocalize with foci of newly synthesized mtRNA next to mitochondrial nucleoids. These data implicate GRSF1 as a key regulator of posttranscriptional mitochondrial gene expression.",SUPPORTS,scifact,PubMed_935538: The mitochondrial RNA-binding protein GRSF1 localizes to RNA granules and is required for posttranscriptional mitochondrial gene expression.,"{""original_id"": 962, ""doc_id"": 935538, ""doc_title"": ""The mitochondrial RNA-binding protein GRSF1 localizes to RNA granules and is required for posttranscriptional mitochondrial gene expression."", ""sentence_indices"": [1, 5], ""is_grounded"": true}"
scifact_train_962_doc4306711_rat0,Post-transcriptional handling of mitochondrial transcripts occurs in mitochondrial RNA granules.,"Here, we have identified the DEAD-box protein DDX28 as an RNA granule component essential for the biogenesis of the mitoribosome large subunit (mt-LSU).",SUPPORTS,scifact,PubMed_4306711: The Human Mitochondrial DEAD-Box Protein DDX28 Resides in RNA Granules and Functions in Mitoribosome Assembly.,"{""original_id"": 962, ""doc_id"": 4306711, ""doc_title"": ""The Human Mitochondrial DEAD-Box Protein DDX28 Resides in RNA Granules and Functions in Mitoribosome Assembly."", ""sentence_indices"": [2], ""is_grounded"": true}"
scifact_train_962_doc4306711_rat1,Post-transcriptional handling of mitochondrial transcripts occurs in mitochondrial RNA granules.,"Our findings identify DDX28 as essential during the early stages of mitoribosome mt-LSU biogenesis, a process that takes place mainly near the mitochondrial nucleoids, in the compartment defined by the RNA granules.",SUPPORTS,scifact,PubMed_4306711: The Human Mitochondrial DEAD-Box Protein DDX28 Resides in RNA Granules and Functions in Mitoribosome Assembly.,"{""original_id"": 962, ""doc_id"": 4306711, ""doc_title"": ""The Human Mitochondrial DEAD-Box Protein DDX28 Resides in RNA Granules and Functions in Mitoribosome Assembly."", ""sentence_indices"": [6], ""is_grounded"": true}"
scifact_train_963_doc4162857_rat0,Pre-mRNAs associated with spliceosomal components are less stable than unassociated splicing substrates.,We propose that the connection between transcription by Pol II and pre-mRNA splicing guarantees an extended half-life and proper processing of nascent pre-mRNAs.,REFUTES,scifact,PubMed_4162857: Linking Splicing to Pol II Transcription Stabilizes Pre-mRNAs and Influences Splicing Patterns,"{""original_id"": 963, ""doc_id"": 4162857, ""doc_title"": ""Linking Splicing to Pol II Transcription Stabilizes Pre-mRNAs and Influences Splicing Patterns"", ""sentence_indices"": [5], ""is_grounded"": true}"
scifact_train_964_doc4162857_rat0,Pre-mRNAs associated with spliceosomal components are more stable than unassociated splicing substrates.,We propose that the connection between transcription by Pol II and pre-mRNA splicing guarantees an extended half-life and proper processing of nascent pre-mRNAs.,SUPPORTS,scifact,PubMed_4162857: Linking Splicing to Pol II Transcription Stabilizes Pre-mRNAs and Influences Splicing Patterns,"{""original_id"": 964, ""doc_id"": 4162857, ""doc_title"": ""Linking Splicing to Pol II Transcription Stabilizes Pre-mRNAs and Influences Splicing Patterns"", ""sentence_indices"": [5], ""is_grounded"": true}"
scifact_train_965_doc40817021_rat0,Prescribed exercise training improves quality of life.,"At 3 months, usual care plus exercise training led to greater improvement in the KCCQ overall summary score (mean, 5.21; 95% confidence interval, 4.42 to 6.00) compared with usual care alone (3.28; 95% confidence interval, 2.48 to 4.09).",SUPPORTS,scifact,PubMed_40817021: Effects of exercise training on health status in patients with chronic heart failure: HF-ACTION randomized controlled trial.,"{""original_id"": 965, ""doc_id"": 40817021, ""doc_title"": ""Effects of exercise training on health status in patients with chronic heart failure: HF-ACTION randomized controlled trial."", ""sentence_indices"": [10], ""is_grounded"": true}"
scifact_train_965_doc40817021_rat1,Prescribed exercise training improves quality of life.,"After 3 months, there were no further significant changes in KCCQ score for either group (P = .85 for the difference between slopes), resulting in a sustained, greater improvement overall for the exercise group (P < .001).",SUPPORTS,scifact,PubMed_40817021: Effects of exercise training on health status in patients with chronic heart failure: HF-ACTION randomized controlled trial.,"{""original_id"": 965, ""doc_id"": 40817021, ""doc_title"": ""Effects of exercise training on health status in patients with chronic heart failure: HF-ACTION randomized controlled trial."", ""sentence_indices"": [12], ""is_grounded"": true}"
scifact_train_965_doc40817021_rat2,Prescribed exercise training improves quality of life.,CONCLUSIONS Exercise training conferred modest but statistically significant improvements in self-reported health status compared with usual care without training.,SUPPORTS,scifact,PubMed_40817021: Effects of exercise training on health status in patients with chronic heart failure: HF-ACTION randomized controlled trial.,"{""original_id"": 965, ""doc_id"": 40817021, ""doc_title"": ""Effects of exercise training on health status in patients with chronic heart failure: HF-ACTION randomized controlled trial."", ""sentence_indices"": [14], ""is_grounded"": true}"
scifact_train_969,PrimPol degrades short DNA replication intermediates on the leading strand during DNA replication.,,NOT_ENOUGH_INFO,scifact,"Docs: 19356271,17368516","{""original_id"": 969, ""cited_doc_ids"": [19356271, 17368516], ""is_grounded"": false}"
scifact_train_970,PrimPol generates short DNA replication intermediates on the leading strand during DNA replication.,,NOT_ENOUGH_INFO,scifact,"Docs: 19356271,17368516","{""original_id"": 970, ""cited_doc_ids"": [19356271, 17368516], ""is_grounded"": false}"
scifact_train_972_doc46695481_rat0,Primary cervical cancer screening with HPV detection has lower longitudinal sensitivity than conventional cytology to detect cervical intraepithelial neoplasia grade 2.,"BACKGROUND Screening for cervical cancer based on testing for human papillomavirus (HPV) increases the sensitivity of detection of high-grade (grade 2 or 3) cervical intraepithelial neoplasia, but whether this gain represents overdiagnosis or protection against future high-grade cervical epithelial neoplasia or cervical cancer is unknown.",REFUTES,scifact,PubMed_46695481: Human papillomavirus and Papanicolaou tests to screen for cervical cancer.,"{""original_id"": 972, ""doc_id"": 46695481, ""doc_title"": ""Human papillomavirus and Papanicolaou tests to screen for cervical cancer."", ""sentence_indices"": [0], ""is_grounded"": true}"
scifact_train_972_doc46695481_rat1,Primary cervical cancer screening with HPV detection has lower longitudinal sensitivity than conventional cytology to detect cervical intraepithelial neoplasia grade 2.,CONCLUSIONS The addition of an HPV test to the Pap test to screen women in their mid-30s for cervical cancer reduces the incidence of grade 2 or 3 cervical intraepithelial neoplasia or cancer detected by subsequent screening examinations.,REFUTES,scifact,PubMed_46695481: Human papillomavirus and Papanicolaou tests to screen for cervical cancer.,"{""original_id"": 972, ""doc_id"": 46695481, ""doc_title"": ""Human papillomavirus and Papanicolaou tests to screen for cervical cancer."", ""sentence_indices"": [9], ""is_grounded"": true}"
scifact_train_972_doc27873158_rat0,Primary cervical cancer screening with HPV detection has lower longitudinal sensitivity than conventional cytology to detect cervical intraepithelial neoplasia grade 2.,"BACKGROUND Human papillomavirus (HPV) testing is known to be more sensitive, but less specific than cytology for detecting cervical intraepithelial neoplasia (CIN).",REFUTES,scifact,PubMed_27873158: Efficacy of human papillomavirus testing for the detection of invasive cervical cancers and cervical intraepithelial neoplasia: a randomised controlled trial.,"{""original_id"": 972, ""doc_id"": 27873158, ""doc_title"": ""Efficacy of human papillomavirus testing for the detection of invasive cervical cancers and cervical intraepithelial neoplasia: a randomised controlled trial."", ""sentence_indices"": [0], ""is_grounded"": true}"
scifact_train_972_doc27873158_rat1,Primary cervical cancer screening with HPV detection has lower longitudinal sensitivity than conventional cytology to detect cervical intraepithelial neoplasia grade 2.,"Among women aged 35-60 years, at round one the relative detection (HPV vs cytology) was 2.00 (95% CI 1.44-2.77) for CIN2, 2.08 (1.47-2.95) for CIN3, and 2.03 (1.60-2.57) for CIN2 and 3 together.",REFUTES,scifact,PubMed_27873158: Efficacy of human papillomavirus testing for the detection of invasive cervical cancers and cervical intraepithelial neoplasia: a randomised controlled trial.,"{""original_id"": 972, ""doc_id"": 27873158, ""doc_title"": ""Efficacy of human papillomavirus testing for the detection of invasive cervical cancers and cervical intraepithelial neoplasia: a randomised controlled trial."", ""sentence_indices"": [15], ""is_grounded"": true}"
scifact_train_972_doc27873158_rat2,Primary cervical cancer screening with HPV detection has lower longitudinal sensitivity than conventional cytology to detect cervical intraepithelial neoplasia grade 2.,"INTERPRETATION HPV-based screening is more effective than cytology in preventing invasive cervical cancer, by detecting persistent high-grade lesions earlier and providing a longer low-risk period.",REFUTES,scifact,PubMed_27873158: Efficacy of human papillomavirus testing for the detection of invasive cervical cancers and cervical intraepithelial neoplasia: a randomised controlled trial.,"{""original_id"": 972, ""doc_id"": 27873158, ""doc_title"": ""Efficacy of human papillomavirus testing for the detection of invasive cervical cancers and cervical intraepithelial neoplasia: a randomised controlled trial."", ""sentence_indices"": [21], ""is_grounded"": true}"
scifact_train_972_doc28617573_rat0,Primary cervical cancer screening with HPV detection has lower longitudinal sensitivity than conventional cytology to detect cervical intraepithelial neoplasia grade 2.,"Primary screening for hrHPV generally detects more CIN2, CIN3 or cancer compared to cytology at cut-off atypical squamous cells of undetermined significance (ASC-US) or LSIL, but is less specific.",REFUTES,scifact,PubMed_28617573: Evidence regarding human papillomavirus testing in secondary prevention of cervical cancer.,"{""original_id"": 972, ""doc_id"": 28617573, ""doc_title"": ""Evidence regarding human papillomavirus testing in secondary prevention of cervical cancer."", ""sentence_indices"": [8], ""is_grounded"": true}"
scifact_train_972_doc9764256_rat0,Primary cervical cancer screening with HPV detection has lower longitudinal sensitivity than conventional cytology to detect cervical intraepithelial neoplasia grade 2.,"Furthermore, significantly more cases of CIN grade 2 or worse were detected in the intervention group than in the control group (267 of 19 999 vs 215 of 20,106; 1·25, 1·05-1·50; p=0·015).",REFUTES,scifact,PubMed_9764256: Human papillomavirus testing for the detection of high-grade cervical intraepithelial neoplasia and cancer: final results of the POBASCAM randomised controlled trial.,"{""original_id"": 972, ""doc_id"": 9764256, ""doc_title"": ""Human papillomavirus testing for the detection of high-grade cervical intraepithelial neoplasia and cancer: final results of the POBASCAM randomised controlled trial."", ""sentence_indices"": [13], ""is_grounded"": true}"
scifact_train_973_doc27446873_rat0,Primary cervical cytology screening with HPV detection has higher longitudinal sensitivity to detect severe cervical intraepithelial neoplasia than conventional cytology.,The relative rate of CIN III+ in the HPV arm versus the conventional arm was 1.44 (95% confidence interval 1.01 to 2.05) among all women invited for screening and 1.77 (1.16 to 2.74) among those who attended.,SUPPORTS,scifact,"PubMed_27446873: Rate of cervical cancer, severe intraepithelial neoplasia, and adenocarcinoma in situ in primary HPV DNA screening with cytology triage: randomised study within organised screening programme.","{""original_id"": 973, ""doc_id"": 27446873, ""doc_title"": ""Rate of cervical cancer, severe intraepithelial neoplasia, and adenocarcinoma in situ in primary HPV DNA screening with cytology triage: randomised study within organised screening programme."", ""sentence_indices"": [7], ""is_grounded"": true}"
scifact_train_973_doc27446873_rat1,Primary cervical cytology screening with HPV detection has higher longitudinal sensitivity to detect severe cervical intraepithelial neoplasia than conventional cytology.,"CONCLUSIONS When incorporated into a well established organised screening programme, primary HPV screening with cytology triage was more sensitive than conventional cytology in detecting CIN III+ lesions.",SUPPORTS,scifact,"PubMed_27446873: Rate of cervical cancer, severe intraepithelial neoplasia, and adenocarcinoma in situ in primary HPV DNA screening with cytology triage: randomised study within organised screening programme.","{""original_id"": 973, ""doc_id"": 27446873, ""doc_title"": ""Rate of cervical cancer, severe intraepithelial neoplasia, and adenocarcinoma in situ in primary HPV DNA screening with cytology triage: randomised study within organised screening programme."", ""sentence_indices"": [10], ""is_grounded"": true}"
scifact_train_973_doc27873158_rat0,Primary cervical cytology screening with HPV detection has higher longitudinal sensitivity to detect severe cervical intraepithelial neoplasia than conventional cytology.,"BACKGROUND Human papillomavirus (HPV) testing is known to be more sensitive, but less specific than cytology for detecting cervical intraepithelial neoplasia (CIN).",SUPPORTS,scifact,PubMed_27873158: Efficacy of human papillomavirus testing for the detection of invasive cervical cancers and cervical intraepithelial neoplasia: a randomised controlled trial.,"{""original_id"": 973, ""doc_id"": 27873158, ""doc_title"": ""Efficacy of human papillomavirus testing for the detection of invasive cervical cancers and cervical intraepithelial neoplasia: a randomised controlled trial."", ""sentence_indices"": [0], ""is_grounded"": true}"
scifact_train_973_doc27873158_rat1,Primary cervical cytology screening with HPV detection has higher longitudinal sensitivity to detect severe cervical intraepithelial neoplasia than conventional cytology.,"INTERPRETATION HPV-based screening is more effective than cytology in preventing invasive cervical cancer, by detecting persistent high-grade lesions earlier and providing a longer low-risk period.",SUPPORTS,scifact,PubMed_27873158: Efficacy of human papillomavirus testing for the detection of invasive cervical cancers and cervical intraepithelial neoplasia: a randomised controlled trial.,"{""original_id"": 973, ""doc_id"": 27873158, ""doc_title"": ""Efficacy of human papillomavirus testing for the detection of invasive cervical cancers and cervical intraepithelial neoplasia: a randomised controlled trial."", ""sentence_indices"": [21], ""is_grounded"": true}"
scifact_train_973_doc28617573_rat0,Primary cervical cytology screening with HPV detection has higher longitudinal sensitivity to detect severe cervical intraepithelial neoplasia than conventional cytology.,"After conservative treatment of cervical pre-cancer, HPV testing picks up more quickly, with higher sensitivity and not lower specificity, residual or recurrent high-grade CIN than follow-up cytology.",SUPPORTS,scifact,PubMed_28617573: Evidence regarding human papillomavirus testing in secondary prevention of cervical cancer.,"{""original_id"": 973, ""doc_id"": 28617573, ""doc_title"": ""Evidence regarding human papillomavirus testing in secondary prevention of cervical cancer."", ""sentence_indices"": [7], ""is_grounded"": true}"
scifact_train_973_doc28617573_rat1,Primary cervical cytology screening with HPV detection has higher longitudinal sensitivity to detect severe cervical intraepithelial neoplasia than conventional cytology.,"Primary screening for hrHPV generally detects more CIN2, CIN3 or cancer compared to cytology at cut-off atypical squamous cells of undetermined significance (ASC-US) or LSIL, but is less specific.",SUPPORTS,scifact,PubMed_28617573: Evidence regarding human papillomavirus testing in secondary prevention of cervical cancer.,"{""original_id"": 973, ""doc_id"": 28617573, ""doc_title"": ""Evidence regarding human papillomavirus testing in secondary prevention of cervical cancer."", ""sentence_indices"": [8], ""is_grounded"": true}"
scifact_train_973_doc9764256_rat0,Primary cervical cytology screening with HPV detection has higher longitudinal sensitivity to detect severe cervical intraepithelial neoplasia than conventional cytology.,"Furthermore, significantly more cases of CIN grade 2 or worse were detected in the intervention group than in the control group (267 of 19 999 vs 215 of 20,106; 1·25, 1·05-1·50; p=0·015).",SUPPORTS,scifact,PubMed_9764256: Human papillomavirus testing for the detection of high-grade cervical intraepithelial neoplasia and cancer: final results of the POBASCAM randomised controlled trial.,"{""original_id"": 973, ""doc_id"": 9764256, ""doc_title"": ""Human papillomavirus testing for the detection of high-grade cervical intraepithelial neoplasia and cancer: final results of the POBASCAM randomised controlled trial."", ""sentence_indices"": [13], ""is_grounded"": true}"
scifact_train_973_doc9764256_rat1,Primary cervical cytology screening with HPV detection has higher longitudinal sensitivity to detect severe cervical intraepithelial neoplasia than conventional cytology.,"INTERPRETATION Implementation of HPV DNA testing in cervical screening leads to earlier detection of clinically relevant CIN grade 2 or worse, which when adequately treated, improves protection against CIN grade 3 or worse and cervical cancer.",SUPPORTS,scifact,PubMed_9764256: Human papillomavirus testing for the detection of high-grade cervical intraepithelial neoplasia and cancer: final results of the POBASCAM randomised controlled trial.,"{""original_id"": 973, ""doc_id"": 9764256, ""doc_title"": ""Human papillomavirus testing for the detection of high-grade cervical intraepithelial neoplasia and cancer: final results of the POBASCAM randomised controlled trial."", ""sentence_indices"": [16], ""is_grounded"": true}"
scifact_train_976,Primary pro-inflammatory cytokines suppress secondary pro- and anti-inflammatory mediators.,,NOT_ENOUGH_INFO,scifact,Docs: 5304891,"{""original_id"": 976, ""cited_doc_ids"": [5304891], ""is_grounded"": false}"
scifact_train_977_doc39264456_rat0,Pro-inflammatory cytokines are up regulated during tumor development.,"However, it was significantly higher in NSCLC patients compared with controls (44.1 +/- 64.3 and 15.1 +/- 14.3 pg/mL, P = 0.03).",SUPPORTS,scifact,PubMed_39264456: Impact of TNF-alpha and IL-6 levels on development of cachexia in newly diagnosed NSCLC patients.,"{""original_id"": 977, ""doc_id"": 39264456, ""doc_title"": ""Impact of TNF-alpha and IL-6 levels on development of cachexia in newly diagnosed NSCLC patients."", ""sentence_indices"": [8, 9], ""is_grounded"": true}"
scifact_train_978,Pro-inflammatory cytokines are up repressed during tumor development.,,NOT_ENOUGH_INFO,scifact,Docs: 14075252,"{""original_id"": 978, ""cited_doc_ids"": [14075252], ""is_grounded"": false}"
scifact_train_979_doc11659421_rat0,Progerin induces premature aging in stem cells.,"We found that expression of progerin in iPSC-derived fibroblasts and neurons induces multiple aging-related markers and characteristics, including dopamine-specific phenotypes such as neuromelanin accumulation.",SUPPORTS,scifact,PubMed_11659421: Human iPSC-based modeling of late-onset disease via progerin-induced aging.,"{""original_id"": 979, ""doc_id"": 11659421, ""doc_title"": ""Human iPSC-based modeling of late-onset disease via progerin-induced aging."", ""sentence_indices"": [3], ""is_grounded"": true}"
scifact_train_979_doc11659421_rat1,Progerin induces premature aging in stem cells.,"Thus, our study suggests that progerin-induced aging can be used to reveal late-onset age-related disease features in hiPSC-based disease models.",SUPPORTS,scifact,PubMed_11659421: Human iPSC-based modeling of late-onset disease via progerin-induced aging.,"{""original_id"": 979, ""doc_id"": 11659421, ""doc_title"": ""Human iPSC-based modeling of late-onset disease via progerin-induced aging."", ""sentence_indices"": [5], ""is_grounded"": true}"
scifact_train_980_doc20128547_rat0,Propriospinal interneurons that play a role in the plastic reorganization of spinal circuits are integral for recovery from spinal cord injury.,"We show that propriospinal relay connections that bypass one or more injury sites are able to mediate spontaneous functional recovery and supraspinal control of stepping, even when there has been essentially total and irreversible interruption of long descending supraspinal pathways in mice.",SUPPORTS,scifact,PubMed_20128547: Recovery of supraspinal control of stepping via indirect propriospinal relay connections after spinal cord injury,"{""original_id"": 980, ""doc_id"": 20128547, ""doc_title"": ""Recovery of supraspinal control of stepping via indirect propriospinal relay connections after spinal cord injury"", ""sentence_indices"": [3], ""is_grounded"": true}"
scifact_train_980_doc20128547_rat1,Propriospinal interneurons that play a role in the plastic reorganization of spinal circuits are integral for recovery from spinal cord injury.,Our findings show that pronounced functional recovery can occur after severe SCI without the maintenance or regeneration of direct projections from the brain past the lesion and can be mediated by the reorganization of descending and propriospinal connections.,SUPPORTS,scifact,PubMed_20128547: Recovery of supraspinal control of stepping via indirect propriospinal relay connections after spinal cord injury,"{""original_id"": 980, ""doc_id"": 20128547, ""doc_title"": ""Recovery of supraspinal control of stepping via indirect propriospinal relay connections after spinal cord injury"", ""sentence_indices"": [4], ""is_grounded"": true}"
scifact_train_984_doc6828370_rat0,Pseudogene PTENP1 encodes a transcript that regulates PTEN expression.,We find that PTENP1 is biologically active as it can regulate cellular levels of PTEN and exert a growth-suppressive role.,SUPPORTS,scifact,PubMed_6828370: A coding-independent function of gene and pseudogene mRNAs regulates tumour biology,"{""original_id"": 984, ""doc_id"": 6828370, ""doc_title"": ""A coding-independent function of gene and pseudogene mRNAs regulates tumour biology"", ""sentence_indices"": [3], ""is_grounded"": true}"
scifact_train_988,Pseudoknots are not evolutionarily conserved in most eukaryotes.,,NOT_ENOUGH_INFO,scifact,Docs: 3033830,"{""original_id"": 988, ""cited_doc_ids"": [3033830], ""is_grounded"": false}"
scifact_train_989,"Pure neural progenitor cell (NPC) populations can only be obtained from cell cultures that undergo passaging, filtration, or other isolation and cell sorting methods.",,NOT_ENOUGH_INFO,scifact,Docs: 9988425,"{""original_id"": 989, ""cited_doc_ids"": [9988425], ""is_grounded"": false}"
scifact_train_990_doc16472469_rat0,Pyridostatin decreases telomere fragility in BRCA2-deficient cells.,"Treatment with the G4-stabilizing compound pyridostatin (PDS) increases telomere fragility in BRCA2-deficient cells, suggesting that G4 formation drives telomere instability.",REFUTES,scifact,PubMed_16472469: Targeting BRCA1 and BRCA2 Deficiencies with G-Quadruplex-Interacting Compounds,"{""original_id"": 990, ""doc_id"": 16472469, ""doc_title"": ""Targeting BRCA1 and BRCA2 Deficiencies with G-Quadruplex-Interacting Compounds"", ""sentence_indices"": [4], ""is_grounded"": true}"
scifact_train_992_doc16472469_rat0,Pyridostatin deregulates G2/M progression.,"Remarkably, PDS reduces proliferation of HR-defective cells by inducing DSB accumulation, checkpoint activation, and deregulated G2/M progression and by enhancing the replication defect intrinsic to HR deficiency.",SUPPORTS,scifact,PubMed_16472469: Targeting BRCA1 and BRCA2 Deficiencies with G-Quadruplex-Interacting Compounds,"{""original_id"": 992, ""doc_id"": 16472469, ""doc_title"": ""Targeting BRCA1 and BRCA2 Deficiencies with G-Quadruplex-Interacting Compounds"", ""sentence_indices"": [5], ""is_grounded"": true}"
scifact_train_994_doc16472469_rat0,Pyridostatin encourages proliferation of homologous recombination - defective cells.,"Remarkably, PDS reduces proliferation of HR-defective cells by inducing DSB accumulation, checkpoint activation, and deregulated G2/M progression and by enhancing the replication defect intrinsic to HR deficiency.",REFUTES,scifact,PubMed_16472469: Targeting BRCA1 and BRCA2 Deficiencies with G-Quadruplex-Interacting Compounds,"{""original_id"": 994, ""doc_id"": 16472469, ""doc_title"": ""Targeting BRCA1 and BRCA2 Deficiencies with G-Quadruplex-Interacting Compounds"", ""sentence_indices"": [5], ""is_grounded"": true}"
scifact_train_996_doc16472469_rat0,Pyridostatin induces checkpoint activation.,"Remarkably, PDS reduces proliferation of HR-defective cells by inducing DSB accumulation, checkpoint activation, and deregulated G2/M progression and by enhancing the replication defect intrinsic to HR deficiency.",SUPPORTS,scifact,PubMed_16472469: Targeting BRCA1 and BRCA2 Deficiencies with G-Quadruplex-Interacting Compounds,"{""original_id"": 996, ""doc_id"": 16472469, ""doc_title"": ""Targeting BRCA1 and BRCA2 Deficiencies with G-Quadruplex-Interacting Compounds"", ""sentence_indices"": [5], ""is_grounded"": true}"
scifact_train_997_doc16472469_rat0,Pyridostatin induces double-strand breaks accumulation.,"Remarkably, PDS reduces proliferation of HR-defective cells by inducing DSB accumulation, checkpoint activation, and deregulated G2/M progression and by enhancing the replication defect intrinsic to HR deficiency.",SUPPORTS,scifact,PubMed_16472469: Targeting BRCA1 and BRCA2 Deficiencies with G-Quadruplex-Interacting Compounds,"{""original_id"": 997, ""doc_id"": 16472469, ""doc_title"": ""Targeting BRCA1 and BRCA2 Deficiencies with G-Quadruplex-Interacting Compounds"", ""sentence_indices"": [5], ""is_grounded"": true}"
scifact_train_998_doc16472469_rat0,Pyridostatin prevents double-strand breaks accumulation.,"Remarkably, PDS reduces proliferation of HR-defective cells by inducing DSB accumulation, checkpoint activation, and deregulated G2/M progression and by enhancing the replication defect intrinsic to HR deficiency.",REFUTES,scifact,PubMed_16472469: Targeting BRCA1 and BRCA2 Deficiencies with G-Quadruplex-Interacting Compounds,"{""original_id"": 998, ""doc_id"": 16472469, ""doc_title"": ""Targeting BRCA1 and BRCA2 Deficiencies with G-Quadruplex-Interacting Compounds"", ""sentence_indices"": [5], ""is_grounded"": true}"
scifact_train_999_doc16472469_rat0,Pyridostatin reduces proliferation of homologous recombination - defective cells.,"Remarkably, PDS reduces proliferation of HR-defective cells by inducing DSB accumulation, checkpoint activation, and deregulated G2/M progression and by enhancing the replication defect intrinsic to HR deficiency.",SUPPORTS,scifact,PubMed_16472469: Targeting BRCA1 and BRCA2 Deficiencies with G-Quadruplex-Interacting Compounds,"{""original_id"": 999, ""doc_id"": 16472469, ""doc_title"": ""Targeting BRCA1 and BRCA2 Deficiencies with G-Quadruplex-Interacting Compounds"", ""sentence_indices"": [5], ""is_grounded"": true}"
scifact_train_1000_doc16472469_rat0,Pyridostatin stabilizes the G - quadruplex in the telomeric region.,"Treatment with the G4-stabilizing compound pyridostatin (PDS) increases telomere fragility in BRCA2-deficient cells, suggesting that G4 formation drives telomere instability.",SUPPORTS,scifact,PubMed_16472469: Targeting BRCA1 and BRCA2 Deficiencies with G-Quadruplex-Interacting Compounds,"{""original_id"": 1000, ""doc_id"": 16472469, ""doc_title"": ""Targeting BRCA1 and BRCA2 Deficiencies with G-Quadruplex-Interacting Compounds"", ""sentence_indices"": [4], ""is_grounded"": true}"
scifact_train_1001,R2D2 stops miRNA production by increasing the selectivity of Dcr2 for long dsRNA.,,NOT_ENOUGH_INFO,scifact,Docs: 5702790,"{""original_id"": 1001, ""cited_doc_ids"": [5702790], ""is_grounded"": false}"
scifact_train_1002,RA activation of DIF2 and NB4 cells induces hallmarks of transcriptionally active promoters.,,NOT_ENOUGH_INFO,scifact,Docs: 13639330,"{""original_id"": 1002, ""cited_doc_ids"": [13639330], ""is_grounded"": false}"
scifact_train_1003_doc14332945_rat0,RAD52 is involved in break-induced DNA replication (BIR).,We therefore propose that mammalian RAD52 facilitates repair of collapsed DNA replication forks in cancer cells.,SUPPORTS,scifact,PubMed_14332945: Mammalian RAD52 Functions in Break-Induced Replication Repair of Collapsed DNA Replication Forks,"{""original_id"": 1003, ""doc_id"": 14332945, ""doc_title"": ""Mammalian RAD52 Functions in Break-Induced Replication Repair of Collapsed DNA Replication Forks"", ""sentence_indices"": [6], ""is_grounded"": true}"
scifact_train_1003_doc4319844_rat0,RAD52 is involved in break-induced DNA replication (BIR).,"ALT-associated replication defects trigger mitotic DNA synthesis (MiDAS) at telomeres in a RAD52-dependent, but RAD51-independent, manner.",SUPPORTS,scifact,PubMed_4319844: Alternative Lengthening of Telomeres Mediated by Mitotic DNA Synthesis Engages Break-Induced Replication Processes.,"{""original_id"": 1003, ""doc_id"": 4319844, ""doc_title"": ""Alternative Lengthening of Telomeres Mediated by Mitotic DNA Synthesis Engages Break-Induced Replication Processes."", ""sentence_indices"": [2], ""is_grounded"": true}"
scifact_train_1003_doc4899981_rat0,RAD52 is involved in break-induced DNA replication (BIR).,"At CFSs, this fragility is associated with a delay in the completion of DNA replication until early mitosis, whereupon cells are proposed to switch to a RAD52-dependent form of break-induced replication.",SUPPORTS,scifact,PubMed_4899981: Human cancer cells utilize mitotic DNA synthesis to resist replication stress at telomeres regardless of their telomere maintenance mechanism,"{""original_id"": 1003, ""doc_id"": 4899981, ""doc_title"": ""Human cancer cells utilize mitotic DNA synthesis to resist replication stress at telomeres regardless of their telomere maintenance mechanism"", ""sentence_indices"": [1], ""is_grounded"": true}"
scifact_train_1003_doc4899981_rat1,RAD52 is involved in break-induced DNA replication (BIR).,We propose a model whereby replication stress initiates a RAD52-dependent form of break-induced replication that bypasses a requirement for MUS81-EME1 to complete DNA synthesis in mitosis.,SUPPORTS,scifact,PubMed_4899981: Human cancer cells utilize mitotic DNA synthesis to resist replication stress at telomeres regardless of their telomere maintenance mechanism,"{""original_id"": 1003, ""doc_id"": 4899981, ""doc_title"": ""Human cancer cells utilize mitotic DNA synthesis to resist replication stress at telomeres regardless of their telomere maintenance mechanism"", ""sentence_indices"": [5], ""is_grounded"": true}"
scifact_train_1004_doc301838_rat0,RANK-RANKL pathway signalling has no known association with development of Aire-expressing medullary thymic epithelial cells.,"Here we showed that emergence of the first cohorts of Aire(+) mTECs at this key developmental stage, prior to αβ T cell repertoire selection, was jointly directed by Rankl(+) lymphoid tissue inducer cells and invariant Vγ5(+) dendritic epidermal T cell (DETC) progenitors that are the first thymocytes to express the products of gene rearrangement.",REFUTES,scifact,PubMed_301838: Rank Signaling Links the Development of Invariant γδ T Cell Progenitors and Aire+ Medullary Epithelium,"{""original_id"": 1004, ""doc_id"": 301838, ""doc_title"": ""Rank Signaling Links the Development of Invariant \u03b3\u03b4 T Cell Progenitors and Aire+ Medullary Epithelium"", ""sentence_indices"": [1], ""is_grounded"": true}"
scifact_train_1004_doc301838_rat1,RANK-RANKL pathway signalling has no known association with development of Aire-expressing medullary thymic epithelial cells.,"Hence, our data attributed a functional importance to the temporal development of Vγ5(+) γδ T cells during thymus medulla formation for αβ T cell tolerance induction and demonstrated a Rank-mediated reciprocal link between DETC and Aire(+) mTEC maturation.",REFUTES,scifact,PubMed_301838: Rank Signaling Links the Development of Invariant γδ T Cell Progenitors and Aire+ Medullary Epithelium,"{""original_id"": 1004, ""doc_id"": 301838, ""doc_title"": ""Rank Signaling Links the Development of Invariant \u03b3\u03b4 T Cell Progenitors and Aire+ Medullary Epithelium"", ""sentence_indices"": [3], ""is_grounded"": true}"
scifact_train_1004_doc2734421_rat0,RANK-RANKL pathway signalling has no known association with development of Aire-expressing medullary thymic epithelial cells.,"Here, we demonstrate crucial regulation of mTEC development by receptor activator of NF-kappaB (RANK) and CD40 signals.",REFUTES,scifact,PubMed_2734421: The tumor necrosis factor family receptors RANK and CD40 cooperatively establish the thymic medullary microenvironment and self-tolerance.,"{""original_id"": 1004, ""doc_id"": 2734421, ""doc_title"": ""The tumor necrosis factor family receptors RANK and CD40 cooperatively establish the thymic medullary microenvironment and self-tolerance."", ""sentence_indices"": [2], ""is_grounded"": true}"
scifact_train_1004_doc2734421_rat1,RANK-RANKL pathway signalling has no known association with development of Aire-expressing medullary thymic epithelial cells.,"Whereas only RANK signaling was essential for mTEC development during embryogenesis, in postnatal mice, cooperation between CD40 and RANK signals was required for mTEC development to successfully establish the medullary microenvironment.",REFUTES,scifact,PubMed_2734421: The tumor necrosis factor family receptors RANK and CD40 cooperatively establish the thymic medullary microenvironment and self-tolerance.,"{""original_id"": 1004, ""doc_id"": 2734421, ""doc_title"": ""The tumor necrosis factor family receptors RANK and CD40 cooperatively establish the thymic medullary microenvironment and self-tolerance."", ""sentence_indices"": [3], ""is_grounded"": true}"
scifact_train_1004_doc2734421_rat2,RANK-RANKL pathway signalling has no known association with development of Aire-expressing medullary thymic epithelial cells.,"Ligation of RANK or CD40 on fetal thymic stroma in vitro induced mTEC development in a tumor necrosis factor-associated factor 6 (TRAF6)-, NF-kappaB inducing kinase (NIK)-, and IkappaB kinase beta (IKKbeta)-dependent manner.",REFUTES,scifact,PubMed_2734421: The tumor necrosis factor family receptors RANK and CD40 cooperatively establish the thymic medullary microenvironment and self-tolerance.,"{""original_id"": 1004, ""doc_id"": 2734421, ""doc_title"": ""The tumor necrosis factor family receptors RANK and CD40 cooperatively establish the thymic medullary microenvironment and self-tolerance."", ""sentence_indices"": [4], ""is_grounded"": true}"
scifact_train_1004_doc2734421_rat3,RANK-RANKL pathway signalling has no known association with development of Aire-expressing medullary thymic epithelial cells.,"These results show that developmental-stage-dependent cooperation between RANK and CD40 promotes mTEC development, thereby establishing self-tolerance.",REFUTES,scifact,PubMed_2734421: The tumor necrosis factor family receptors RANK and CD40 cooperatively establish the thymic medullary microenvironment and self-tolerance.,"{""original_id"": 1004, ""doc_id"": 2734421, ""doc_title"": ""The tumor necrosis factor family receptors RANK and CD40 cooperatively establish the thymic medullary microenvironment and self-tolerance."", ""sentence_indices"": [5], ""is_grounded"": true}"
scifact_train_1004_doc3952288_rat0,RANK-RANKL pathway signalling has no known association with development of Aire-expressing medullary thymic epithelial cells.,"We show that RANKL signals from this cell promote the maturation of RANK-expressing CD80−Aire− mTEC progenitors into CD80+Aire+ mTECs, and that transplantation of RANK-deficient thymic stroma into immunodeficient hosts induces autoimmunity.",REFUTES,scifact,PubMed_3952288: RANK signals from CD4+3− inducer cells regulate development of Aire-expressing epithelial cells in the thymic medulla,"{""original_id"": 1004, ""doc_id"": 3952288, ""doc_title"": ""RANK signals from CD4+3\u2212 inducer cells regulate development of Aire-expressing epithelial cells in the thymic medulla"", ""sentence_indices"": [3], ""is_grounded"": true}"
scifact_train_1004_doc3952288_rat1,RANK-RANKL pathway signalling has no known association with development of Aire-expressing medullary thymic epithelial cells.,"Collectively, our data reveal cellular and molecular mechanisms leading to the generation of Aire+ mTECs and highlight a previously unrecognized role for CD4+3−RANKL+ inducer cells in intrathymic self-tolerance.",REFUTES,scifact,PubMed_3952288: RANK signals from CD4+3− inducer cells regulate development of Aire-expressing epithelial cells in the thymic medulla,"{""original_id"": 1004, ""doc_id"": 3952288, ""doc_title"": ""RANK signals from CD4+3\u2212 inducer cells regulate development of Aire-expressing epithelial cells in the thymic medulla"", ""sentence_indices"": [4], ""is_grounded"": true}"
scifact_train_1005_doc301838_rat0,RANK-RANKL pathway signalling is linked to development of Aire-expressing medullary thymic epithelial cells.,"Here we showed that emergence of the first cohorts of Aire(+) mTECs at this key developmental stage, prior to αβ T cell repertoire selection, was jointly directed by Rankl(+) lymphoid tissue inducer cells and invariant Vγ5(+) dendritic epidermal T cell (DETC) progenitors that are the first thymocytes to express the products of gene rearrangement.",SUPPORTS,scifact,PubMed_301838: Rank Signaling Links the Development of Invariant γδ T Cell Progenitors and Aire+ Medullary Epithelium,"{""original_id"": 1005, ""doc_id"": 301838, ""doc_title"": ""Rank Signaling Links the Development of Invariant \u03b3\u03b4 T Cell Progenitors and Aire+ Medullary Epithelium"", ""sentence_indices"": [1], ""is_grounded"": true}"
scifact_train_1005_doc301838_rat1,RANK-RANKL pathway signalling is linked to development of Aire-expressing medullary thymic epithelial cells.,"Hence, our data attributed a functional importance to the temporal development of Vγ5(+) γδ T cells during thymus medulla formation for αβ T cell tolerance induction and demonstrated a Rank-mediated reciprocal link between DETC and Aire(+) mTEC maturation.",SUPPORTS,scifact,PubMed_301838: Rank Signaling Links the Development of Invariant γδ T Cell Progenitors and Aire+ Medullary Epithelium,"{""original_id"": 1005, ""doc_id"": 301838, ""doc_title"": ""Rank Signaling Links the Development of Invariant \u03b3\u03b4 T Cell Progenitors and Aire+ Medullary Epithelium"", ""sentence_indices"": [3], ""is_grounded"": true}"
scifact_train_1005_doc2734421_rat0,RANK-RANKL pathway signalling is linked to development of Aire-expressing medullary thymic epithelial cells.,"Here, we demonstrate crucial regulation of mTEC development by receptor activator of NF-kappaB (RANK) and CD40 signals.",SUPPORTS,scifact,PubMed_2734421: The tumor necrosis factor family receptors RANK and CD40 cooperatively establish the thymic medullary microenvironment and self-tolerance.,"{""original_id"": 1005, ""doc_id"": 2734421, ""doc_title"": ""The tumor necrosis factor family receptors RANK and CD40 cooperatively establish the thymic medullary microenvironment and self-tolerance."", ""sentence_indices"": [2], ""is_grounded"": true}"
scifact_train_1005_doc2734421_rat1,RANK-RANKL pathway signalling is linked to development of Aire-expressing medullary thymic epithelial cells.,"Whereas only RANK signaling was essential for mTEC development during embryogenesis, in postnatal mice, cooperation between CD40 and RANK signals was required for mTEC development to successfully establish the medullary microenvironment.",SUPPORTS,scifact,PubMed_2734421: The tumor necrosis factor family receptors RANK and CD40 cooperatively establish the thymic medullary microenvironment and self-tolerance.,"{""original_id"": 1005, ""doc_id"": 2734421, ""doc_title"": ""The tumor necrosis factor family receptors RANK and CD40 cooperatively establish the thymic medullary microenvironment and self-tolerance."", ""sentence_indices"": [3], ""is_grounded"": true}"
scifact_train_1005_doc2734421_rat2,RANK-RANKL pathway signalling is linked to development of Aire-expressing medullary thymic epithelial cells.,"Ligation of RANK or CD40 on fetal thymic stroma in vitro induced mTEC development in a tumor necrosis factor-associated factor 6 (TRAF6)-, NF-kappaB inducing kinase (NIK)-, and IkappaB kinase beta (IKKbeta)-dependent manner.",SUPPORTS,scifact,PubMed_2734421: The tumor necrosis factor family receptors RANK and CD40 cooperatively establish the thymic medullary microenvironment and self-tolerance.,"{""original_id"": 1005, ""doc_id"": 2734421, ""doc_title"": ""The tumor necrosis factor family receptors RANK and CD40 cooperatively establish the thymic medullary microenvironment and self-tolerance."", ""sentence_indices"": [4], ""is_grounded"": true}"
scifact_train_1005_doc2734421_rat3,RANK-RANKL pathway signalling is linked to development of Aire-expressing medullary thymic epithelial cells.,"These results show that developmental-stage-dependent cooperation between RANK and CD40 promotes mTEC development, thereby establishing self-tolerance.",SUPPORTS,scifact,PubMed_2734421: The tumor necrosis factor family receptors RANK and CD40 cooperatively establish the thymic medullary microenvironment and self-tolerance.,"{""original_id"": 1005, ""doc_id"": 2734421, ""doc_title"": ""The tumor necrosis factor family receptors RANK and CD40 cooperatively establish the thymic medullary microenvironment and self-tolerance."", ""sentence_indices"": [5], ""is_grounded"": true}"
scifact_train_1005_doc3952288_rat0,RANK-RANKL pathway signalling is linked to development of Aire-expressing medullary thymic epithelial cells.,"We show that RANKL signals from this cell promote the maturation of RANK-expressing CD80−Aire− mTEC progenitors into CD80+Aire+ mTECs, and that transplantation of RANK-deficient thymic stroma into immunodeficient hosts induces autoimmunity.",SUPPORTS,scifact,PubMed_3952288: RANK signals from CD4+3− inducer cells regulate development of Aire-expressing epithelial cells in the thymic medulla,"{""original_id"": 1005, ""doc_id"": 3952288, ""doc_title"": ""RANK signals from CD4+3\u2212 inducer cells regulate development of Aire-expressing epithelial cells in the thymic medulla"", ""sentence_indices"": [3], ""is_grounded"": true}"
scifact_train_1005_doc3952288_rat1,RANK-RANKL pathway signalling is linked to development of Aire-expressing medullary thymic epithelial cells.,"Collectively, our data reveal cellular and molecular mechanisms leading to the generation of Aire+ mTECs and highlight a previously unrecognized role for CD4+3−RANKL+ inducer cells in intrathymic self-tolerance.",SUPPORTS,scifact,PubMed_3952288: RANK signals from CD4+3− inducer cells regulate development of Aire-expressing epithelial cells in the thymic medulla,"{""original_id"": 1005, ""doc_id"": 3952288, ""doc_title"": ""RANK signals from CD4+3\u2212 inducer cells regulate development of Aire-expressing epithelial cells in the thymic medulla"", ""sentence_indices"": [4], ""is_grounded"": true}"
scifact_train_1006_doc4926049_rat0,RTEL1 interacts with TRF2 through a C4C4 motif,"We show that the TRF2-RTEL1 interaction is mediated by a metal-coordinating C4C4 motif in RTEL1, which is compromised by the Hoyeraal-Hreidarsson syndrome (HHS) mutation, RTEL1(R1264H).",SUPPORTS,scifact,PubMed_4926049: TRF2 Recruits RTEL1 to Telomeres in S Phase to Promote T-Loop Unwinding,"{""original_id"": 1006, ""doc_id"": 4926049, ""doc_title"": ""TRF2 Recruits RTEL1 to Telomeres in S Phase to Promote T-Loop Unwinding"", ""sentence_indices"": [3], ""is_grounded"": true}"
scifact_train_1008,RUNX is not expressed in skin tissue.,,NOT_ENOUGH_INFO,scifact,Docs: 2547636,"{""original_id"": 1008, ""cited_doc_ids"": [2547636], ""is_grounded"": false}"
scifact_train_1009_doc1982286_rat0,RUNX1 is downregulated or mutated in TLX1 T-ALL.,"Notably, a network structure analysis of this hierarchical network identified RUNX1 as a key mediator of the T-ALL induced by TLX1 and TLX3 and predicted a tumor-suppressor role for RUNX1 in T cell transformation.",SUPPORTS,scifact,PubMed_1982286: Reverse engineering of TLX oncogenic transcriptional networks identifies RUNX1 as tumor suppressor in T-ALL,"{""original_id"": 1009, ""doc_id"": 1982286, ""doc_title"": ""Reverse engineering of TLX oncogenic transcriptional networks identifies RUNX1 as tumor suppressor in T-ALL"", ""sentence_indices"": [3], ""is_grounded"": true}"
scifact_train_1009_doc1982286_rat1,RUNX1 is downregulated or mutated in TLX1 T-ALL.,"Overall, these results place TLX1 and TLX3 at the top of an oncogenic transcriptional network controlling leukemia development, show the power of network analyses to identify key elements in the regulatory circuits governing human cancer and identify RUNX1 as a tumor-suppressor gene in T-ALL.",SUPPORTS,scifact,PubMed_1982286: Reverse engineering of TLX oncogenic transcriptional networks identifies RUNX1 as tumor suppressor in T-ALL,"{""original_id"": 1009, ""doc_id"": 1982286, ""doc_title"": ""Reverse engineering of TLX oncogenic transcriptional networks identifies RUNX1 as tumor suppressor in T-ALL"", ""sentence_indices"": [5], ""is_grounded"": true}"
scifact_train_1011_doc9745001_rat0,Radioiodine treatment of non-toxic multinodular goitre increases thyroid volume.,In 45 patients treated with one dose and remaining euthyroid the median thyroid volume was reduced from 73 (interquartile range 50-106) ml to 29 (23-48) ml at 24 months in the 39 patients in whom this was measured during follow up.,REFUTES,scifact,PubMed_9745001: Radioiodine treatment of multinodular non-toxic goitre.,"{""original_id"": 1011, ""doc_id"": 9745001, ""doc_title"": ""Radioiodine treatment of multinodular non-toxic goitre."", ""sentence_indices"": [6], ""is_grounded"": true}"
scifact_train_1011_doc9745001_rat1,Radioiodine treatment of non-toxic multinodular goitre increases thyroid volume.,CONCLUSIONS A substantial reduction in thyroid volume accompanied by a low incidence of hypothyroidism and few side effects makes the use of radioactive iodine an attractive alternative to surgery in selected cases of non-toxic multinodular goitre.,REFUTES,scifact,PubMed_9745001: Radioiodine treatment of multinodular non-toxic goitre.,"{""original_id"": 1011, ""doc_id"": 9745001, ""doc_title"": ""Radioiodine treatment of multinodular non-toxic goitre."", ""sentence_indices"": [12], ""is_grounded"": true}"
scifact_train_1015_doc6277638_rat0,Rapamycin delays aging in fruit flies.,We show here that feeding rapamycin to adult Drosophila produces the life span extension seen in some TOR mutants.,SUPPORTS,scifact,PubMed_6277638: Mechanisms of Life Span Extension by Rapamycin in the Fruit Fly Drosophila melanogaster,"{""original_id"": 1015, ""doc_id"": 6277638, ""doc_title"": ""Mechanisms of Life Span Extension by Rapamycin in the Fruit Fly Drosophila melanogaster"", ""sentence_indices"": [2], ""is_grounded"": true}"
scifact_train_1016,Rapamycin increases the concentration of triacylglycerols in fruit flies.,,NOT_ENOUGH_INFO,scifact,Docs: 6277638,"{""original_id"": 1016, ""cited_doc_ids"": [6277638], ""is_grounded"": false}"
scifact_train_1018_doc11603066_rat0,Rapid phosphotransfer rates are correlated with histidine kinase regulator specificity.,"Introduction of this methionine and an adjacent alanine residue into a range of noncognate CheYs, dramatically changed their specificity, allowing protein interaction and rapid phosphotransfer from CheA(3)-P. The structure presented here has allowed us to identify specificity determinants for the CheA-CheY interaction and subsequently to successfully reengineer phosphotransfer signalling.",SUPPORTS,scifact,PubMed_11603066: Using Structural Information to Change the Phosphotransfer Specificity of a Two-Component Chemotaxis Signalling Complex,"{""original_id"": 1018, ""doc_id"": 11603066, ""doc_title"": ""Using Structural Information to Change the Phosphotransfer Specificity of a Two-Component Chemotaxis Signalling Complex"", ""sentence_indices"": [6], ""is_grounded"": true}"
scifact_train_1023_doc16927286_rat0,Recognition of start codons depends on the translation initiation factor IF3.,IF3 and tRNA undergo large conformational changes to facilitate the accommodation of the formylmethionyl-tRNA (fMet-tRNA(fMet)) into the P site for start codon recognition.,SUPPORTS,scifact,PubMed_16927286: Large-Scale Movements of IF3 and tRNA during Bacterial Translation Initiation,"{""original_id"": 1023, ""doc_id"": 16927286, ""doc_title"": ""Large-Scale Movements of IF3 and tRNA during Bacterial Translation Initiation"", ""sentence_indices"": [4], ""is_grounded"": true}"
scifact_train_1025,Reduced levels of lipolysis leads to higher P38 phosphorylation in adipose tissue.,,NOT_ENOUGH_INFO,scifact,Docs: 32408470,"{""original_id"": 1025, ""cited_doc_ids"": [32408470], ""is_grounded"": false}"
scifact_train_1026,Reduced phosphorylation of PP2A increases HDAC4 dephosphorylation by enhancing PP2A-HDAC4 interaction.,,NOT_ENOUGH_INFO,scifact,Docs: 3113630,"{""original_id"": 1026, ""cited_doc_ids"": [3113630], ""is_grounded"": false}"
scifact_train_1027,Reduced phosphorylation of PP2A suppresses HDAC4 dephosphorylation.,,NOT_ENOUGH_INFO,scifact,Docs: 3113630,"{""original_id"": 1027, ""cited_doc_ids"": [3113630], ""is_grounded"": false}"
scifact_train_1028_doc13923140_rat0,Reduced responsiveness to interleukin-2 in regulatory T cells is associated with autoimmune diseases such as Type 1 Diabetes.,"In order to test directly that an approximately twofold reduction in IL-2 underpins the Idd3-linked destabilization of immune homeostasis, we show that engineered haplodeficiency of Il2 gene expression not only reduces T cell IL-2 production by twofold but also mimics the autoimmune dysregulatory effects of the naturally occurring susceptibility alleles of Il2. Reduced IL-2 production achieved by either genetic mechanism correlates with reduced function of CD4+ CD25+ regulatory T cells, which are critical for maintaining immune homeostasis.",SUPPORTS,scifact,PubMed_13923140: Interleukin-2 gene variation impairs regulatory T cell function and causes autoimmunity,"{""original_id"": 1028, ""doc_id"": 13923140, ""doc_title"": ""Interleukin-2 gene variation impairs regulatory T cell function and causes autoimmunity"", ""sentence_indices"": [2, 3], ""is_grounded"": true}"
scifact_train_1028_doc11899391_rat0,Reduced responsiveness to interleukin-2 in regulatory T cells is associated with autoimmune diseases such as Type 1 Diabetes.,"We demonstrated that the presence of an autoimmune disease-associated IL2RA haplotype correlates with diminished IL-2 responsiveness in Ag-experienced CD4(+) T cells, as measured by phosphorylation of STAT5a, and is associated with lower levels of FOXP3 expression by Tregs and a reduction in their ability to suppress proliferation of autologous effector T cells.",SUPPORTS,scifact,PubMed_11899391: Type 1 diabetes-associated IL2RA variation lowers IL-2 signaling and contributes to diminished CD4+CD25+ regulatory T cell function.,"{""original_id"": 1028, ""doc_id"": 11899391, ""doc_title"": ""Type 1 diabetes-associated IL2RA variation lowers IL-2 signaling and contributes to diminished CD4+CD25+ regulatory T cell function."", ""sentence_indices"": [6], ""is_grounded"": true}"
scifact_train_1030_doc6441369_rat0,Reducing H3k4me3 methylation induces mouse epiblast stem cells to naive pluripotency efficiently.,"Here, we show that blocking histone H3K4 methyltransferase MLL1 activity with the small-molecule inhibitor MM-401 reprograms mouse epiblast stem cells (EpiSCs) to naive pluripotency.",SUPPORTS,scifact,PubMed_6441369: MLL1 Inhibition Reprograms Epiblast Stem Cells to Naive Pluripotency.,"{""original_id"": 1030, ""doc_id"": 6441369, ""doc_title"": ""MLL1 Inhibition Reprograms Epiblast Stem Cells to Naive Pluripotency."", ""sentence_indices"": [2], ""is_grounded"": true}"
scifact_train_1031_doc12486491_rat0,Reduction of Rpl38 alters the composition of the Hox gene mRNAs translation in mice without lowering overall protein synthesis.,"In Rpl38 mutant embryos, global protein synthesis is unchanged; however the translation of a select subset of Homeobox mRNAs is perturbed.",SUPPORTS,scifact,PubMed_12486491: Ribosome-Mediated Specificity in Hox mRNA Translation and Vertebrate Tissue Patterning,"{""original_id"": 1031, ""doc_id"": 12486491, ""doc_title"": ""Ribosome-Mediated Specificity in Hox mRNA Translation and Vertebrate Tissue Patterning"", ""sentence_indices"": [2], ""is_grounded"": true}"
scifact_train_1032,Reduction of purity of cytoplasmic membranes isolated from overexpressors is indicated by stronger spots for OmpA in 2D BN-PAGE gels.,,NOT_ENOUGH_INFO,scifact,Docs: 6836086,"{""original_id"": 1032, ""cited_doc_ids"": [6836086], ""is_grounded"": false}"
scifact_train_1033,Reduction of purity of cytoplasmic membranes isolated from overexpressors is indicated by stronger spots for OmpF in 2D BN-PAGE gels.,,NOT_ENOUGH_INFO,scifact,Docs: 6836086,"{""original_id"": 1033, ""cited_doc_ids"": [6836086], ""is_grounded"": false}"
scifact_train_1034_doc4547102_rat0,Removal of H3K9me3 by ectopic expression of other H3K9 demethylases decreases reprogramming efficiency in SCNT experiments.,"Moreover, KDM4E plays a more crucial role in IVF and SCNT embryonic development, and overexpression of KDM4E can restore the global transcriptome, improve blastocyst formation and increase the cloning efficiency of SCNT embryos.",REFUTES,scifact,PubMed_4547102: H3K9 demethylase KDM4E is an epigenetic regulator for bovine embryonic development and a defective factor for nuclear reprogramming.,"{""original_id"": 1034, ""doc_id"": 4547102, ""doc_title"": ""H3K9 demethylase KDM4E is an epigenetic regulator for bovine embryonic development and a defective factor for nuclear reprogramming."", ""sentence_indices"": [3], ""is_grounded"": true}"
scifact_train_1035_doc4547102_rat0,Removal of H3K9me3 by ectopic expression of other H3K9 demethylases improves reprogramming efficiency in SCNT experiments.,"Moreover, KDM4E plays a more crucial role in IVF and SCNT embryonic development, and overexpression of KDM4E can restore the global transcriptome, improve blastocyst formation and increase the cloning efficiency of SCNT embryos.",SUPPORTS,scifact,PubMed_4547102: H3K9 demethylase KDM4E is an epigenetic regulator for bovine embryonic development and a defective factor for nuclear reprogramming.,"{""original_id"": 1035, ""doc_id"": 4547102, ""doc_title"": ""H3K9 demethylase KDM4E is an epigenetic regulator for bovine embryonic development and a defective factor for nuclear reprogramming."", ""sentence_indices"": [3], ""is_grounded"": true}"
scifact_train_1036_doc4547102_rat0,Removal of H3K9me3 improves reprogramming efficiency in human somatic cell nuclear transfer experiments.,"Moreover, KDM4E plays a more crucial role in IVF and SCNT embryonic development, and overexpression of KDM4E can restore the global transcriptome, improve blastocyst formation and increase the cloning efficiency of SCNT embryos.",SUPPORTS,scifact,PubMed_4547102: H3K9 demethylase KDM4E is an epigenetic regulator for bovine embryonic development and a defective factor for nuclear reprogramming.,"{""original_id"": 1036, ""doc_id"": 4547102, ""doc_title"": ""H3K9 demethylase KDM4E is an epigenetic regulator for bovine embryonic development and a defective factor for nuclear reprogramming."", ""sentence_indices"": [3], ""is_grounded"": true}"
scifact_train_1037,Replacement of OCT4 and SOX2 genes with GATA3 has the ability to reprogram human cells.,,NOT_ENOUGH_INFO,scifact,Docs: 16287725,"{""original_id"": 1037, ""cited_doc_ids"": [16287725], ""is_grounded"": false}"
scifact_train_1038,Replacement of OCT4 and SOX2 genes with GATA3 is not capable of reprogramming human cells.,,NOT_ENOUGH_INFO,scifact,Docs: 16287725,"{""original_id"": 1038, ""cited_doc_ids"": [16287725], ""is_grounded"": false}"
scifact_train_1040_doc25254425_rat0,Replacement of histone H2A with H2A.Z accelerates gene activation in yeasts by destabilizing +1 nucleosomes.,Immunoprecipitation studies of nucleosome core particles (NCPs) show that NCPs that contain both H3.3 and H2A.Z are even less stable than NCPs containing H3.3 and H2A.,SUPPORTS,scifact,PubMed_25254425: Nucleosome stability mediated by histone variants H3.3 and H2A.Z.,"{""original_id"": 1040, ""doc_id"": 25254425, ""doc_title"": ""Nucleosome stability mediated by histone variants H3.3 and H2A.Z."", ""sentence_indices"": [3], ""is_grounded"": true}"
scifact_train_1042_doc17421851_rat0,Repressing IL-18 has negative effects on atherosclerotic lesion composition and progression.,"Interestingly, significantly higher levels of IL-18 mRNA were found in symptomatic (unstable) plaques than asymptomatic (stable) plaques (P<0.01).",REFUTES,scifact,PubMed_17421851: Expression of interleukin-18 in human atherosclerotic plaques and relation to plaque instability.,"{""original_id"": 1042, ""doc_id"": 17421851, ""doc_title"": ""Expression of interleukin-18 in human atherosclerotic plaques and relation to plaque instability."", ""sentence_indices"": [6], ""is_grounded"": true}"
scifact_train_1042_doc17421851_rat1,Repressing IL-18 has negative effects on atherosclerotic lesion composition and progression.,"CONCLUSIONS These results suggest, for the first time, a major role for IL-18 in atherosclerotic plaque destabilization leading to acute ischemic syndromes.",REFUTES,scifact,PubMed_17421851: Expression of interleukin-18 in human atherosclerotic plaques and relation to plaque instability.,"{""original_id"": 1042, ""doc_id"": 17421851, ""doc_title"": ""Expression of interleukin-18 in human atherosclerotic plaques and relation to plaque instability."", ""sentence_indices"": [7], ""is_grounded"": true}"
scifact_train_1043_doc17671145_rat0,Retinoic acid receptor-related orphan receptor gamma (RORγ) is a therapeutic target for castration-resistant prostate cancer (CRPC),"Finally, ROR-γ antagonists suppressed tumor growth in multiple AR-expressing, but not AR-negative, xenograft PCa models, and they effectively sensitized CRPC tumors to enzalutamide, without overt toxicity, in mice.",SUPPORTS,scifact,PubMed_17671145: ROR-γ drives androgen receptor expression and represents a therapeutic target in castration-resistant prostate cancer,"{""original_id"": 1043, ""doc_id"": 17671145, ""doc_title"": ""ROR-\u03b3 drives androgen receptor expression and represents a therapeutic target in castration-resistant prostate cancer"", ""sentence_indices"": [6], ""is_grounded"": true}"
scifact_train_1043_doc17671145_rat1,Retinoic acid receptor-related orphan receptor gamma (RORγ) is a therapeutic target for castration-resistant prostate cancer (CRPC),"Taken together, these results establish ROR-γ as a key player in CRPC by acting upstream of AR and as a potential therapeutic target for advanced PCa.",SUPPORTS,scifact,PubMed_17671145: ROR-γ drives androgen receptor expression and represents a therapeutic target in castration-resistant prostate cancer,"{""original_id"": 1043, ""doc_id"": 17671145, ""doc_title"": ""ROR-\u03b3 drives androgen receptor expression and represents a therapeutic target in castration-resistant prostate cancer"", ""sentence_indices"": [7], ""is_grounded"": true}"
scifact_train_1044_doc22500262_rat0,Rhythmic expression of Cry1 translates directly into a circadian regulation of cAMP signaling in gluconeogenesis.,"Here we show that Creb activity during fasting is modulated by Cry1 and Cry2, which are rhythmically expressed in the liver.",SUPPORTS,scifact,PubMed_22500262: Cryptochrome Mediates Circadian Regulation of cAMP Signaling and Hepatic Gluconeogenesis,"{""original_id"": 1044, ""doc_id"": 22500262, ""doc_title"": ""Cryptochrome Mediates Circadian Regulation of cAMP Signaling and Hepatic Gluconeogenesis"", ""sentence_indices"": [4], ""is_grounded"": true}"
scifact_train_1044_doc22500262_rat1,Rhythmic expression of Cry1 translates directly into a circadian regulation of cAMP signaling in gluconeogenesis.,"Cry1 expression was elevated during the night-day transition, when it reduced fasting gluconeogenic gene expression by blocking glucagon-mediated increases in intracellular cAMP concentrations and in the protein kinase A-mediated phosphorylation of Creb.",SUPPORTS,scifact,PubMed_22500262: Cryptochrome Mediates Circadian Regulation of cAMP Signaling and Hepatic Gluconeogenesis,"{""original_id"": 1044, ""doc_id"": 22500262, ""doc_title"": ""Cryptochrome Mediates Circadian Regulation of cAMP Signaling and Hepatic Gluconeogenesis"", ""sentence_indices"": [5], ""is_grounded"": true}"
scifact_train_1045_doc22500262_rat0,Rhythmic expression of Cry1 translates directly into a circadian regulation of cAMP signaling in hepatic glucose metabolism.,"Although the underlying mechanism is unclear, hepatic gluconeogenesis is also regulated by the circadian clock, which coordinates glucose metabolism with changes in the external environment. Circadian control of gene expression is achieved by two transcriptional activators, Clock and Bmal1, which stimulate cryptochrome (Cry1 and Cry2) and Period (Per1, Per2 and Per3) repressors that feed back on Clock-Bmal1 activity.",SUPPORTS,scifact,PubMed_22500262: Cryptochrome Mediates Circadian Regulation of cAMP Signaling and Hepatic Gluconeogenesis,"{""original_id"": 1045, ""doc_id"": 22500262, ""doc_title"": ""Cryptochrome Mediates Circadian Regulation of cAMP Signaling and Hepatic Gluconeogenesis"", ""sentence_indices"": [2, 3], ""is_grounded"": true}"
scifact_train_1045_doc22500262_rat1,Rhythmic expression of Cry1 translates directly into a circadian regulation of cAMP signaling in hepatic glucose metabolism.,"Here we show that Creb activity during fasting is modulated by Cry1 and Cry2, which are rhythmically expressed in the liver.",SUPPORTS,scifact,PubMed_22500262: Cryptochrome Mediates Circadian Regulation of cAMP Signaling and Hepatic Gluconeogenesis,"{""original_id"": 1045, ""doc_id"": 22500262, ""doc_title"": ""Cryptochrome Mediates Circadian Regulation of cAMP Signaling and Hepatic Gluconeogenesis"", ""sentence_indices"": [4], ""is_grounded"": true}"
scifact_train_1045_doc22500262_rat2,Rhythmic expression of Cry1 translates directly into a circadian regulation of cAMP signaling in hepatic glucose metabolism.,"Cry1 expression was elevated during the night-day transition, when it reduced fasting gluconeogenic gene expression by blocking glucagon-mediated increases in intracellular cAMP concentrations and in the protein kinase A-mediated phosphorylation of Creb.",SUPPORTS,scifact,PubMed_22500262: Cryptochrome Mediates Circadian Regulation of cAMP Signaling and Hepatic Gluconeogenesis,"{""original_id"": 1045, ""doc_id"": 22500262, ""doc_title"": ""Cryptochrome Mediates Circadian Regulation of cAMP Signaling and Hepatic Gluconeogenesis"", ""sentence_indices"": [5], ""is_grounded"": true}"
scifact_train_1046,Ribosomal protein (RP) expression is controlled in part by stress-activated regulators.,,NOT_ENOUGH_INFO,scifact,"Docs: 418246,4324278,16712164","{""original_id"": 1046, ""cited_doc_ids"": [418246, 4324278, 16712164], ""is_grounded"": false}"
scifact_train_1047,Ribosome-inactivating protein-2 (RIP-2) interacts with the p75 NTR death domain,,NOT_ENOUGH_INFO,scifact,Docs: 14706752,"{""original_id"": 1047, ""cited_doc_ids"": [14706752], ""is_grounded"": false}"
scifact_train_1048_doc12486491_rat0,Ribosomopathies have a high degree of cell and tissue specific pathology.,"Unexpectedly, a ribosomal protein (RP) expression screen reveals dynamic regulation of individual RPs within the vertebrate embryo. Collectively, these findings suggest that RP activity may be highly regulated to impart a new layer of specificity in the control of gene expression and mammalian development.",SUPPORTS,scifact,PubMed_12486491: Ribosome-Mediated Specificity in Hox mRNA Translation and Vertebrate Tissue Patterning,"{""original_id"": 1048, ""doc_id"": 12486491, ""doc_title"": ""Ribosome-Mediated Specificity in Hox mRNA Translation and Vertebrate Tissue Patterning"", ""sentence_indices"": [5, 6], ""is_grounded"": true}"
scifact_train_1050_doc19878070_rat0,Risedronate increases risk of vertebral and non-vertebral fractures.,"Treatment with 5 mg/d of risedronate, compared with placebo, decreased the cumulative incidence of new vertebral fractures by 41 % (95% confidence interval [CI], 18%-58%) over 3 years (11.3 % vs 16.3%; P= .003). The cumulative incidence of nonvertebral fractures over 3 years was reduced by 39% (95% CI, 6%-61 %) (5.2 % vs 8.4%; P = .02).",REFUTES,scifact,PubMed_19878070: Effects of risedronate treatment on vertebral and nonvertebral fractures in women with postmenopausal osteoporosis: a randomized controlled trial. Vertebral Efficacy With Risedronate Therapy (VERT) Study Group.,"{""original_id"": 1050, ""doc_id"": 19878070, ""doc_title"": ""Effects of risedronate treatment on vertebral and nonvertebral fractures in women with postmenopausal osteoporosis: a randomized controlled trial. Vertebral Efficacy With Risedronate Therapy (VERT) Study Group."", ""sentence_indices"": [8, 10], ""is_grounded"": true}"
scifact_train_1052,Rising temperatures caused by global warming increases risk of dengue fever transmission.,,NOT_ENOUGH_INFO,scifact,Docs: 18816720,"{""original_id"": 1052, ""cited_doc_ids"": [18816720], ""is_grounded"": false}"
scifact_train_1053,Rising temperatures caused by global warming lowers the risk of dengue fever transmission.,,NOT_ENOUGH_INFO,scifact,Docs: 18816720,"{""original_id"": 1053, ""cited_doc_ids"": [18816720], ""is_grounded"": false}"
scifact_train_1054_doc10072941_rat0,Risk of cardiovascular events can be cut by a third by using antihypertensive drug therapy among hemodialysis patients.,"Among 1202 patients who we identified in 5 studies, the overall benefit of antihypertensive therapy compared with the control or placebo group had a combined hazard ratio for cardiovascular events of 0.69 (95% CI: 0.56 to 0.84) using a fixed-effects model and 0.62 (95% CI: 0.45 to 0.86) using a random-effects model.",SUPPORTS,scifact,PubMed_10072941: Cardiovascular protection with antihypertensive drugs in dialysis patients: systematic review and meta-analysis.,"{""original_id"": 1054, ""doc_id"": 10072941, ""doc_title"": ""Cardiovascular protection with antihypertensive drugs in dialysis patients: systematic review and meta-analysis."", ""sentence_indices"": [4], ""is_grounded"": true}"
scifact_train_1055_doc13906581_rat0,Risk-adjusted mortality rates are similar in teaching and non-teaching hospitals.,"Synthesis of the available adjusted estimates on mortality yielded a summary relative risk of 0.96 (95% confidence interval [CI], 0.93-1.00) for teaching versus nonteaching healthcare structures and 1.04 (95% CI, 0.99-1.10) for minor teaching versus nonteaching ones.",SUPPORTS,scifact,PubMed_13906581: Patient Outcomes with Teaching Versus Nonteaching Healthcare: A Systematic Review,"{""original_id"": 1055, ""doc_id"": 13906581, ""doc_title"": ""Patient Outcomes with Teaching Versus Nonteaching Healthcare: A Systematic Review"", ""sentence_indices"": [6], ""is_grounded"": true}"
scifact_train_1055_doc13906581_rat1,Risk-adjusted mortality rates are similar in teaching and non-teaching hospitals.,"Conclusions The available data are limited by their nonrandomized design, but overall they do not suggest that a healthcare facility's teaching status on its own markedly improves or worsens patient outcomes.",SUPPORTS,scifact,PubMed_13906581: Patient Outcomes with Teaching Versus Nonteaching Healthcare: A Systematic Review,"{""original_id"": 1055, ""doc_id"": 13906581, ""doc_title"": ""Patient Outcomes with Teaching Versus Nonteaching Healthcare: A Systematic Review"", ""sentence_indices"": [13], ""is_grounded"": true}"
scifact_train_1056_doc4200695_rat0,Rotator cuff exercises are more effective than general exercise therapy in reducing pain and improving function of the shoulder.,There was a significantly greater improvement in the Constant-Murley score in the specific exercise group than in the control exercise group (24 points (95% confidence interval 19 to 28.0) v 9 points (5 to 13); mean difference between group: 15 points (8.5 to 20.6)).,SUPPORTS,scifact,PubMed_4200695: Effect of specific exercise strategy on need for surgery in patients with subacromial impingement syndrome: randomised controlled study,"{""original_id"": 1056, ""doc_id"": 4200695, ""doc_title"": ""Effect of specific exercise strategy on need for surgery in patients with subacromial impingement syndrome: randomised controlled study"", ""sentence_indices"": [11], ""is_grounded"": true}"
scifact_train_1058,Roughly 55% of women with chronic pelvic pain have no underlying pathology.,,NOT_ENOUGH_INFO,scifact,Docs: 13027590,"{""original_id"": 1058, ""cited_doc_ids"": [13027590], ""is_grounded"": false}"
scifact_train_1065_doc20418809_rat0,Satellite cell dysfunction is a key factor in sarcopenia development.,"A detailed analysis of multiple muscles harvested at various time points during aging in different cohorts of these mice showed that the muscles were of normal size, despite low regenerative capacity, but did have increased fibrosis.",REFUTES,scifact,"PubMed_20418809: Inducible depletion of satellite cells in adult, sedentary mice impairs muscle regenerative capacity without affecting sarcopenia","{""original_id"": 1065, ""doc_id"": 20418809, ""doc_title"": ""Inducible depletion of satellite cells in adult, sedentary mice impairs muscle regenerative capacity without affecting sarcopenia"", ""sentence_indices"": [3], ""is_grounded"": true}"
scifact_train_1065_doc20418809_rat1,Satellite cell dysfunction is a key factor in sarcopenia development.,"These results suggest that lifelong reduction of satellite cells neither accelerated nor exacerbated sarcopenia and that satellite cells did not contribute to the maintenance of muscle size or fiber type composition during aging, but that their loss may contribute to age-related muscle fibrosis.",REFUTES,scifact,"PubMed_20418809: Inducible depletion of satellite cells in adult, sedentary mice impairs muscle regenerative capacity without affecting sarcopenia","{""original_id"": 1065, ""doc_id"": 20418809, ""doc_title"": ""Inducible depletion of satellite cells in adult, sedentary mice impairs muscle regenerative capacity without affecting sarcopenia"", ""sentence_indices"": [4], ""is_grounded"": true}"
scifact_train_1067,ScPif1p has higher binding ability to G-rich ssDNA than to non-G-rich ssDNA.,,NOT_ENOUGH_INFO,scifact,Docs: 4429668,"{""original_id"": 1067, ""cited_doc_ids"": [4429668], ""is_grounded"": false}"
scifact_train_1068,ScPif1p has reduced binding ability to G-rich ssDNA compared to non-G-rich ssDNA.,,NOT_ENOUGH_INFO,scifact,Docs: 4429668,"{""original_id"": 1068, ""cited_doc_ids"": [4429668], ""is_grounded"": false}"
scifact_train_1069_doc4200695_rat0,Scapular stabilizer exercises are more effective than general exercise therapy in reducing pain and improving function of the shoulder.,There was a significantly greater improvement in the Constant-Murley score in the specific exercise group than in the control exercise group (24 points (95% confidence interval 19 to 28.0) v 9 points (5 to 13); mean difference between group: 15 points (8.5 to 20.6)).,SUPPORTS,scifact,PubMed_4200695: Effect of specific exercise strategy on need for surgery in patients with subacromial impingement syndrome: randomised controlled study,"{""original_id"": 1069, ""doc_id"": 4200695, ""doc_title"": ""Effect of specific exercise strategy on need for surgery in patients with subacromial impingement syndrome: randomised controlled study"", ""sentence_indices"": [11], ""is_grounded"": true}"
scifact_train_1069_doc4200695_rat1,Scapular stabilizer exercises are more effective than general exercise therapy in reducing pain and improving function of the shoulder.,"Significantly more patients in the specific exercise group reported successful outcome (defined as large improvement or recovered) in the patients' global assessment of change because of treatment: 69% (35/51) v 24% (11/46); odds ratio 7.6, 3.1 to 18.9; P<0.001.",SUPPORTS,scifact,PubMed_4200695: Effect of specific exercise strategy on need for surgery in patients with subacromial impingement syndrome: randomised controlled study,"{""original_id"": 1069, ""doc_id"": 4200695, ""doc_title"": ""Effect of specific exercise strategy on need for surgery in patients with subacromial impingement syndrome: randomised controlled study"", ""sentence_indices"": [12], ""is_grounded"": true}"
scifact_train_1069_doc4200695_rat2,Scapular stabilizer exercises are more effective than general exercise therapy in reducing pain and improving function of the shoulder.,"CONCLUSION A specific exercise strategy, focusing on strengthening eccentric exercises for the rotator cuff and concentric/eccentric exercises for the scapula stabilisers, is effective in reducing pain and improving shoulder function in patients with persistent subacromial impingement syndrome.",SUPPORTS,scifact,PubMed_4200695: Effect of specific exercise strategy on need for surgery in patients with subacromial impingement syndrome: randomised controlled study,"{""original_id"": 1069, ""doc_id"": 4200695, ""doc_title"": ""Effect of specific exercise strategy on need for surgery in patients with subacromial impingement syndrome: randomised controlled study"", ""sentence_indices"": [14], ""is_grounded"": true}"
scifact_train_1070,Self-advocacy training is effective at decreasing homelessness.,,NOT_ENOUGH_INFO,scifact,Docs: 25649714,"{""original_id"": 1070, ""cited_doc_ids"": [25649714], ""is_grounded"": false}"
scifact_train_1072_doc4824840_rat0,Sepsis related mortality has remained stable between 2009-2014.,"In-hospital mortality using clinical criteria declined (−3.3%/y [95% CI, −5.6% to −1.0%], P = .004), but there was no significant change in the combined outcome of death or discharge to hospice (−1.3%/y [95% CI, −3.2% to 0.6%], P = .19).",SUPPORTS,scifact,"PubMed_4824840: Incidence and Trends of Sepsis in US Hospitals Using Clinical vs Claims Data, 2009-2014","{""original_id"": 1072, ""doc_id"": 4824840, ""doc_title"": ""Incidence and Trends of Sepsis in US Hospitals Using Clinical vs Claims Data, 2009-2014"", ""sentence_indices"": [10], ""is_grounded"": true}"
scifact_train_1072_doc4824840_rat1,Sepsis related mortality has remained stable between 2009-2014.,"Conclusions and Relevance In clinical data from 409 hospitals, sepsis was present in 6% of adult hospitalizations, and in contrast to claims-based analyses, neither the incidence of sepsis nor the combined outcome of death or discharge to hospice changed significantly between 2009-2014.",SUPPORTS,scifact,"PubMed_4824840: Incidence and Trends of Sepsis in US Hospitals Using Clinical vs Claims Data, 2009-2014","{""original_id"": 1072, ""doc_id"": 4824840, ""doc_title"": ""Incidence and Trends of Sepsis in US Hospitals Using Clinical vs Claims Data, 2009-2014"", ""sentence_indices"": [13], ""is_grounded"": true}"
scifact_train_1073_doc4824840_rat0,Sepsis related mortality has risen from 2009 to 2014.,"In-hospital mortality using clinical criteria declined (−3.3%/y [95% CI, −5.6% to −1.0%], P = .004), but there was no significant change in the combined outcome of death or discharge to hospice (−1.3%/y [95% CI, −3.2% to 0.6%], P = .19).",REFUTES,scifact,"PubMed_4824840: Incidence and Trends of Sepsis in US Hospitals Using Clinical vs Claims Data, 2009-2014","{""original_id"": 1073, ""doc_id"": 4824840, ""doc_title"": ""Incidence and Trends of Sepsis in US Hospitals Using Clinical vs Claims Data, 2009-2014"", ""sentence_indices"": [10], ""is_grounded"": true}"
scifact_train_1073_doc4824840_rat1,Sepsis related mortality has risen from 2009 to 2014.,"Conclusions and Relevance In clinical data from 409 hospitals, sepsis was present in 6% of adult hospitalizations, and in contrast to claims-based analyses, neither the incidence of sepsis nor the combined outcome of death or discharge to hospice changed significantly between 2009-2014.",REFUTES,scifact,"PubMed_4824840: Incidence and Trends of Sepsis in US Hospitals Using Clinical vs Claims Data, 2009-2014","{""original_id"": 1073, ""doc_id"": 4824840, ""doc_title"": ""Incidence and Trends of Sepsis in US Hospitals Using Clinical vs Claims Data, 2009-2014"", ""sentence_indices"": [13], ""is_grounded"": true}"
scifact_train_1074,Sequence conservation in gene regulatory regions between species is a high-accuracy predictor of conserved functionality.,,NOT_ENOUGH_INFO,scifact,Docs: 14658685,"{""original_id"": 1074, ""cited_doc_ids"": [14658685], ""is_grounded"": false}"
scifact_train_1075,Sequence conservation in gene regulatory regions between species is a poor predictor of conserved functionality.,,NOT_ENOUGH_INFO,scifact,Docs: 14658685,"{""original_id"": 1075, ""cited_doc_ids"": [14658685], ""is_grounded"": false}"
scifact_train_1081_doc5691302_rat0,Side effects associated with antidepressants do not represent a mortality risk to postmenopausal women.,"The group of other antidepressants was associated with the highest adjusted hazard ratios for all cause mortality (1.66, 1.56 to 1.77), attempted suicide/self harm (5.16, 3.90 to 6.83), stroke/transient ischaemic attack (1.37, 1.22 to 1.55), fracture (1.64, 1.46 to 1.84), and epilepsy/seizures (2.24, 1.60 to 3.15), compared with when antidepressants were not being used.",REFUTES,scifact,PubMed_5691302: Antidepressant use and risk of adverse outcomes in older people: population based cohort study,"{""original_id"": 1081, ""doc_id"": 5691302, ""doc_title"": ""Antidepressant use and risk of adverse outcomes in older people: population based cohort study"", ""sentence_indices"": [10], ""is_grounded"": true}"
scifact_train_1081_doc5691302_rat1,Side effects associated with antidepressants do not represent a mortality risk to postmenopausal women.,"Absolute risks over 1 year for all cause mortality were 7.04% for patients while not taking antidepressants, 8.12% for those taking tricyclic antidepressants, 10.61% for selective serotonin reuptake inhibitors, and 11.43% for other antidepressants.",REFUTES,scifact,PubMed_5691302: Antidepressant use and risk of adverse outcomes in older people: population based cohort study,"{""original_id"": 1081, ""doc_id"": 5691302, ""doc_title"": ""Antidepressant use and risk of adverse outcomes in older people: population based cohort study"", ""sentence_indices"": [13], ""is_grounded"": true}"
scifact_train_1084_doc5691302_rat0,Side effects associated with antidepressants increases risk of stroke.,"The group of other antidepressants was associated with the highest adjusted hazard ratios for all cause mortality (1.66, 1.56 to 1.77), attempted suicide/self harm (5.16, 3.90 to 6.83), stroke/transient ischaemic attack (1.37, 1.22 to 1.55), fracture (1.64, 1.46 to 1.84), and epilepsy/seizures (2.24, 1.60 to 3.15), compared with when antidepressants were not being used.",SUPPORTS,scifact,PubMed_5691302: Antidepressant use and risk of adverse outcomes in older people: population based cohort study,"{""original_id"": 1084, ""doc_id"": 5691302, ""doc_title"": ""Antidepressant use and risk of adverse outcomes in older people: population based cohort study"", ""sentence_indices"": [10], ""is_grounded"": true}"
scifact_train_1085,Side effects associated with antidepressants lower risk of myocardial infarction.,,NOT_ENOUGH_INFO,scifact,Docs: 5691302,"{""original_id"": 1085, ""cited_doc_ids"": [5691302], ""is_grounded"": false}"
scifact_train_1087_doc39281140_rat0,Sildenafil worsens erectile function in men who experience sexual dysfunction as a result of the use of SSRI antidepressants.,"Erectile function, arousal, ejaculation, orgasm, and overall satisfaction domain measures improved significantly in sildenafil compared with placebo patients.",REFUTES,scifact,PubMed_39281140: Treatment of antidepressant-associated sexual dysfunction with sildenafil: a randomized controlled trial.,"{""original_id"": 1087, ""doc_id"": 39281140, ""doc_title"": ""Treatment of antidepressant-associated sexual dysfunction with sildenafil: a randomized controlled trial."", ""sentence_indices"": [7], ""is_grounded"": true}"
scifact_train_1087_doc39281140_rat1,Sildenafil worsens erectile function in men who experience sexual dysfunction as a result of the use of SSRI antidepressants.,"CONCLUSION In our study, sildenafil effectively improved erectile function and other aspects of sexual function in men with sexual dysfunction associated with the use of SRI antidepressants.",REFUTES,scifact,PubMed_39281140: Treatment of antidepressant-associated sexual dysfunction with sildenafil: a randomized controlled trial.,"{""original_id"": 1087, ""doc_id"": 39281140, ""doc_title"": ""Treatment of antidepressant-associated sexual dysfunction with sildenafil: a randomized controlled trial."", ""sentence_indices"": [9], ""is_grounded"": true}"
scifact_train_1090_doc17628888_rat0,Smc5/6 engagment halts the activation of SUMO E3 ligase Mms21 by ATP-dependent remolding.,"In accordance, scanning force microscopy of the Smc5-Mms21 heterodimer shows that the molecule is physically remodeled in an ATP-dependent manner.",REFUTES,scifact,PubMed_17628888: ATPase-Dependent Control of the Mms21 SUMO Ligase during DNA Repair,"{""original_id"": 1090, ""doc_id"": 17628888, ""doc_title"": ""ATPase-Dependent Control of the Mms21 SUMO Ligase during DNA Repair"", ""sentence_indices"": [7], ""is_grounded"": true}"
scifact_train_1091,Sn is present on mature DCs during inflammation in vivo.,,NOT_ENOUGH_INFO,scifact,Docs: 2603304,"{""original_id"": 1091, ""cited_doc_ids"": [2603304], ""is_grounded"": false}"
scifact_train_1096,Specialized functional cell types can be derived from human pluripotent stem cells.,,NOT_ENOUGH_INFO,scifact,Docs: 29638116,"{""original_id"": 1096, ""cited_doc_ids"": [29638116], ""is_grounded"": false}"
scifact_train_1097_doc26851674_rat0,Splenomegaly is observed in knockin mouse lacking the SHP-2 MAPK pathway.,The SHP2 signal-deficient mice (gp130F759/F759 were born normal but displayed splenomegaly and lymphadenopathy and an enhanced acute phase reaction.,SUPPORTS,scifact,PubMed_26851674: Dissection of signaling cascades through gp130 in vivo: reciprocal roles for STAT3- and SHP2-mediated signals in immune responses.,"{""original_id"": 1097, ""doc_id"": 26851674, ""doc_title"": ""Dissection of signaling cascades through gp130 in vivo: reciprocal roles for STAT3- and SHP2-mediated signals in immune responses."", ""sentence_indices"": [1], ""is_grounded"": true}"
scifact_train_1098,Stacking is more stable when a purine is present in the +5 position (C1698).,,NOT_ENOUGH_INFO,scifact,Docs: 13552682,"{""original_id"": 1098, ""cited_doc_ids"": [13552682], ""is_grounded"": false}"
scifact_train_1101_doc3874000_rat0,Stiff substrates encourage mesodermal differentiation by degrading beta-catenin in an integrin-dependent manner.,"By contrast, on a stiff hydrogel matrix, hESCs show elevated integrin-dependent GSK3 and Src activity that promotes β-catenin degradation and inhibits differentiation.",REFUTES,scifact,PubMed_3874000: Tissue Mechanics Orchestrate Wnt-Dependent Human Embryonic Stem Cell Differentiation.,"{""original_id"": 1101, ""doc_id"": 3874000, ""doc_title"": ""Tissue Mechanics Orchestrate Wnt-Dependent Human Embryonic Stem Cell Differentiation."", ""sentence_indices"": [5], ""is_grounded"": true}"
scifact_train_1102_doc3874000_rat0,Stiff substrates inhibit mesodermal differentiation by degrading beta-catenin in an integrin-dependent manner.,"By contrast, on a stiff hydrogel matrix, hESCs show elevated integrin-dependent GSK3 and Src activity that promotes β-catenin degradation and inhibits differentiation.",SUPPORTS,scifact,PubMed_3874000: Tissue Mechanics Orchestrate Wnt-Dependent Human Embryonic Stem Cell Differentiation.,"{""original_id"": 1102, ""doc_id"": 3874000, ""doc_title"": ""Tissue Mechanics Orchestrate Wnt-Dependent Human Embryonic Stem Cell Differentiation."", ""sentence_indices"": [5], ""is_grounded"": true}"
scifact_train_1103_doc3898784_rat0,Stroke patients with prior use of direct oral anticoagulants have a higher risk of in-hospital mortality than stroke patients with prior use of warfarin.,"The unadjusted in-hospital mortality rates were 32.6% for warfarin, 26.5% for NOACs, and 22.5% for no OACs.",REFUTES,scifact,PubMed_3898784: Association of Intracerebral Hemorrhage Among Patients Taking Non–Vitamin K Antagonist vs Vitamin K Antagonist Oral Anticoagulants With In-Hospital Mortality,"{""original_id"": 1103, ""doc_id"": 3898784, ""doc_title"": ""Association of Intracerebral Hemorrhage Among Patients Taking Non\u2013Vitamin K Antagonist vs Vitamin K Antagonist Oral Anticoagulants With In-Hospital Mortality"", ""sentence_indices"": [8], ""is_grounded"": true}"
scifact_train_1103_doc3898784_rat1,Stroke patients with prior use of direct oral anticoagulants have a higher risk of in-hospital mortality than stroke patients with prior use of warfarin.,"Compared with patients without prior use of OACs, the risk of in-hospital mortality was higher among patients with prior use of warfarin (adjusted risk difference [ARD], 9.0% [97.5% CI, 7.9% to 10.1%]; adjusted odds ratio [AOR], 1.62 [97.5% CI, 1.53 to 1.71]) and higher among patients with prior use of NOACs (ARD, 3.3% [97.5% CI, 1.7% to 4.8%]; AOR, 1.21 [97.5% CI, 1.11-1.32]).",REFUTES,scifact,PubMed_3898784: Association of Intracerebral Hemorrhage Among Patients Taking Non–Vitamin K Antagonist vs Vitamin K Antagonist Oral Anticoagulants With In-Hospital Mortality,"{""original_id"": 1103, ""doc_id"": 3898784, ""doc_title"": ""Association of Intracerebral Hemorrhage Among Patients Taking Non\u2013Vitamin K Antagonist vs Vitamin K Antagonist Oral Anticoagulants With In-Hospital Mortality"", ""sentence_indices"": [9], ""is_grounded"": true}"
scifact_train_1103_doc3898784_rat2,Stroke patients with prior use of direct oral anticoagulants have a higher risk of in-hospital mortality than stroke patients with prior use of warfarin.,"Compared with patients with prior use of warfarin, patients with prior use of NOACs had a lower risk of in-hospital mortality (ARD, −5.7% [97.5% CI, −7.3% to −4.2%]; AOR, 0.75 [97.5% CI, 0.69 to 0.81]).",REFUTES,scifact,PubMed_3898784: Association of Intracerebral Hemorrhage Among Patients Taking Non–Vitamin K Antagonist vs Vitamin K Antagonist Oral Anticoagulants With In-Hospital Mortality,"{""original_id"": 1103, ""doc_id"": 3898784, ""doc_title"": ""Association of Intracerebral Hemorrhage Among Patients Taking Non\u2013Vitamin K Antagonist vs Vitamin K Antagonist Oral Anticoagulants With In-Hospital Mortality"", ""sentence_indices"": [10], ""is_grounded"": true}"
scifact_train_1103_doc3898784_rat3,Stroke patients with prior use of direct oral anticoagulants have a higher risk of in-hospital mortality than stroke patients with prior use of warfarin.,"Prior use of NOACs, compared with prior use of warfarin, was associated with lower risk of in-hospital mortality.",REFUTES,scifact,PubMed_3898784: Association of Intracerebral Hemorrhage Among Patients Taking Non–Vitamin K Antagonist vs Vitamin K Antagonist Oral Anticoagulants With In-Hospital Mortality,"{""original_id"": 1103, ""doc_id"": 3898784, ""doc_title"": ""Association of Intracerebral Hemorrhage Among Patients Taking Non\u2013Vitamin K Antagonist vs Vitamin K Antagonist Oral Anticoagulants With In-Hospital Mortality"", ""sentence_indices"": [13], ""is_grounded"": true}"
scifact_train_1105_doc6710713_rat0,Students who perform poorly in the early years of medical school are at increased risk for professional misconduct later in their careers.,"RESULTS Univariate conditional logistic regression analysis found that cases were more likely to be men, to be of lower estimated social class, and to have had academic difficulties during their medical course, especially in the early years.",SUPPORTS,scifact,PubMed_6710713: Risk factors at medical school for subsequent professional misconduct: multicentre retrospective case-control study,"{""original_id"": 1105, ""doc_id"": 6710713, ""doc_title"": ""Risk factors at medical school for subsequent professional misconduct: multicentre retrospective case-control study"", ""sentence_indices"": [7], ""is_grounded"": true}"
scifact_train_1105_doc6710713_rat1,Students who perform poorly in the early years of medical school are at increased risk for professional misconduct later in their careers.,"Multivariable analysis showed that male sex (odds ratio 9.80, 95% confidence interval 2.43 to 39.44, P=0.001), lower social class (4.28, 1.52 to 12.09, P=0.006), and failure of early or preclinical examinations (5.47, 2.17 to 13.79, P<0.001) were independently associated with being a case.",SUPPORTS,scifact,PubMed_6710713: Risk factors at medical school for subsequent professional misconduct: multicentre retrospective case-control study,"{""original_id"": 1105, ""doc_id"": 6710713, ""doc_title"": ""Risk factors at medical school for subsequent professional misconduct: multicentre retrospective case-control study"", ""sentence_indices"": [8], ""is_grounded"": true}"
scifact_train_1105_doc6710713_rat2,Students who perform poorly in the early years of medical school are at increased risk for professional misconduct later in their careers.,"CONCLUSIONS This small study suggests that male sex, a lower socioeconomic background, and early academic difficulties at medical school could be risk factors for subsequent professional misconduct.",SUPPORTS,scifact,PubMed_6710713: Risk factors at medical school for subsequent professional misconduct: multicentre retrospective case-control study,"{""original_id"": 1105, ""doc_id"": 6710713, ""doc_title"": ""Risk factors at medical school for subsequent professional misconduct: multicentre retrospective case-control study"", ""sentence_indices"": [9], ""is_grounded"": true}"
scifact_train_1106_doc6710713_rat0,Students who perform poorly in the early years of medical school are less likely to commit professional misconduct later in their careers.,"RESULTS Univariate conditional logistic regression analysis found that cases were more likely to be men, to be of lower estimated social class, and to have had academic difficulties during their medical course, especially in the early years.",REFUTES,scifact,PubMed_6710713: Risk factors at medical school for subsequent professional misconduct: multicentre retrospective case-control study,"{""original_id"": 1106, ""doc_id"": 6710713, ""doc_title"": ""Risk factors at medical school for subsequent professional misconduct: multicentre retrospective case-control study"", ""sentence_indices"": [7], ""is_grounded"": true}"
scifact_train_1106_doc6710713_rat1,Students who perform poorly in the early years of medical school are less likely to commit professional misconduct later in their careers.,"Multivariable analysis showed that male sex (odds ratio 9.80, 95% confidence interval 2.43 to 39.44, P=0.001), lower social class (4.28, 1.52 to 12.09, P=0.006), and failure of early or preclinical examinations (5.47, 2.17 to 13.79, P<0.001) were independently associated with being a case.",REFUTES,scifact,PubMed_6710713: Risk factors at medical school for subsequent professional misconduct: multicentre retrospective case-control study,"{""original_id"": 1106, ""doc_id"": 6710713, ""doc_title"": ""Risk factors at medical school for subsequent professional misconduct: multicentre retrospective case-control study"", ""sentence_indices"": [8], ""is_grounded"": true}"
scifact_train_1106_doc6710713_rat2,Students who perform poorly in the early years of medical school are less likely to commit professional misconduct later in their careers.,"CONCLUSIONS This small study suggests that male sex, a lower socioeconomic background, and early academic difficulties at medical school could be risk factors for subsequent professional misconduct.",REFUTES,scifact,PubMed_6710713: Risk factors at medical school for subsequent professional misconduct: multicentre retrospective case-control study,"{""original_id"": 1106, ""doc_id"": 6710713, ""doc_title"": ""Risk factors at medical school for subsequent professional misconduct: multicentre retrospective case-control study"", ""sentence_indices"": [9], ""is_grounded"": true}"
scifact_train_1109_doc13770184_rat0,Suboptimal nutrition is a leading cause of premature death,"In 2015, the ten largest contributors to global DALYs among Level 3 risks were high systolic blood pressure (211·8 million [192·7 million to 231·1 million] global DALYs), smoking (148·6 million [134·2 million to 163·1 million]), high fasting plasma glucose (143·1 million [125·1 million to 163·5 million]), high BMI (120·1 million [83·8 million to 158·4 million]), childhood undernutrition (113·3 million [103·9 million to 123·4 million]), ambient particulate matter (103·1 million [90·8 million to 115·1 million]), high total cholesterol (88·7 million [74·6 million to 105·7 million]), household air pollution (85·6 million [66·7 million to 106·1 million]), alcohol use (85·0 million [77·2 million to 93·0 million]), and diets high in sodium (83·0 million [49·3 million to 127·5 million]).",SUPPORTS,scifact,"PubMed_13770184: Global, regional, and national comparative risk assessment of 79 behavioural, environmental and occupational, and metabolic risks or clusters of risks, 1990–2015: a systematic analysis for the Global Burden of Disease Study 2015","{""original_id"": 1109, ""doc_id"": 13770184, ""doc_title"": ""Global, regional, and national comparative risk assessment of 79 behavioural, environmental and occupational, and metabolic risks or clusters of risks, 1990\u20132015: a systematic analysis for the Global Burden of Disease Study 2015"", ""sentence_indices"": [13], ""is_grounded"": true}"
scifact_train_1109_doc8582337_rat0,Suboptimal nutrition is a leading cause of premature death,"The leading risk factors related to DALYs were dietary risks, tobacco smoking, high body mass index, high blood pressure, high fasting plasma glucose, physical inactivity, and alcohol use.",SUPPORTS,scifact,"PubMed_8582337: The state of US health, 1990-2010: burden of diseases, injuries, and risk factors.","{""original_id"": 1109, ""doc_id"": 8582337, ""doc_title"": ""The state of US health, 1990-2010: burden of diseases, injuries, and risk factors."", ""sentence_indices"": [13], ""is_grounded"": true}"
scifact_train_1111,Sudden death can occur in patients with complex ventricular arrhythmias.,,NOT_ENOUGH_INFO,scifact,Docs: 1686881,"{""original_id"": 1111, ""cited_doc_ids"": [1686881], ""is_grounded"": false}"
scifact_train_1112,Sudden death can occur in patients with orthostatic hypertension without cardiac conduction abnormalities.,,NOT_ENOUGH_INFO,scifact,Docs: 1686881,"{""original_id"": 1112, ""cited_doc_ids"": [1686881], ""is_grounded"": false}"
scifact_train_1114_doc12824568_rat0,"Surfactin producing cells and exopolymer producing cells cooperate to generate ""Van Gogh"" bundles that have sliding abilities on specialized media.",The formation of van Gogh bundles depends critically on the synergistic interaction of surfactin-producing and matrix-producing cells.,SUPPORTS,scifact,PubMed_12824568: From Cell Differentiation to Cell Collectives: Bacillus subtilis Uses Division of Labor to Migrate,"{""original_id"": 1114, ""doc_id"": 12824568, ""doc_title"": ""From Cell Differentiation to Cell Collectives: Bacillus subtilis Uses Division of Labor to Migrate"", ""sentence_indices"": [6], ""is_grounded"": true}"
scifact_train_1114_doc12824568_rat1,"Surfactin producing cells and exopolymer producing cells cooperate to generate ""Van Gogh"" bundles that have sliding abilities on specialized media.","We propose that surfactin-producing cells reduce the friction between cells and their substrate, thereby facilitating matrix-producing cells to form bundles.",SUPPORTS,scifact,PubMed_12824568: From Cell Differentiation to Cell Collectives: Bacillus subtilis Uses Division of Labor to Migrate,"{""original_id"": 1114, ""doc_id"": 12824568, ""doc_title"": ""From Cell Differentiation to Cell Collectives: Bacillus subtilis Uses Division of Labor to Migrate"", ""sentence_indices"": [7], ""is_grounded"": true}"
scifact_train_1115_doc44048701_rat0,Surgical treatment is not superior to non-surgical in treating adults with displaced fractures of the proximal humerus.,"RESULTS There was no significant mean treatment group difference in the Oxford Shoulder Score averaged over 2 years (39.07 points for the surgical group vs 38.32 points for the nonsurgical group; difference of 0.75 points [95% CI, -1.33 to 2.84 points]; P = .48) or at individual time points.",SUPPORTS,scifact,PubMed_44048701: Surgical vs nonsurgical treatment of adults with displaced fractures of the proximal humerus: the PROFHER randomized clinical trial.,"{""original_id"": 1115, ""doc_id"": 44048701, ""doc_title"": ""Surgical vs nonsurgical treatment of adults with displaced fractures of the proximal humerus: the PROFHER randomized clinical trial."", ""sentence_indices"": [11], ""is_grounded"": true}"
scifact_train_1115_doc44048701_rat1,Surgical treatment is not superior to non-surgical in treating adults with displaced fractures of the proximal humerus.,"There were also no significant between-group differences over 2 years in the mean SF-12 physical component score (surgical group: 1.77 points higher [95% CI, -0.84 to 4.39 points];",SUPPORTS,scifact,PubMed_44048701: Surgical vs nonsurgical treatment of adults with displaced fractures of the proximal humerus: the PROFHER randomized clinical trial.,"{""original_id"": 1115, ""doc_id"": 44048701, ""doc_title"": ""Surgical vs nonsurgical treatment of adults with displaced fractures of the proximal humerus: the PROFHER randomized clinical trial."", ""sentence_indices"": [12], ""is_grounded"": true}"
scifact_train_1115_doc44048701_rat2,Surgical treatment is not superior to non-surgical in treating adults with displaced fractures of the proximal humerus.,"P = .18); the mean SF-12 mental component score (surgical group: 1.28 points lower [95% CI, -3.80 to 1.23 points]; P = .32); complications related to surgery or shoulder fracture (30 patients in surgical group vs 23 patients in nonsurgical group; P = .28), requiring secondary surgery to the shoulder (11 patients in both groups), and increased or new shoulder-related therapy (7 patients vs 4 patients, respectively; P = .58); and mortality (9 patients vs 5 patients; P = .27).",SUPPORTS,scifact,PubMed_44048701: Surgical vs nonsurgical treatment of adults with displaced fractures of the proximal humerus: the PROFHER randomized clinical trial.,"{""original_id"": 1115, ""doc_id"": 44048701, ""doc_title"": ""Surgical vs nonsurgical treatment of adults with displaced fractures of the proximal humerus: the PROFHER randomized clinical trial."", ""sentence_indices"": [13], ""is_grounded"": true}"
scifact_train_1115_doc44048701_rat3,Surgical treatment is not superior to non-surgical in treating adults with displaced fractures of the proximal humerus.,"CONCLUSIONS AND RELEVANCE Among patients with displaced proximal humeral fractures involving the surgical neck, there was no significant difference between surgical treatment compared with nonsurgical treatment in patient-reported clinical outcomes over 2 years following fracture occurrence.",SUPPORTS,scifact,PubMed_44048701: Surgical vs nonsurgical treatment of adults with displaced fractures of the proximal humerus: the PROFHER randomized clinical trial.,"{""original_id"": 1115, ""doc_id"": 44048701, ""doc_title"": ""Surgical vs nonsurgical treatment of adults with displaced fractures of the proximal humerus: the PROFHER randomized clinical trial."", ""sentence_indices"": [15], ""is_grounded"": true}"
scifact_train_1118,Sweet taste receptors on the tongue are deactivated by between 1 and 10 mM glucose.,,NOT_ENOUGH_INFO,scifact,Docs: 23351136,"{""original_id"": 1118, ""cited_doc_ids"": [23351136], ""is_grounded"": false}"
scifact_train_1119_doc5323845_rat0,Sympathetic nerve activity is elevated throughout normal pregnancy.,The s-MSNA in NP (38+/-6.6 impulses/100 beats) was greater (P<0.05) than in NN women (19+/-1.8 impulses/100 beats) despite similar age and body weight but less than in PIH women (P<0.001) (146+/-23.5 impulses/100 beats).,SUPPORTS,scifact,PubMed_5323845: Sympathetic neural mechanisms in normal and hypertensive pregnancy in humans.,"{""original_id"": 1119, ""doc_id"": 5323845, ""doc_title"": ""Sympathetic neural mechanisms in normal and hypertensive pregnancy in humans."", ""sentence_indices"": [4], ""is_grounded"": true}"
scifact_train_1119_doc5323845_rat1,Sympathetic nerve activity is elevated throughout normal pregnancy.,"The findings suggest that the moderate sympathetic hyperactivity during the latter months of normal pregnancy may help to return the arterial pressure to nonpregnant levels, although when the increase in activity is excessive, hypertension may ensue.",SUPPORTS,scifact,PubMed_5323845: Sympathetic neural mechanisms in normal and hypertensive pregnancy in humans.,"{""original_id"": 1119, ""doc_id"": 5323845, ""doc_title"": ""Sympathetic neural mechanisms in normal and hypertensive pregnancy in humans."", ""sentence_indices"": [10], ""is_grounded"": true}"
scifact_train_1119_doc18997216_rat0,Sympathetic nerve activity is elevated throughout normal pregnancy.,"Muscle sympathetic nerve activity is increased during normotensive pregnancy while mean arterial pressure is maintained or reduced, suggesting baroreflex resetting.",SUPPORTS,scifact,PubMed_18997216: Sympathetic baroreflex gain in normotensive pregnant women.,"{""original_id"": 1119, ""doc_id"": 18997216, ""doc_title"": ""Sympathetic baroreflex gain in normotensive pregnant women."", ""sentence_indices"": [0], ""is_grounded"": true}"
scifact_train_1119_doc18997216_rat1,Sympathetic nerve activity is elevated throughout normal pregnancy.,"Pregnant women had elevated baseline sympathetic burst incidence (43 ± 2 vs. 33 ± 2 bursts/100 heart beats, P = 0.01) and total sympathetic activity (1,811 ± 148 vs. 1,140 ± 55 au, P < 0.01) relative to controls.",SUPPORTS,scifact,PubMed_18997216: Sympathetic baroreflex gain in normotensive pregnant women.,"{""original_id"": 1119, ""doc_id"": 18997216, ""doc_title"": ""Sympathetic baroreflex gain in normotensive pregnant women."", ""sentence_indices"": [3], ""is_grounded"": true}"
scifact_train_1119_doc13907928_rat0,Sympathetic nerve activity is elevated throughout normal pregnancy.,Sympathetic activation was greater across all 3 minutes of cold pressor stimulation in the pregnant women relative to the nonpregnant controls.,SUPPORTS,scifact,PubMed_13907928: Regulation of sympathetic nerve activity during the cold pressor test in normotensive pregnant and nonpregnant women.,"{""original_id"": 1119, ""doc_id"": 13907928, ""doc_title"": ""Regulation of sympathetic nerve activity during the cold pressor test in normotensive pregnant and nonpregnant women."", ""sentence_indices"": [3], ""is_grounded"": true}"
scifact_train_1119_doc13907928_rat1,Sympathetic nerve activity is elevated throughout normal pregnancy.,"Peak sympathoexcitation was also greater in pregnant than in nonpregnant women, whether expressed as sympathetic burst frequency (+17±13 versus +7±8 bursts/min, P=0.049), burst incidence (+17±9 versus +6±11 bursts/100 hb, P=0.03), or total activity (+950±660 versus +363±414 arbitrary units, P=0.04).",SUPPORTS,scifact,PubMed_13907928: Regulation of sympathetic nerve activity during the cold pressor test in normotensive pregnant and nonpregnant women.,"{""original_id"": 1119, ""doc_id"": 13907928, ""doc_title"": ""Regulation of sympathetic nerve activity during the cold pressor test in normotensive pregnant and nonpregnant women."", ""sentence_indices"": [4], ""is_grounded"": true}"
scifact_train_1120_doc5323845_rat0,Sympathetic nerve activity is reduced throughout normal pregnancy.,The s-MSNA in NP (38+/-6.6 impulses/100 beats) was greater (P<0.05) than in NN women (19+/-1.8 impulses/100 beats) despite similar age and body weight but less than in PIH women (P<0.001) (146+/-23.5 impulses/100 beats).,REFUTES,scifact,PubMed_5323845: Sympathetic neural mechanisms in normal and hypertensive pregnancy in humans.,"{""original_id"": 1120, ""doc_id"": 5323845, ""doc_title"": ""Sympathetic neural mechanisms in normal and hypertensive pregnancy in humans."", ""sentence_indices"": [4], ""is_grounded"": true}"
scifact_train_1120_doc5323845_rat1,Sympathetic nerve activity is reduced throughout normal pregnancy.,"The findings suggest that the moderate sympathetic hyperactivity during the latter months of normal pregnancy may help to return the arterial pressure to nonpregnant levels, although when the increase in activity is excessive, hypertension may ensue.",REFUTES,scifact,PubMed_5323845: Sympathetic neural mechanisms in normal and hypertensive pregnancy in humans.,"{""original_id"": 1120, ""doc_id"": 5323845, ""doc_title"": ""Sympathetic neural mechanisms in normal and hypertensive pregnancy in humans."", ""sentence_indices"": [10], ""is_grounded"": true}"
scifact_train_1120_doc18997216_rat0,Sympathetic nerve activity is reduced throughout normal pregnancy.,"Muscle sympathetic nerve activity is increased during normotensive pregnancy while mean arterial pressure is maintained or reduced, suggesting baroreflex resetting.",REFUTES,scifact,PubMed_18997216: Sympathetic baroreflex gain in normotensive pregnant women.,"{""original_id"": 1120, ""doc_id"": 18997216, ""doc_title"": ""Sympathetic baroreflex gain in normotensive pregnant women."", ""sentence_indices"": [0], ""is_grounded"": true}"
scifact_train_1120_doc18997216_rat1,Sympathetic nerve activity is reduced throughout normal pregnancy.,"Pregnant women had elevated baseline sympathetic burst incidence (43 ± 2 vs. 33 ± 2 bursts/100 heart beats, P = 0.01) and total sympathetic activity (1,811 ± 148 vs. 1,140 ± 55 au, P < 0.01) relative to controls.",REFUTES,scifact,PubMed_18997216: Sympathetic baroreflex gain in normotensive pregnant women.,"{""original_id"": 1120, ""doc_id"": 18997216, ""doc_title"": ""Sympathetic baroreflex gain in normotensive pregnant women."", ""sentence_indices"": [3], ""is_grounded"": true}"
scifact_train_1120_doc13907928_rat0,Sympathetic nerve activity is reduced throughout normal pregnancy.,Sympathetic activation was greater across all 3 minutes of cold pressor stimulation in the pregnant women relative to the nonpregnant controls.,REFUTES,scifact,PubMed_13907928: Regulation of sympathetic nerve activity during the cold pressor test in normotensive pregnant and nonpregnant women.,"{""original_id"": 1120, ""doc_id"": 13907928, ""doc_title"": ""Regulation of sympathetic nerve activity during the cold pressor test in normotensive pregnant and nonpregnant women."", ""sentence_indices"": [3], ""is_grounded"": true}"
scifact_train_1120_doc13907928_rat1,Sympathetic nerve activity is reduced throughout normal pregnancy.,"Peak sympathoexcitation was also greater in pregnant than in nonpregnant women, whether expressed as sympathetic burst frequency (+17±13 versus +7±8 bursts/min, P=0.049), burst incidence (+17±9 versus +6±11 bursts/100 hb, P=0.03), or total activity (+950±660 versus +363±414 arbitrary units, P=0.04).",REFUTES,scifact,PubMed_13907928: Regulation of sympathetic nerve activity during the cold pressor test in normotensive pregnant and nonpregnant women.,"{""original_id"": 1120, ""doc_id"": 13907928, ""doc_title"": ""Regulation of sympathetic nerve activity during the cold pressor test in normotensive pregnant and nonpregnant women."", ""sentence_indices"": [4], ""is_grounded"": true}"
scifact_train_1125_doc21009874_rat0,Systemic immunosuppressive (IS) therapy does not enhance the chance of cancer mortality in patients with inflammatory eye disease (IED),"Patients who used azathioprine, methotrexate, mycophenolate mofetil, ciclosporin, systemic corticosteroids, or dapsone had overall and cancer mortality similar to that of patients who never took immunosuppressive drugs.",SUPPORTS,scifact,PubMed_21009874: Overall and cancer related mortality among patients with ocular inflammation treated with immunosuppressive drugs: retrospective cohort study.,"{""original_id"": 1125, ""doc_id"": 21009874, ""doc_title"": ""Overall and cancer related mortality among patients with ocular inflammation treated with immunosuppressive drugs: retrospective cohort study."", ""sentence_indices"": [12], ""is_grounded"": true}"
scifact_train_1125_doc21009874_rat1,Systemic immunosuppressive (IS) therapy does not enhance the chance of cancer mortality in patients with inflammatory eye disease (IED),CONCLUSIONS Most commonly used immunosuppressive drugs do not seem to increase overall or cancer mortality.,SUPPORTS,scifact,PubMed_21009874: Overall and cancer related mortality among patients with ocular inflammation treated with immunosuppressive drugs: retrospective cohort study.,"{""original_id"": 1125, ""doc_id"": 21009874, ""doc_title"": ""Overall and cancer related mortality among patients with ocular inflammation treated with immunosuppressive drugs: retrospective cohort study."", ""sentence_indices"": [15], ""is_grounded"": true}"
scifact_train_1126_doc21009874_rat0,Systemic immunosuppressive (IS) therapy increases the chance of cancer mortality in patients with inflammatory eye disease (IED),"Patients who used azathioprine, methotrexate, mycophenolate mofetil, ciclosporin, systemic corticosteroids, or dapsone had overall and cancer mortality similar to that of patients who never took immunosuppressive drugs.",REFUTES,scifact,PubMed_21009874: Overall and cancer related mortality among patients with ocular inflammation treated with immunosuppressive drugs: retrospective cohort study.,"{""original_id"": 1126, ""doc_id"": 21009874, ""doc_title"": ""Overall and cancer related mortality among patients with ocular inflammation treated with immunosuppressive drugs: retrospective cohort study."", ""sentence_indices"": [12], ""is_grounded"": true}"
scifact_train_1126_doc21009874_rat1,Systemic immunosuppressive (IS) therapy increases the chance of cancer mortality in patients with inflammatory eye disease (IED),CONCLUSIONS Most commonly used immunosuppressive drugs do not seem to increase overall or cancer mortality.,REFUTES,scifact,PubMed_21009874: Overall and cancer related mortality among patients with ocular inflammation treated with immunosuppressive drugs: retrospective cohort study.,"{""original_id"": 1126, ""doc_id"": 21009874, ""doc_title"": ""Overall and cancer related mortality among patients with ocular inflammation treated with immunosuppressive drugs: retrospective cohort study."", ""sentence_indices"": [15], ""is_grounded"": true}"
scifact_train_1127_doc27466734_rat0,Systemic lupus erythematosus is a risk factor for cardiovascular disease.,"Risk factors considered included those already in QRISK2 (age, ethnicity, deprivation, systolic blood pressure, body mass index, total cholesterol: high density lipoprotein cholesterol ratio, smoking, family history of coronary heart disease in a first degree relative aged less than 60 years, type 1 diabetes, type 2 diabetes, treated hypertension, rheumatoid arthritis, atrial fibrillation, chronic kidney disease (stage 4 or 5)) and new risk factors (chronic kidney disease (stage 3, 4, or 5), a measure of systolic blood pressure variability (standard deviation of repeated measures), migraine, corticosteroids, systemic lupus erythematosus (SLE), atypical antipsychotics, severe mental illness, and HIV/AIDs).",SUPPORTS,scifact,PubMed_27466734: Development and validation of QRISK3 risk prediction algorithms to estimate future risk of cardiovascular disease: prospective cohort study,"{""original_id"": 1127, ""doc_id"": 27466734, ""doc_title"": ""Development and validation of QRISK3 risk prediction algorithms to estimate future risk of cardiovascular disease: prospective cohort study"", ""sentence_indices"": [7], ""is_grounded"": true}"
scifact_train_1128_doc33499189_rat0,T cell receptor /CD3 microdomains are required to induce the immunologic synapse.,T cell receptor (TCR-CD3) triggering involves both receptor clustering and conformational changes at the cytoplasmic tails of the CD3 subunits.,SUPPORTS,scifact,PubMed_33499189: Full activation of the T cell receptor requires both clustering and conformational changes at CD3.,"{""original_id"": 1128, ""doc_id"": 33499189, ""doc_title"": ""Full activation of the T cell receptor requires both clustering and conformational changes at CD3."", ""sentence_indices"": [0], ""is_grounded"": true}"
scifact_train_1128_doc33499189_rat1,T cell receptor /CD3 microdomains are required to induce the immunologic synapse.,This conformational change at CD3 reverts upon ligand dissociation and is required for T cell activation.,SUPPORTS,scifact,PubMed_33499189: Full activation of the T cell receptor requires both clustering and conformational changes at CD3.,"{""original_id"": 1128, ""doc_id"": 33499189, ""doc_title"": ""Full activation of the T cell receptor requires both clustering and conformational changes at CD3."", ""sentence_indices"": [4], ""is_grounded"": true}"
scifact_train_1133_doc24142891_rat0,TMEM27 is a marker for beta cells.,"Here, we report the identification and characterization of transmembrane protein 27 (Tmem27, collectrin) in pancreatic beta cells.",SUPPORTS,scifact,PubMed_24142891: Tmem27: a cleaved and shed plasma membrane protein that stimulates pancreatic beta cell proliferation.,"{""original_id"": 1133, ""doc_id"": 24142891, ""doc_title"": ""Tmem27: a cleaved and shed plasma membrane protein that stimulates pancreatic beta cell proliferation."", ""sentence_indices"": [1], ""is_grounded"": true}"
scifact_train_1133_doc24142891_rat1,TMEM27 is a marker for beta cells.,This cleavage process is beta cell specific and does not occur in other cell types.,SUPPORTS,scifact,PubMed_24142891: Tmem27: a cleaved and shed plasma membrane protein that stimulates pancreatic beta cell proliferation.,"{""original_id"": 1133, ""doc_id"": 24142891, ""doc_title"": ""Tmem27: a cleaved and shed plasma membrane protein that stimulates pancreatic beta cell proliferation."", ""sentence_indices"": [4], ""is_grounded"": true}"
scifact_train_1133_doc24142891_rat2,TMEM27 is a marker for beta cells.,"Furthermore, transgenic mice with increased expression of Tmem27 in pancreatic beta cells exhibit increased beta cell mass.",SUPPORTS,scifact,PubMed_24142891: Tmem27: a cleaved and shed plasma membrane protein that stimulates pancreatic beta cell proliferation.,"{""original_id"": 1133, ""doc_id"": 24142891, ""doc_title"": ""Tmem27: a cleaved and shed plasma membrane protein that stimulates pancreatic beta cell proliferation."", ""sentence_indices"": [6], ""is_grounded"": true}"
scifact_train_1134_doc33370_rat0,TNFAIP3 is a glioblastoma tumor enhancer.,"Inhibiting A20 expression decreased GSC growth and survival through mechanisms associated with decreased cell-cycle progression and decreased phosphorylation of p65/RelA. Elevated levels of A20 in GSCs contributed to apoptotic resistance: GSCs were less susceptible to TNFalpha-induced cell death than matched non-stem glioma cells, but A20 knockdown sensitized GSCs to TNFalpha-mediated apoptosis.",SUPPORTS,scifact,PubMed_33370: Targeting A20 Decreases Glioma Stem Cell Survival and Tumor Growth,"{""original_id"": 1134, ""doc_id"": 33370, ""doc_title"": ""Targeting A20 Decreases Glioma Stem Cell Survival and Tumor Growth"", ""sentence_indices"": [4], ""is_grounded"": true}"
scifact_train_1134_doc33370_rat1,TNFAIP3 is a glioblastoma tumor enhancer.,"Although inactivating mutations in A20 in lymphoma suggest A20 can act as a tumor suppressor, similar point mutations have not been identified through glioma genomic sequencing: in fact, our data suggest A20 may function as a tumor enhancer in glioma through promotion of GSC survival.",SUPPORTS,scifact,PubMed_33370: Targeting A20 Decreases Glioma Stem Cell Survival and Tumor Growth,"{""original_id"": 1134, ""doc_id"": 33370, ""doc_title"": ""Targeting A20 Decreases Glioma Stem Cell Survival and Tumor Growth"", ""sentence_indices"": [9], ""is_grounded"": true}"
scifact_train_1135_doc33370_rat0,TNFAIP3 is a glioblastoma tumor suppressor.,"Inhibiting A20 expression decreased GSC growth and survival through mechanisms associated with decreased cell-cycle progression and decreased phosphorylation of p65/RelA. Elevated levels of A20 in GSCs contributed to apoptotic resistance: GSCs were less susceptible to TNFalpha-induced cell death than matched non-stem glioma cells, but A20 knockdown sensitized GSCs to TNFalpha-mediated apoptosis.",REFUTES,scifact,PubMed_33370: Targeting A20 Decreases Glioma Stem Cell Survival and Tumor Growth,"{""original_id"": 1135, ""doc_id"": 33370, ""doc_title"": ""Targeting A20 Decreases Glioma Stem Cell Survival and Tumor Growth"", ""sentence_indices"": [4], ""is_grounded"": true}"
scifact_train_1135_doc33370_rat1,TNFAIP3 is a glioblastoma tumor suppressor.,"Although inactivating mutations in A20 in lymphoma suggest A20 can act as a tumor suppressor, similar point mutations have not been identified through glioma genomic sequencing: in fact, our data suggest A20 may function as a tumor enhancer in glioma through promotion of GSC survival.",REFUTES,scifact,PubMed_33370: Targeting A20 Decreases Glioma Stem Cell Survival and Tumor Growth,"{""original_id"": 1135, ""doc_id"": 33370, ""doc_title"": ""Targeting A20 Decreases Glioma Stem Cell Survival and Tumor Growth"", ""sentence_indices"": [9], ""is_grounded"": true}"
scifact_train_1136_doc33370_rat0,TNFAIP3 is a tumor enhancer in glioblastoma.,"The tumorigenic potential of GSCs was decreased with A20 targeting, resulting in increased survival of mice bearing human glioma xenografts.",SUPPORTS,scifact,PubMed_33370: Targeting A20 Decreases Glioma Stem Cell Survival and Tumor Growth,"{""original_id"": 1136, ""doc_id"": 33370, ""doc_title"": ""Targeting A20 Decreases Glioma Stem Cell Survival and Tumor Growth"", ""sentence_indices"": [6], ""is_grounded"": true}"
scifact_train_1136_doc33370_rat1,TNFAIP3 is a tumor enhancer in glioblastoma.,"Although inactivating mutations in A20 in lymphoma suggest A20 can act as a tumor suppressor, similar point mutations have not been identified through glioma genomic sequencing: in fact, our data suggest A20 may function as a tumor enhancer in glioma through promotion of GSC survival.",SUPPORTS,scifact,PubMed_33370: Targeting A20 Decreases Glioma Stem Cell Survival and Tumor Growth,"{""original_id"": 1136, ""doc_id"": 33370, ""doc_title"": ""Targeting A20 Decreases Glioma Stem Cell Survival and Tumor Growth"", ""sentence_indices"": [9], ""is_grounded"": true}"
scifact_train_1138_doc6796297_rat0,TRAP+ osteoclasts regulate mature osteoblast maintenance.,"Mice with depletion of PDGF-BB in the tartrate-resistant acid phosphatase-positive cell lineage show significantly lower trabecular and cortical bone mass, serum and bone marrow PDGF-BB concentrations, and fewer CD31hiEmcnhi vessels compared to wild-type mice.",SUPPORTS,scifact,PubMed_6796297: PDGF-BB secreted by preosteoclasts induces angiogenesis during coupling with osteogenesis,"{""original_id"": 1138, ""doc_id"": 6796297, ""doc_title"": ""PDGF-BB secreted by preosteoclasts induces angiogenesis during coupling with osteogenesis"", ""sentence_indices"": [3], ""is_grounded"": true}"
scifact_train_1139_doc12009265_rat0,Taking 400mg of α-tocopheryl acetate does not prevent prostate cancer.,"Compared with placebo, vitamin E had no effect on the incidence of prostate cancer (active and placebo vitamin E groups, 9.1 and 9.5 events per 1000 person-years; hazard ratio [HR], 0.97; 95% confidence interval [CI], 0.85-1.09; P = .58) or total cancer (active and placebo vitamin E groups, 17.8 and 17.3 cases per 1000 person-years; HR, 1.04; 95% CI, 0.95-1.13; P = .41).",SUPPORTS,scifact,PubMed_12009265: Vitamins E and C in the prevention of prostate and total cancer in men: the Physicians' Health Study II randomized controlled trial.,"{""original_id"": 1139, ""doc_id"": 12009265, ""doc_title"": ""Vitamins E and C in the prevention of prostate and total cancer in men: the Physicians' Health Study II randomized controlled trial."", ""sentence_indices"": [9], ""is_grounded"": true}"
scifact_train_1139_doc12009265_rat1,Taking 400mg of α-tocopheryl acetate does not prevent prostate cancer.,"CONCLUSIONS In this large, long-term trial of male physicians, neither vitamin E nor C supplementation reduced the risk of prostate or total cancer.",SUPPORTS,scifact,PubMed_12009265: Vitamins E and C in the prevention of prostate and total cancer in men: the Physicians' Health Study II randomized controlled trial.,"{""original_id"": 1139, ""doc_id"": 12009265, ""doc_title"": ""Vitamins E and C in the prevention of prostate and total cancer in men: the Physicians' Health Study II randomized controlled trial."", ""sentence_indices"": [14], ""is_grounded"": true}"
scifact_train_1141_doc12009265_rat0,Taking 400mg of α-tocopheryl acetate in combination with vitamin C reduces the risk of prostate cancer.,"Compared with placebo, vitamin E had no effect on the incidence of prostate cancer (active and placebo vitamin E groups, 9.1 and 9.5 events per 1000 person-years; hazard ratio [HR], 0.97; 95% confidence interval [CI], 0.85-1.09; P = .58) or total cancer (active and placebo vitamin E groups, 17.8 and 17.3 cases per 1000 person-years; HR, 1.04; 95% CI, 0.95-1.13; P = .41). There was also no significant effect of vitamin C on total cancer (active and placebo vitamin C groups, 17.6 and 17.5 events per 1000 person-years; HR, 1.01; 95% CI, 0.92-1.10; P = .86) or prostate cancer (active and placebo vitamin C groups, 9.4 and 9.2 cases per 1000 person-years; HR, 1.02; 95% CI, 0.90-1.15; P = .80).",REFUTES,scifact,PubMed_12009265: Vitamins E and C in the prevention of prostate and total cancer in men: the Physicians' Health Study II randomized controlled trial.,"{""original_id"": 1141, ""doc_id"": 12009265, ""doc_title"": ""Vitamins E and C in the prevention of prostate and total cancer in men: the Physicians' Health Study II randomized controlled trial."", ""sentence_indices"": [9, 10], ""is_grounded"": true}"
scifact_train_1141_doc12009265_rat1,Taking 400mg of α-tocopheryl acetate in combination with vitamin C reduces the risk of prostate cancer.,"CONCLUSIONS In this large, long-term trial of male physicians, neither vitamin E nor C supplementation reduced the risk of prostate or total cancer.",REFUTES,scifact,PubMed_12009265: Vitamins E and C in the prevention of prostate and total cancer in men: the Physicians' Health Study II randomized controlled trial.,"{""original_id"": 1141, ""doc_id"": 12009265, ""doc_title"": ""Vitamins E and C in the prevention of prostate and total cancer in men: the Physicians' Health Study II randomized controlled trial."", ""sentence_indices"": [14], ""is_grounded"": true}"
scifact_train_1142_doc5260382_rat0,Taking anti-depresents is associated with a decrease in the Aβ level in the brain of experimental animals.,Aβ production in CSF was slowed by 37% in the citalopram group compared to placebo.,SUPPORTS,scifact,PubMed_5260382: An Antidepressant Decreases CSF Aβ Production in Healthy Individuals and in Transgenic AD Mice,"{""original_id"": 1142, ""doc_id"": 5260382, ""doc_title"": ""An Antidepressant Decreases CSF A\u03b2 Production in Healthy Individuals and in Transgenic AD Mice"", ""sentence_indices"": [5], ""is_grounded"": true}"
scifact_train_1145_doc10071552_rat0,Taxation of sugar-sweetened beverages reduced the incidence rate of type II diabetes in India.,"The 20% SSB tax was anticipated to reduce overweight and obesity prevalence by 3.0% (95% CI 1.6%-5.9%) and type 2 diabetes incidence by 1.6% (95% CI 1.2%-1.9%) among various Indian subpopulations over the period 2014-2023, if SSB consumption continued to increase linearly in accordance with secular trends.",SUPPORTS,scifact,PubMed_10071552: Averting Obesity and Type 2 Diabetes in India through Sugar-Sweetened Beverage Taxation: An Economic-Epidemiologic Modeling Study,"{""original_id"": 1145, ""doc_id"": 10071552, ""doc_title"": ""Averting Obesity and Type 2 Diabetes in India through Sugar-Sweetened Beverage Taxation: An Economic-Epidemiologic Modeling Study"", ""sentence_indices"": [4], ""is_grounded"": true}"
scifact_train_1145_doc10071552_rat1,Taxation of sugar-sweetened beverages reduced the incidence rate of type II diabetes in India.,"However, acceleration in SSB consumption trends consistent with industry marketing models would be expected to increase the impact efficacy of taxation, averting 4.2% of prevalent overweight/obesity (95% CI 2.5-10.0%) and 2.5% (95% CI 1.0-2.8%) of incident type 2 diabetes from 2014-2023.",SUPPORTS,scifact,PubMed_10071552: Averting Obesity and Type 2 Diabetes in India through Sugar-Sweetened Beverage Taxation: An Economic-Epidemiologic Modeling Study,"{""original_id"": 1145, ""doc_id"": 10071552, ""doc_title"": ""Averting Obesity and Type 2 Diabetes in India through Sugar-Sweetened Beverage Taxation: An Economic-Epidemiologic Modeling Study"", ""sentence_indices"": [5], ""is_grounded"": true}"
scifact_train_1145_doc10071552_rat2,Taxation of sugar-sweetened beverages reduced the incidence rate of type II diabetes in India.,CONCLUSION Sustained SSB taxation at a high tax rate could mitigate rising obesity and type 2 diabetes in India among both urban and rural subpopulations.,SUPPORTS,scifact,PubMed_10071552: Averting Obesity and Type 2 Diabetes in India through Sugar-Sweetened Beverage Taxation: An Economic-Epidemiologic Modeling Study,"{""original_id"": 1145, ""doc_id"": 10071552, ""doc_title"": ""Averting Obesity and Type 2 Diabetes in India through Sugar-Sweetened Beverage Taxation: An Economic-Epidemiologic Modeling Study"", ""sentence_indices"": [8], ""is_grounded"": true}"
scifact_train_1148_doc4828631_rat0,Ten percent (10%) of kidney cancers in the UK are attributable to excess weight.,"Assuming causality, 41% of uterine and 10% or more of gallbladder, kidney, liver, and colon cancers could be attributable to excess weight.",SUPPORTS,scifact,PubMed_4828631: Body-mass index and risk of 22 specific cancers: a population-based cohort study of 5·24 million UK adults,"{""original_id"": 1148, ""doc_id"": 4828631, ""doc_title"": ""Body-mass index and risk of 22 specific cancers: a population-based cohort study of 5\u00b724 million UK adults"", ""sentence_indices"": [10], ""is_grounded"": true}"
scifact_train_1153_doc7370282_rat0,The C-type lectin receptor (CLEC-2) rearranges the actin cytoskeleton in dendritic cells to promote efficient motility along stromal surfaces.,CLEC-2 activation triggered cell spreading via downregulation of RhoA activity and myosin light-chain phosphorylation and triggered F-actin-rich protrusions via Vav signaling and Rac1 activation.,SUPPORTS,scifact,PubMed_7370282: Podoplanin-Rich Stromal Networks Induce Dendritic Cell Motility via Activation of the C-type Lectin Receptor CLEC-2,"{""original_id"": 1153, ""doc_id"": 7370282, ""doc_title"": ""Podoplanin-Rich Stromal Networks Induce Dendritic Cell Motility via Activation of the C-type Lectin Receptor CLEC-2"", ""sentence_indices"": [5], ""is_grounded"": true}"
scifact_train_1153_doc7370282_rat1,The C-type lectin receptor (CLEC-2) rearranges the actin cytoskeleton in dendritic cells to promote efficient motility along stromal surfaces.,"Thus, activation of CLEC-2 by PDPN rearranges the actin cytoskeleton in DCs to promote efficient motility along stromal surfaces.",SUPPORTS,scifact,PubMed_7370282: Podoplanin-Rich Stromal Networks Induce Dendritic Cell Motility via Activation of the C-type Lectin Receptor CLEC-2,"{""original_id"": 1153, ""doc_id"": 7370282, ""doc_title"": ""Podoplanin-Rich Stromal Networks Induce Dendritic Cell Motility via Activation of the C-type Lectin Receptor CLEC-2"", ""sentence_indices"": [6], ""is_grounded"": true}"
scifact_train_1156_doc12584053_rat0,The DESMOND program caused substantial weight loss in most participants.,CONCLUSION A single programme for people with newly diagnosed type 2 diabetes mellitus showed no difference in biomedical or lifestyle outcomes at three years although there were sustained improvements in some illness beliefs.,REFUTES,scifact,PubMed_12584053: Effectiveness of a diabetes education and self management programme (DESMOND) for people with newly diagnosed type 2 diabetes mellitus: three year follow-up of a cluster randomised controlled trial in primary care,"{""original_id"": 1156, ""doc_id"": 12584053, ""doc_title"": ""Effectiveness of a diabetes education and self management programme (DESMOND) for people with newly diagnosed type 2 diabetes mellitus: three year follow-up of a cluster randomised controlled trial in primary care"", ""sentence_indices"": [13], ""is_grounded"": true}"
scifact_train_1157_doc12584053_rat0,The DESMOND program demonstrates no significant impact on biochemical outcomes.,"After adjusting for baseline and cluster the difference was not significant (difference -0.02, 95% confidence interval -0.22 to 0.17).",SUPPORTS,scifact,PubMed_12584053: Effectiveness of a diabetes education and self management programme (DESMOND) for people with newly diagnosed type 2 diabetes mellitus: three year follow-up of a cluster randomised controlled trial in primary care,"{""original_id"": 1157, ""doc_id"": 12584053, ""doc_title"": ""Effectiveness of a diabetes education and self management programme (DESMOND) for people with newly diagnosed type 2 diabetes mellitus: three year follow-up of a cluster randomised controlled trial in primary care"", ""sentence_indices"": [9], ""is_grounded"": true}"
scifact_train_1157_doc12584053_rat1,The DESMOND program demonstrates no significant impact on biochemical outcomes.,The groups did not differ for the other biomedical and lifestyle outcomes and drug use.,SUPPORTS,scifact,PubMed_12584053: Effectiveness of a diabetes education and self management programme (DESMOND) for people with newly diagnosed type 2 diabetes mellitus: three year follow-up of a cluster randomised controlled trial in primary care,"{""original_id"": 1157, ""doc_id"": 12584053, ""doc_title"": ""Effectiveness of a diabetes education and self management programme (DESMOND) for people with newly diagnosed type 2 diabetes mellitus: three year follow-up of a cluster randomised controlled trial in primary care"", ""sentence_indices"": [10], ""is_grounded"": true}"
scifact_train_1157_doc12584053_rat2,The DESMOND program demonstrates no significant impact on biochemical outcomes.,CONCLUSION A single programme for people with newly diagnosed type 2 diabetes mellitus showed no difference in biomedical or lifestyle outcomes at three years although there were sustained improvements in some illness beliefs.,SUPPORTS,scifact,PubMed_12584053: Effectiveness of a diabetes education and self management programme (DESMOND) for people with newly diagnosed type 2 diabetes mellitus: three year follow-up of a cluster randomised controlled trial in primary care,"{""original_id"": 1157, ""doc_id"": 12584053, ""doc_title"": ""Effectiveness of a diabetes education and self management programme (DESMOND) for people with newly diagnosed type 2 diabetes mellitus: three year follow-up of a cluster randomised controlled trial in primary care"", ""sentence_indices"": [13], ""is_grounded"": true}"
scifact_train_1158_doc12584053_rat0,The DESMOND program demonstrates no significant impact on lifestyles outcomes.,CONCLUSION A single programme for people with newly diagnosed type 2 diabetes mellitus showed no difference in biomedical or lifestyle outcomes at three years although there were sustained improvements in some illness beliefs.,SUPPORTS,scifact,PubMed_12584053: Effectiveness of a diabetes education and self management programme (DESMOND) for people with newly diagnosed type 2 diabetes mellitus: three year follow-up of a cluster randomised controlled trial in primary care,"{""original_id"": 1158, ""doc_id"": 12584053, ""doc_title"": ""Effectiveness of a diabetes education and self management programme (DESMOND) for people with newly diagnosed type 2 diabetes mellitus: three year follow-up of a cluster randomised controlled trial in primary care"", ""sentence_indices"": [13], ""is_grounded"": true}"
scifact_train_1159_doc12584053_rat0,The DESMOND program demonstrates no significant impact on weight loss.,CONCLUSION A single programme for people with newly diagnosed type 2 diabetes mellitus showed no difference in biomedical or lifestyle outcomes at three years although there were sustained improvements in some illness beliefs.,SUPPORTS,scifact,PubMed_12584053: Effectiveness of a diabetes education and self management programme (DESMOND) for people with newly diagnosed type 2 diabetes mellitus: three year follow-up of a cluster randomised controlled trial in primary care,"{""original_id"": 1159, ""doc_id"": 12584053, ""doc_title"": ""Effectiveness of a diabetes education and self management programme (DESMOND) for people with newly diagnosed type 2 diabetes mellitus: three year follow-up of a cluster randomised controlled trial in primary care"", ""sentence_indices"": [13], ""is_grounded"": true}"
scifact_train_1161,The DEXI promoter region is bound by multiple transcription factors in a murine haematopoietic progenitor cell line.,,NOT_ENOUGH_INFO,scifact,Docs: 13048272,"{""original_id"": 1161, ""cited_doc_ids"": [13048272], ""is_grounded"": false}"
scifact_train_1162_doc15305881_rat0,The DdrB protein from Deinococcus radiodurans functions as a pentamer.,DdrB forms a pentameric ring capable of binding single-stranded but not double-stranded DNA.,SUPPORTS,scifact,PubMed_15305881: The structure of DdrB from Deinococcus: a new fold for single-stranded DNA binding proteins,"{""original_id"": 1162, ""doc_id"": 15305881, ""doc_title"": ""The structure of DdrB from Deinococcus: a new fold for single-stranded DNA binding proteins"", ""sentence_indices"": [4], ""is_grounded"": true}"
scifact_train_1164,The G34R/V mutation creates a hypomethylated phenotype at the H3K36 histone.,,NOT_ENOUGH_INFO,scifact,Docs: 4455466,"{""original_id"": 1164, ""cited_doc_ids"": [4455466], ""is_grounded"": false}"
scifact_train_1165,The G34R/V mutation does not create a hypomethylated phenotype at the H3K36 histone.,,NOT_ENOUGH_INFO,scifact,Docs: 4455466,"{""original_id"": 1165, ""cited_doc_ids"": [4455466], ""is_grounded"": false}"
scifact_train_1166,The H2A-H2B eviction defect is compensated for by other histone chaperone(s).,,NOT_ENOUGH_INFO,scifact,Docs: 9889151,"{""original_id"": 1166, ""cited_doc_ids"": [9889151], ""is_grounded"": false}"
scifact_train_1168,The HSV-2 infection is typically asymptomatic.,,NOT_ENOUGH_INFO,scifact,Docs: 8563659,"{""original_id"": 1168, ""cited_doc_ids"": [8563659], ""is_grounded"": false}"
scifact_train_1169_doc4319174_rat0,The M2-phenotype in brown adipose tissue macrophages increases brown adipose tissue thermogenic activity.,"Exposure to cold temperature rapidly promoted alternative activation of adipose tissue macrophages, which secrete catecholamines to induce thermogenic gene expression in brown adipose tissue and lipolysis in white adipose tissue.",SUPPORTS,scifact,PubMed_4319174: Alternatively activated macrophages produce catecholamines to sustain adaptive thermogenesis,"{""original_id"": 1169, ""doc_id"": 4319174, ""doc_title"": ""Alternatively activated macrophages produce catecholamines to sustain adaptive thermogenesis"", ""sentence_indices"": [5], ""is_grounded"": true}"
scifact_train_1169_doc4319174_rat1,The M2-phenotype in brown adipose tissue macrophages increases brown adipose tissue thermogenic activity.,"Absence of alternatively activated macrophages impaired metabolic adaptations to cold, whereas administration of IL-4 increased thermogenic gene expression, fatty acid mobilization and energy expenditure, all in a macrophage-dependent manner.",SUPPORTS,scifact,PubMed_4319174: Alternatively activated macrophages produce catecholamines to sustain adaptive thermogenesis,"{""original_id"": 1169, ""doc_id"": 4319174, ""doc_title"": ""Alternatively activated macrophages produce catecholamines to sustain adaptive thermogenesis"", ""sentence_indices"": [6], ""is_grounded"": true}"
scifact_train_1170_doc18956141_rat0,The NF-κB essential modulator gene induces intestinal inflammation by promoting receptor-interacting protein (RIP) kinase 1 kinase activity-mediated epithelial cell death.,"Inhibition of receptor-interacting protein kinase 1 (RIPK1) kinase activity or combined deficiency of Fas-associated via death domain protein (FADD) and RIPK3 prevented epithelial cell death, Paneth cell loss, and colitis development in mice with epithelial NEMO deficiency.",REFUTES,scifact,PubMed_18956141: NEMO Prevents RIP Kinase 1-Mediated Epithelial Cell Death and Chronic Intestinal Inflammation by NF-κB-Dependent and -Independent Functions,"{""original_id"": 1170, ""doc_id"": 18956141, ""doc_title"": ""NEMO Prevents RIP Kinase 1-Mediated Epithelial Cell Death and Chronic Intestinal Inflammation by NF-\u03baB-Dependent and -Independent Functions"", ""sentence_indices"": [3], ""is_grounded"": true}"
scifact_train_1170_doc18956141_rat1,The NF-κB essential modulator gene induces intestinal inflammation by promoting receptor-interacting protein (RIP) kinase 1 kinase activity-mediated epithelial cell death.,"Therefore, NEMO prevents intestinal inflammation by inhibiting RIPK1 kinase activity-mediated IEC death, suggesting that RIPK1 inhibitors could be effective in the treatment of colitis in patients with NEMO mutations and possibly in IBD.",REFUTES,scifact,PubMed_18956141: NEMO Prevents RIP Kinase 1-Mediated Epithelial Cell Death and Chronic Intestinal Inflammation by NF-κB-Dependent and -Independent Functions,"{""original_id"": 1170, ""doc_id"": 18956141, ""doc_title"": ""NEMO Prevents RIP Kinase 1-Mediated Epithelial Cell Death and Chronic Intestinal Inflammation by NF-\u03baB-Dependent and -Independent Functions"", ""sentence_indices"": [4], ""is_grounded"": true}"
scifact_train_1171_doc18956141_rat0,The NF-κB essential modulator gene prevents intestinal inflammation by inhibiting receptor-interacting protein (RIP) kinase 1 kinase activity-mediated epithelial cell death.,"Inhibition of receptor-interacting protein kinase 1 (RIPK1) kinase activity or combined deficiency of Fas-associated via death domain protein (FADD) and RIPK3 prevented epithelial cell death, Paneth cell loss, and colitis development in mice with epithelial NEMO deficiency.",SUPPORTS,scifact,PubMed_18956141: NEMO Prevents RIP Kinase 1-Mediated Epithelial Cell Death and Chronic Intestinal Inflammation by NF-κB-Dependent and -Independent Functions,"{""original_id"": 1171, ""doc_id"": 18956141, ""doc_title"": ""NEMO Prevents RIP Kinase 1-Mediated Epithelial Cell Death and Chronic Intestinal Inflammation by NF-\u03baB-Dependent and -Independent Functions"", ""sentence_indices"": [3], ""is_grounded"": true}"
scifact_train_1171_doc18956141_rat1,The NF-κB essential modulator gene prevents intestinal inflammation by inhibiting receptor-interacting protein (RIP) kinase 1 kinase activity-mediated epithelial cell death.,"Therefore, NEMO prevents intestinal inflammation by inhibiting RIPK1 kinase activity-mediated IEC death, suggesting that RIPK1 inhibitors could be effective in the treatment of colitis in patients with NEMO mutations and possibly in IBD.",SUPPORTS,scifact,PubMed_18956141: NEMO Prevents RIP Kinase 1-Mediated Epithelial Cell Death and Chronic Intestinal Inflammation by NF-κB-Dependent and -Independent Functions,"{""original_id"": 1171, ""doc_id"": 18956141, ""doc_title"": ""NEMO Prevents RIP Kinase 1-Mediated Epithelial Cell Death and Chronic Intestinal Inflammation by NF-\u03baB-Dependent and -Independent Functions"", ""sentence_indices"": [4], ""is_grounded"": true}"
scifact_train_1173_doc7370282_rat0,The PDPN gene deactivates the C-type lectin receptor (CLEC-2).,"PDPN is expressed by lymphatic endothelial and fibroblastic reticular cells and promotes blood-lymph separation during development by activating the C-type lectin receptor, CLEC-2, on platelets.",REFUTES,scifact,PubMed_7370282: Podoplanin-Rich Stromal Networks Induce Dendritic Cell Motility via Activation of the C-type Lectin Receptor CLEC-2,"{""original_id"": 1173, ""doc_id"": 7370282, ""doc_title"": ""Podoplanin-Rich Stromal Networks Induce Dendritic Cell Motility via Activation of the C-type Lectin Receptor CLEC-2"", ""sentence_indices"": [1], ""is_grounded"": true}"
scifact_train_1173_doc7370282_rat1,The PDPN gene deactivates the C-type lectin receptor (CLEC-2).,"Thus, activation of CLEC-2 by PDPN rearranges the actin cytoskeleton in DCs to promote efficient motility along stromal surfaces.",REFUTES,scifact,PubMed_7370282: Podoplanin-Rich Stromal Networks Induce Dendritic Cell Motility via Activation of the C-type Lectin Receptor CLEC-2,"{""original_id"": 1173, ""doc_id"": 7370282, ""doc_title"": ""Podoplanin-Rich Stromal Networks Induce Dendritic Cell Motility via Activation of the C-type Lectin Receptor CLEC-2"", ""sentence_indices"": [6], ""is_grounded"": true}"
scifact_train_1174,The PPR MDA5 has twenty N-terminal CARD domains.,,NOT_ENOUGH_INFO,scifact,Docs: 31272411,"{""original_id"": 1174, ""cited_doc_ids"": [31272411], ""is_grounded"": false}"
scifact_train_1176_doc13910150_rat0,The PRDM1 gene is a key determinant of primordial germ cells.,"Blimp1 (Prdm1), the key determinant of primordial germ cells (PGCs), plays a combinatorial role with Prdm14 during PGC specification from postimplantation epiblast cells.",SUPPORTS,scifact,PubMed_13910150: The Germ Cell Determinant Blimp1 Is Not Required for Derivation of Pluripotent Stem Cells,"{""original_id"": 1176, ""doc_id"": 13910150, ""doc_title"": ""The Germ Cell Determinant Blimp1 Is Not Required for Derivation of Pluripotent Stem Cells"", ""sentence_indices"": [0], ""is_grounded"": true}"
scifact_train_1177_doc13910150_rat0,"The PRDM1 gene, when combined with the PRDM14 gene, plays an important role during primordial germ cell specification.","Blimp1 (Prdm1), the key determinant of primordial germ cells (PGCs), plays a combinatorial role with Prdm14 during PGC specification from postimplantation epiblast cells.",SUPPORTS,scifact,PubMed_13910150: The Germ Cell Determinant Blimp1 Is Not Required for Derivation of Pluripotent Stem Cells,"{""original_id"": 1177, ""doc_id"": 13910150, ""doc_title"": ""The Germ Cell Determinant Blimp1 Is Not Required for Derivation of Pluripotent Stem Cells"", ""sentence_indices"": [0], ""is_grounded"": true}"
scifact_train_1178,The PRR MDA5 has a C-terminal domain.,,NOT_ENOUGH_INFO,scifact,Docs: 31272411,"{""original_id"": 1178, ""cited_doc_ids"": [31272411], ""is_grounded"": false}"
scifact_train_1181_doc301838_rat0,The RANK-RANK-Ligand (RANKL) pathway is involved in the development of Aire-expressing medullary thymic epithelial cells (mTECs).,"Here we showed that emergence of the first cohorts of Aire(+) mTECs at this key developmental stage, prior to αβ T cell repertoire selection, was jointly directed by Rankl(+) lymphoid tissue inducer cells and invariant Vγ5(+) dendritic epidermal T cell (DETC) progenitors that are the first thymocytes to express the products of gene rearrangement.",SUPPORTS,scifact,PubMed_301838: Rank Signaling Links the Development of Invariant γδ T Cell Progenitors and Aire+ Medullary Epithelium,"{""original_id"": 1181, ""doc_id"": 301838, ""doc_title"": ""Rank Signaling Links the Development of Invariant \u03b3\u03b4 T Cell Progenitors and Aire+ Medullary Epithelium"", ""sentence_indices"": [1], ""is_grounded"": true}"
scifact_train_1181_doc301838_rat1,The RANK-RANK-Ligand (RANKL) pathway is involved in the development of Aire-expressing medullary thymic epithelial cells (mTECs).,"Hence, our data attributed a functional importance to the temporal development of Vγ5(+) γδ T cells during thymus medulla formation for αβ T cell tolerance induction and demonstrated a Rank-mediated reciprocal link between DETC and Aire(+) mTEC maturation.",SUPPORTS,scifact,PubMed_301838: Rank Signaling Links the Development of Invariant γδ T Cell Progenitors and Aire+ Medullary Epithelium,"{""original_id"": 1181, ""doc_id"": 301838, ""doc_title"": ""Rank Signaling Links the Development of Invariant \u03b3\u03b4 T Cell Progenitors and Aire+ Medullary Epithelium"", ""sentence_indices"": [3], ""is_grounded"": true}"
scifact_train_1181_doc2734421_rat0,The RANK-RANK-Ligand (RANKL) pathway is involved in the development of Aire-expressing medullary thymic epithelial cells (mTECs).,"Here, we demonstrate crucial regulation of mTEC development by receptor activator of NF-kappaB (RANK) and CD40 signals.",SUPPORTS,scifact,PubMed_2734421: The tumor necrosis factor family receptors RANK and CD40 cooperatively establish the thymic medullary microenvironment and self-tolerance.,"{""original_id"": 1181, ""doc_id"": 2734421, ""doc_title"": ""The tumor necrosis factor family receptors RANK and CD40 cooperatively establish the thymic medullary microenvironment and self-tolerance."", ""sentence_indices"": [2], ""is_grounded"": true}"
scifact_train_1181_doc2734421_rat1,The RANK-RANK-Ligand (RANKL) pathway is involved in the development of Aire-expressing medullary thymic epithelial cells (mTECs).,"Whereas only RANK signaling was essential for mTEC development during embryogenesis, in postnatal mice, cooperation between CD40 and RANK signals was required for mTEC development to successfully establish the medullary microenvironment.",SUPPORTS,scifact,PubMed_2734421: The tumor necrosis factor family receptors RANK and CD40 cooperatively establish the thymic medullary microenvironment and self-tolerance.,"{""original_id"": 1181, ""doc_id"": 2734421, ""doc_title"": ""The tumor necrosis factor family receptors RANK and CD40 cooperatively establish the thymic medullary microenvironment and self-tolerance."", ""sentence_indices"": [3], ""is_grounded"": true}"
scifact_train_1181_doc2734421_rat2,The RANK-RANK-Ligand (RANKL) pathway is involved in the development of Aire-expressing medullary thymic epithelial cells (mTECs).,"Ligation of RANK or CD40 on fetal thymic stroma in vitro induced mTEC development in a tumor necrosis factor-associated factor 6 (TRAF6)-, NF-kappaB inducing kinase (NIK)-, and IkappaB kinase beta (IKKbeta)-dependent manner.",SUPPORTS,scifact,PubMed_2734421: The tumor necrosis factor family receptors RANK and CD40 cooperatively establish the thymic medullary microenvironment and self-tolerance.,"{""original_id"": 1181, ""doc_id"": 2734421, ""doc_title"": ""The tumor necrosis factor family receptors RANK and CD40 cooperatively establish the thymic medullary microenvironment and self-tolerance."", ""sentence_indices"": [4], ""is_grounded"": true}"
scifact_train_1181_doc2734421_rat3,The RANK-RANK-Ligand (RANKL) pathway is involved in the development of Aire-expressing medullary thymic epithelial cells (mTECs).,"These results show that developmental-stage-dependent cooperation between RANK and CD40 promotes mTEC development, thereby establishing self-tolerance.",SUPPORTS,scifact,PubMed_2734421: The tumor necrosis factor family receptors RANK and CD40 cooperatively establish the thymic medullary microenvironment and self-tolerance.,"{""original_id"": 1181, ""doc_id"": 2734421, ""doc_title"": ""The tumor necrosis factor family receptors RANK and CD40 cooperatively establish the thymic medullary microenvironment and self-tolerance."", ""sentence_indices"": [5], ""is_grounded"": true}"
scifact_train_1181_doc39128592_rat0,The RANK-RANK-Ligand (RANKL) pathway is involved in the development of Aire-expressing medullary thymic epithelial cells (mTECs).,Here we show that the cytokine RANK ligand (RANKL) was produced by positively selected thymocytes and regulated the cellularity of mTEC by interacting with RANK and osteoprotegerin.,SUPPORTS,scifact,PubMed_39128592: The cytokine RANKL produced by positively selected thymocytes fosters medullary thymic epithelial cells that express autoimmune regulator.,"{""original_id"": 1181, ""doc_id"": 39128592, ""doc_title"": ""The cytokine RANKL produced by positively selected thymocytes fosters medullary thymic epithelial cells that express autoimmune regulator."", ""sentence_indices"": [2], ""is_grounded"": true}"
scifact_train_1181_doc3952288_rat0,The RANK-RANK-Ligand (RANKL) pathway is involved in the development of Aire-expressing medullary thymic epithelial cells (mTECs).,"We show that RANKL signals from this cell promote the maturation of RANK-expressing CD80−Aire− mTEC progenitors into CD80+Aire+ mTECs, and that transplantation of RANK-deficient thymic stroma into immunodeficient hosts induces autoimmunity.",SUPPORTS,scifact,PubMed_3952288: RANK signals from CD4+3− inducer cells regulate development of Aire-expressing epithelial cells in the thymic medulla,"{""original_id"": 1181, ""doc_id"": 3952288, ""doc_title"": ""RANK signals from CD4+3\u2212 inducer cells regulate development of Aire-expressing epithelial cells in the thymic medulla"", ""sentence_indices"": [3], ""is_grounded"": true}"
scifact_train_1181_doc3952288_rat1,The RANK-RANK-Ligand (RANKL) pathway is involved in the development of Aire-expressing medullary thymic epithelial cells (mTECs).,"Collectively, our data reveal cellular and molecular mechanisms leading to the generation of Aire+ mTECs and highlight a previously unrecognized role for CD4+3−RANKL+ inducer cells in intrathymic self-tolerance.",SUPPORTS,scifact,PubMed_3952288: RANK signals from CD4+3− inducer cells regulate development of Aire-expressing epithelial cells in the thymic medulla,"{""original_id"": 1181, ""doc_id"": 3952288, ""doc_title"": ""RANK signals from CD4+3\u2212 inducer cells regulate development of Aire-expressing epithelial cells in the thymic medulla"", ""sentence_indices"": [4], ""is_grounded"": true}"
scifact_train_1182_doc14541844_rat0,The Snf1 complex regulates carbon and energy metabolism in baker's yeast (Saccharomyces cerevisiae).,"We for the first time identified Snf1's global regulation on gene and protein expression levels, and showed that yeast Snf1 has a far more extensive function in controlling energy metabolism than reported earlier.",SUPPORTS,scifact,PubMed_14541844: Reconstruction of the yeast Snf1 kinase regulatory network reveals its role as a global energy regulator,"{""original_id"": 1182, ""doc_id"": 14541844, ""doc_title"": ""Reconstruction of the yeast Snf1 kinase regulatory network reveals its role as a global energy regulator"", ""sentence_indices"": [3], ""is_grounded"": true}"
scifact_train_1183,The TRaF1/C5 rs10818488 allele polymorphism regulates the neighboring C5 gene.,,NOT_ENOUGH_INFO,scifact,Docs: 1967017,"{""original_id"": 1183, ""cited_doc_ids"": [1967017], ""is_grounded"": false}"
scifact_train_1184_doc16737210_rat0,The US health care system can save up to $5 billion if 7% of patients waiting for kidney transplants participate in the optimized national kidney paired donation program.,"Even if only 7% of patients awaiting kidney transplantation participated in an optimized national KPD program, the health care system could save as much as $750 million.",REFUTES,scifact,PubMed_16737210: Kidney paired donation and optimizing the use of live donor organs.,"{""original_id"": 1184, ""doc_id"": 16737210, ""doc_title"": ""Kidney paired donation and optimizing the use of live donor organs."", ""sentence_indices"": [10], ""is_grounded"": true}"
scifact_train_1186,The World Health Organization's (WHO) data collection process is biased downward by unequal selection of larger outbreaks.,,NOT_ENOUGH_INFO,scifact,Docs: 7485455,"{""original_id"": 1186, ""cited_doc_ids"": [7485455], ""is_grounded"": false}"
scifact_train_1188,The ability of activator E2Fs in preventing cell death is limited to terminally differentiated cells.,,NOT_ENOUGH_INFO,scifact,Docs: 4394817,"{""original_id"": 1188, ""cited_doc_ids"": [4394817], ""is_grounded"": false}"
scifact_train_1190,The amount of publicly available DNA data doubles every 10 months.,,NOT_ENOUGH_INFO,scifact,Docs: 30655442,"{""original_id"": 1190, ""cited_doc_ids"": [30655442], ""is_grounded"": false}"
scifact_train_1193,"The appearance of brown-like or beige cells primarily occurs in visceral fat, not subcutaneous fat.",,NOT_ENOUGH_INFO,scifact,Docs: 20532591,"{""original_id"": 1193, ""cited_doc_ids"": [20532591], ""is_grounded"": false}"
scifact_train_1195,The artifactual C-terminal helix swapping in the StART domain is observed in the Ups1-Mdm35 heterodimer of the StARkin superfamily.,,NOT_ENOUGH_INFO,scifact,Docs: 26283293,"{""original_id"": 1195, ""cited_doc_ids"": [26283293], ""is_grounded"": false}"
scifact_train_1205_doc5558754_rat0,The combination of physical examinations with C-reactive protein values do not improve the accuracy of radiographic verified pneumonia predictions.,Addition of CRP at the optimal cut off of >30 mg/L increased the ROC area to 0.77 (0.73 to 0.81) and improved the diagnostic classification (net reclassification improvement 28%).,REFUTES,scifact,PubMed_5558754: Use of serum C reactive protein and procalcitonin concentrations in addition to symptoms and signs to predict pneumonia in patients presenting to primary care with acute cough: diagnostic study,"{""original_id"": 1205, ""doc_id"": 5558754, ""doc_title"": ""Use of serum C reactive protein and procalcitonin concentrations in addition to symptoms and signs to predict pneumonia in patients presenting to primary care with acute cough: diagnostic study"", ""sentence_indices"": [10], ""is_grounded"": true}"
scifact_train_1205_doc5558754_rat1,The combination of physical examinations with C-reactive protein values do not improve the accuracy of radiographic verified pneumonia predictions.,"Addition of CRP concentration at the optimal cut off of >30 mg/L improved diagnostic information, but measurement of procalcitonin concentration did not add clinically relevant information in this group.",REFUTES,scifact,PubMed_5558754: Use of serum C reactive protein and procalcitonin concentrations in addition to symptoms and signs to predict pneumonia in patients presenting to primary care with acute cough: diagnostic study,"{""original_id"": 1205, ""doc_id"": 5558754, ""doc_title"": ""Use of serum C reactive protein and procalcitonin concentrations in addition to symptoms and signs to predict pneumonia in patients presenting to primary care with acute cough: diagnostic study"", ""sentence_indices"": [17], ""is_grounded"": true}"
scifact_train_1206,The composition of myosin-II isoform switches from the A isoform to the B isoform during hematopoietic differentiation.,,NOT_ENOUGH_INFO,scifact,Docs: 18909530,"{""original_id"": 1206, ""cited_doc_ids"": [18909530], ""is_grounded"": false}"
scifact_train_1208,The cytokine receptor which regulates chemotaxis and formation of lymph nodes is involved in production of myeloperoxidase in the left atrium.,,NOT_ENOUGH_INFO,scifact,Docs: 10284593,"{""original_id"": 1208, ""cited_doc_ids"": [10284593], ""is_grounded"": false}"
scifact_train_1209_doc4347374_rat0,The deamination of cytidine to uridine on the minus strand of viral DNA can inactivate the viral genome by inducing G-to-A mutations.,"APOBEC3G is closely related to APOBEC1, the central component of an RNA-editing complex that deaminates a cytosine residue in apoB messenger RNA. Here, we demonstrate that it does, as APOBEC3G exerts its antiviral effect during reverse transcription to trigger G-to-A hypermutation in the nascent retroviral DNA.",SUPPORTS,scifact,PubMed_4347374: Broad antiretroviral defence by human APOBEC3G through lethal editing of nascent reverse transcripts,"{""original_id"": 1209, ""doc_id"": 4347374, ""doc_title"": ""Broad antiretroviral defence by human APOBEC3G through lethal editing of nascent reverse transcripts"", ""sentence_indices"": [3, 5], ""is_grounded"": true}"
scifact_train_1210_doc4928282_rat0,The density of cytokine receptor bearing cells affects the distance over which cytokines act.,"HighlightsCytokine penetration in tissues is governed by a diffusion‐consumption mechanismSpherical cytokine niches are generated around cytokine‐producing cellsThe characteristic niche size depends on the density of cytokine consumersCytokine niches are a source of variability in otherwise identical cells &NA; Cytokine‐mediated communication allows immune cells to achieve a context‐appropriate response, but the distance over which this communication happens is unclear.",SUPPORTS,scifact,PubMed_4928282: A Tunable Diffusion‐Consumption Mechanism of Cytokine Propagation Enables Plasticity in Cell‐to‐Cell Communication in the Immune System,"{""original_id"": 1210, ""doc_id"": 4928282, ""doc_title"": ""A Tunable Diffusion\u2010Consumption Mechanism of Cytokine Propagation Enables Plasticity in Cell\u2010to\u2010Cell Communication in the Immune System"", ""sentence_indices"": [9], ""is_grounded"": true}"
scifact_train_1211_doc4928282_rat0,The density of cytokine receptor bearing cells has no effect on the distance over which cytokines act.,"HighlightsCytokine penetration in tissues is governed by a diffusion‐consumption mechanismSpherical cytokine niches are generated around cytokine‐producing cellsThe characteristic niche size depends on the density of cytokine consumersCytokine niches are a source of variability in otherwise identical cells &NA; Cytokine‐mediated communication allows immune cells to achieve a context‐appropriate response, but the distance over which this communication happens is unclear.",REFUTES,scifact,PubMed_4928282: A Tunable Diffusion‐Consumption Mechanism of Cytokine Propagation Enables Plasticity in Cell‐to‐Cell Communication in the Immune System,"{""original_id"": 1211, ""doc_id"": 4928282, ""doc_title"": ""A Tunable Diffusion\u2010Consumption Mechanism of Cytokine Propagation Enables Plasticity in Cell\u2010to\u2010Cell Communication in the Immune System"", ""sentence_indices"": [9], ""is_grounded"": true}"
scifact_train_1212,The deregulated and prolonged activation of monocytes has deleterious effects in chronic infectious conditions.,,NOT_ENOUGH_INFO,scifact,"Docs: 6493422,44724517","{""original_id"": 1212, ""cited_doc_ids"": [6493422, 44724517], ""is_grounded"": false}"
scifact_train_1214,The deregulated and prolonged activation of monocytes improves inflammatory disease outcomes.,,NOT_ENOUGH_INFO,scifact,"Docs: 6493422,14407673","{""original_id"": 1214, ""cited_doc_ids"": [6493422, 14407673], ""is_grounded"": false}"
scifact_train_1215,The effect of Lipopolysaccharides on kidney barrier function is dependent on inflammation levels.,,NOT_ENOUGH_INFO,scifact,Docs: 16355392,"{""original_id"": 1215, ""cited_doc_ids"": [16355392], ""is_grounded"": false}"
scifact_train_1218,The first MBT repeat of the four malignant brain tumor (4MBT) domain of Drosophila's Sfmbt and of the orthologous mammalian L3MBTL2 is required for the interaction with the spacer region of Drosophila's Pleiohomeotic (Pho) or its human ortholog YY1.,,NOT_ENOUGH_INFO,scifact,Docs: 15635366,"{""original_id"": 1218, ""cited_doc_ids"": [15635366], ""is_grounded"": false}"
scifact_train_1219,"The gene daf-16, which encodes forkhead Box O (FOXO), is required for all phenotypes associated with reduced insulin/insulin-like growth factor (Igf) signaling.",,NOT_ENOUGH_INFO,scifact,"Docs: 9393969,14864285","{""original_id"": 1219, ""cited_doc_ids"": [9393969, 14864285], ""is_grounded"": false}"
scifact_train_1220_doc13023410_rat0,The generation of reactive oxygen species by activated oncogenes contributes to the increased genomic instability of leukaemia cells.,The oncogenic BCR/ABL tyrosine kinase induces constitutive DNA damage in Philadelphia chromosome (Ph)-positive leukemia cells. We find that BCR/ABL-induced reactive oxygen species (ROSs) cause chronic oxidative DNA damage resulting in double-strand breaks (DSBs) in S and G(2)/M cell cycle phases.,SUPPORTS,scifact,PubMed_13023410: BCR/ABL oncogenic kinase promotes unfaithful repair of the reactive oxygen species-dependent DNA double-strand breaks.,"{""original_id"": 1220, ""doc_id"": 13023410, ""doc_title"": ""BCR/ABL oncogenic kinase promotes unfaithful repair of the reactive oxygen species-dependent DNA double-strand breaks."", ""sentence_indices"": [0, 1], ""is_grounded"": true}"
scifact_train_1220_doc13023410_rat1,The generation of reactive oxygen species by activated oncogenes contributes to the increased genomic instability of leukaemia cells.,We propose that the following series of events may contribute to genomic instability of Ph-positive leukemias: BCR/ABL --> ROSs --> oxidative DNA damage --> DSBs in proliferating cells --> unfaithful HRR and NHEJ repair.,SUPPORTS,scifact,PubMed_13023410: BCR/ABL oncogenic kinase promotes unfaithful repair of the reactive oxygen species-dependent DNA double-strand breaks.,"{""original_id"": 1220, ""doc_id"": 13023410, ""doc_title"": ""BCR/ABL oncogenic kinase promotes unfaithful repair of the reactive oxygen species-dependent DNA double-strand breaks."", ""sentence_indices"": [5], ""is_grounded"": true}"
scifact_train_1223_doc5289038_rat0,The innate immune response struggles to remove small numbers of parasites.,Our analysis showed that the capacity of innate responses to restrict initial parasite growth saturates with parasite dose and that experimentally enhanced innate immunity can affect parasite density indirectly via resource depletion.,REFUTES,scifact,PubMed_5289038: Partitioning regulatory mechanisms of within-host malaria dynamics using the effective propagation number.,"{""original_id"": 1223, ""doc_id"": 5289038, ""doc_title"": ""Partitioning regulatory mechanisms of within-host malaria dynamics using the effective propagation number."", ""sentence_indices"": [3], ""is_grounded"": true}"
scifact_train_1224_doc21932050_rat0,The latent infection of myeloid cells with human cytomegalovirus induces a number of changes in gene expression.,Microarray-based studies of HCMV have provided useful information about genes that are transcriptionally active during both productive and latent phases of infection.,SUPPORTS,scifact,PubMed_21932050: Microarrays for the study of viral gene expression during human cytomegalovirus latent infection.,"{""original_id"": 1224, ""doc_id"": 21932050, ""doc_title"": ""Microarrays for the study of viral gene expression during human cytomegalovirus latent infection."", ""sentence_indices"": [3], ""is_grounded"": true}"
scifact_train_1224_doc34016987_rat0,The latent infection of myeloid cells with human cytomegalovirus induces a number of changes in gene expression.,We found that HCMV significantly up-regulated 583 (5.2%) of the total genes and down-regulated 621 (5.5%) of the total genes>or=1.5-fold at 4 h postinfection.,SUPPORTS,scifact,PubMed_34016987: Transcriptome analysis reveals human cytomegalovirus reprograms monocyte differentiation toward an M1 macrophage.,"{""original_id"": 1224, ""doc_id"": 34016987, ""doc_title"": ""Transcriptome analysis reveals human cytomegalovirus reprograms monocyte differentiation toward an M1 macrophage."", ""sentence_indices"": [4], ""is_grounded"": true}"
scifact_train_1224_doc34016987_rat1,The latent infection of myeloid cells with human cytomegalovirus induces a number of changes in gene expression.,Further ontology analysis revealed that genes implicated in classical M1 macrophage activation were stimulated by HCMV infection.,SUPPORTS,scifact,PubMed_34016987: Transcriptome analysis reveals human cytomegalovirus reprograms monocyte differentiation toward an M1 macrophage.,"{""original_id"": 1224, ""doc_id"": 34016987, ""doc_title"": ""Transcriptome analysis reveals human cytomegalovirus reprograms monocyte differentiation toward an M1 macrophage."", ""sentence_indices"": [5], ""is_grounded"": true}"
scifact_train_1224_doc34016987_rat2,The latent infection of myeloid cells with human cytomegalovirus induces a number of changes in gene expression.,"Overall, the results identify that the HCMV-infected monocyte transcriptome displayed a unique M1/M2 polarization signature that was skewed toward the classical M1 activation phenotype.",SUPPORTS,scifact,PubMed_34016987: Transcriptome analysis reveals human cytomegalovirus reprograms monocyte differentiation toward an M1 macrophage.,"{""original_id"": 1224, ""doc_id"": 34016987, ""doc_title"": ""Transcriptome analysis reveals human cytomegalovirus reprograms monocyte differentiation toward an M1 macrophage."", ""sentence_indices"": [9], ""is_grounded"": true}"
scifact_train_1227_doc25641414_rat0,The mean suicide rate in women is higher after miscarriage than live birth.,The suicide rate associated with birth was significantly lower (5.9) and the rates associated with miscarriage (18.1) and induced abortion (34.7) were significantly higher than in the population.,SUPPORTS,scifact,"PubMed_25641414: Suicides after pregnancy in Finland, 1987-94: register linkage study.","{""original_id"": 1227, ""doc_id"": 25641414, ""doc_title"": ""Suicides after pregnancy in Finland, 1987-94: register linkage study."", ""sentence_indices"": [7], ""is_grounded"": true}"
scifact_train_1228_doc25641414_rat0,The mean suicide rate in women is lower after miscarriage than live birth.,The suicide rate associated with birth was significantly lower (5.9) and the rates associated with miscarriage (18.1) and induced abortion (34.7) were significantly higher than in the population.,REFUTES,scifact,"PubMed_25641414: Suicides after pregnancy in Finland, 1987-94: register linkage study.","{""original_id"": 1228, ""doc_id"": 25641414, ""doc_title"": ""Suicides after pregnancy in Finland, 1987-94: register linkage study."", ""sentence_indices"": [7], ""is_grounded"": true}"
scifact_train_1229_doc1676568_rat0,The microtubule-dependent delivery and secretion of matrix metalloproteases (MMPs) is partially responsible for the disassembly of adhesion sites.,"CLASPs are further required for FA-associated ECM degradation, and matrix metalloprotease inhibition slows FA disassembly similarly to CLASP or PHLDB2 (LL5β) depletion.",SUPPORTS,scifact,PubMed_1676568: CLASPs link focal adhesion-associated microtubule capture to localized exocytosis and adhesion site turnover,"{""original_id"": 1229, ""doc_id"": 1676568, ""doc_title"": ""CLASPs link focal adhesion-associated microtubule capture to localized exocytosis and adhesion site turnover"", ""sentence_indices"": [4], ""is_grounded"": true}"
scifact_train_1230_doc13905670_rat0,The minor G allele of FOXO3 downregulates pro-inflammatory cytokines.,"Minor allele carriage is shown to limit inflammatory responses in monocytes via a FOXO3-driven pathway, which through TGFβ1 reduces production of proinflammatory cytokines, including TNFα, and increases production of anti-inflammatory cytokines, including IL-10.",SUPPORTS,scifact,PubMed_13905670: Human SNP Links Differential Outcomes in Inflammatory and Infectious Disease to a FOXO3-Regulated Pathway,"{""original_id"": 1230, ""doc_id"": 13905670, ""doc_title"": ""Human SNP Links Differential Outcomes in Inflammatory and Infectious Disease to a FOXO3-Regulated Pathway"", ""sentence_indices"": [4], ""is_grounded"": true}"
scifact_train_1231_doc13905670_rat0,The minor G allele of FOXO3 is related to less severe symptoms of Crohn's Disease.,"We identify a noncoding polymorphism in FOXO3A (rs12212067: T > G) at which the minor (G) allele, despite not being associated with disease susceptibility, is associated with a milder course of Crohn's disease and rheumatoid arthritis and with increased risk of severe malaria.",SUPPORTS,scifact,PubMed_13905670: Human SNP Links Differential Outcomes in Inflammatory and Infectious Disease to a FOXO3-Regulated Pathway,"{""original_id"": 1231, ""doc_id"": 13905670, ""doc_title"": ""Human SNP Links Differential Outcomes in Inflammatory and Infectious Disease to a FOXO3-Regulated Pathway"", ""sentence_indices"": [3], ""is_grounded"": true}"
scifact_train_1234_doc13905670_rat0,The minor G allele of FOXO3 up-regulates IL-10.,"Minor allele carriage is shown to limit inflammatory responses in monocytes via a FOXO3-driven pathway, which through TGFβ1 reduces production of proinflammatory cytokines, including TNFα, and increases production of anti-inflammatory cytokines, including IL-10.",SUPPORTS,scifact,PubMed_13905670: Human SNP Links Differential Outcomes in Inflammatory and Infectious Disease to a FOXO3-Regulated Pathway,"{""original_id"": 1234, ""doc_id"": 13905670, ""doc_title"": ""Human SNP Links Differential Outcomes in Inflammatory and Infectious Disease to a FOXO3-Regulated Pathway"", ""sentence_indices"": [4], ""is_grounded"": true}"
scifact_train_1235,The morphology change from large white adipocytes to small brown adipocytes is a sign of decreased energy expenditure potential in white adipose tissue.,,NOT_ENOUGH_INFO,scifact,Docs: 17973161,"{""original_id"": 1235, ""cited_doc_ids"": [17973161], ""is_grounded"": false}"
scifact_train_1236,The morphology change from large white adipocytes to small brown adipocytes is a sign of increased energy expenditure potential in white adipose tissue.,,NOT_ENOUGH_INFO,scifact,Docs: 17973161,"{""original_id"": 1236, ""cited_doc_ids"": [17973161], ""is_grounded"": false}"
scifact_train_1237_doc3654468_rat0,The most prevalent adverse events to Semaglutide are cardiovascular.,"Adverse events were reported by 63% to 86% (371 of 490 patients) in the oral semaglutide groups, 81% (56 of 69 patients) in the subcutaneous semaglutide group, and 68% (48 of 71 patients) in the placebo group; mild to moderate gastrointestinal events were most common.",REFUTES,scifact,PubMed_3654468: Effect of Oral Semaglutide Compared With Placebo and Subcutaneous Semaglutide on Glycemic Control in Patients With Type 2 Diabetes: A Randomized Clinical Trial,"{""original_id"": 1237, ""doc_id"": 3654468, ""doc_title"": ""Effect of Oral Semaglutide Compared With Placebo and Subcutaneous Semaglutide on Glycemic Control in Patients With Type 2 Diabetes: A Randomized Clinical Trial"", ""sentence_indices"": [12], ""is_grounded"": true}"
scifact_train_1238_doc3654468_rat0,The most prevalent adverse events to Semaglutide are gastrointestinal.,"Adverse events were reported by 63% to 86% (371 of 490 patients) in the oral semaglutide groups, 81% (56 of 69 patients) in the subcutaneous semaglutide group, and 68% (48 of 71 patients) in the placebo group; mild to moderate gastrointestinal events were most common.",SUPPORTS,scifact,PubMed_3654468: Effect of Oral Semaglutide Compared With Placebo and Subcutaneous Semaglutide on Glycemic Control in Patients With Type 2 Diabetes: A Randomized Clinical Trial,"{""original_id"": 1238, ""doc_id"": 3654468, ""doc_title"": ""Effect of Oral Semaglutide Compared With Placebo and Subcutaneous Semaglutide on Glycemic Control in Patients With Type 2 Diabetes: A Randomized Clinical Trial"", ""sentence_indices"": [12], ""is_grounded"": true}"
scifact_train_1239_doc4427392_rat0,The myocardial cell lineage originally develops from cardiac progenitors of exclusively endodermal origin.,"Studies in the mouse embryo and the mouse embryonic stem cell differentiation model have provided evidence indicating that these three lineages develop from a common Flk-1+ (kinase insert domain protein receptor, also known as Kdr) cardiovascular progenitor that represents one of the earliest stages in mesoderm specification to the cardiovascular lineages.",REFUTES,scifact,PubMed_4427392: Human cardiovascular progenitor cells develop from a KDR+ embryonic-stem-cell-derived population,"{""original_id"": 1239, ""doc_id"": 4427392, ""doc_title"": ""Human cardiovascular progenitor cells develop from a KDR+ embryonic-stem-cell-derived population"", ""sentence_indices"": [1], ""is_grounded"": true}"
scifact_train_1244,The number of unfertilized oocytes in mated hermaphrodites increases with age.,,NOT_ENOUGH_INFO,scifact,Docs: 18949516,"{""original_id"": 1244, ""cited_doc_ids"": [18949516], ""is_grounded"": false}"
scifact_train_1246_doc7662395_rat0,The one-child policy has created a hospitable environment for female infants.,The early neonatal mortality was 29 in boys and 69 in girls per 1000 live births.,REFUTES,scifact,PubMed_7662395: Perinatal mortality in rural China: retrospective cohort study.,"{""original_id"": 1246, ""doc_id"": 7662395, ""doc_title"": ""Perinatal mortality in rural China: retrospective cohort study."", ""sentence_indices"": [10], ""is_grounded"": true}"
scifact_train_1247,The origin of the CRF01_1b2k protein occurred between 1923 and 1956.,,NOT_ENOUGH_INFO,scifact,Docs: 5114282,"{""original_id"": 1247, ""cited_doc_ids"": [5114282], ""is_grounded"": false}"
scifact_train_1248_doc7209559_rat0,The peak incidence of fractures occurs during pubertal growth spurt in early adolescents.,"CONTEXT The incidence of distal forearm fractures in children peaks around the time of the pubertal growth spurt, possibly because physical activity increases at the time of a transient deficit in cortical bone mass due to the increased calcium demand during maximal skeletal growth.",SUPPORTS,scifact,PubMed_7209559: Incidence of childhood distal forearm fractures over 30 years: a population-based study.,"{""original_id"": 1248, ""doc_id"": 7209559, ""doc_title"": ""Incidence of childhood distal forearm fractures over 30 years: a population-based study."", ""sentence_indices"": [0], ""is_grounded"": true}"
scifact_train_1249_doc7209559_rat0,The peak incidence of fractures occurs in toddlers.,"CONTEXT The incidence of distal forearm fractures in children peaks around the time of the pubertal growth spurt, possibly because physical activity increases at the time of a transient deficit in cortical bone mass due to the increased calcium demand during maximal skeletal growth.",REFUTES,scifact,PubMed_7209559: Incidence of childhood distal forearm fractures over 30 years: a population-based study.,"{""original_id"": 1249, ""doc_id"": 7209559, ""doc_title"": ""Incidence of childhood distal forearm fractures over 30 years: a population-based study."", ""sentence_indices"": [0], ""is_grounded"": true}"
scifact_train_1253,The predominant localization of Linc00173 is in mononuclear macrophage nuclei.,,NOT_ENOUGH_INFO,scifact,Docs: 3321943,"{""original_id"": 1253, ""cited_doc_ids"": [3321943], ""is_grounded"": false}"
scifact_train_1254_doc16939583_rat0,The proliferative capacity of neural progenitors differs across species.,"Clonal lineage analysis showed that primate cortical progenitors proliferate for a protracted period of time, during which they generate early-born neurons, in contrast to rodents, where this expansion phase largely ceases before neurogenesis begins.",SUPPORTS,scifact,PubMed_16939583: 2D and 3D Stem Cell Models of Primate Cortical Development Identify Species-Specific Differences in Progenitor Behavior Contributing to Brain Size.,"{""original_id"": 1254, ""doc_id"": 16939583, ""doc_title"": ""2D and 3D Stem Cell Models of Primate Cortical Development Identify Species-Specific Differences in Progenitor Behavior Contributing to Brain Size."", ""sentence_indices"": [2], ""is_grounded"": true}"
scifact_train_1254_doc16939583_rat1,The proliferative capacity of neural progenitors differs across species.,"The extent of this additional cortical progenitor expansion differs among primates, leading to differences in the number of neurons generated by each progenitor cell.",SUPPORTS,scifact,PubMed_16939583: 2D and 3D Stem Cell Models of Primate Cortical Development Identify Species-Specific Differences in Progenitor Behavior Contributing to Brain Size.,"{""original_id"": 1254, ""doc_id"": 16939583, ""doc_title"": ""2D and 3D Stem Cell Models of Primate Cortical Development Identify Species-Specific Differences in Progenitor Behavior Contributing to Brain Size."", ""sentence_indices"": [3], ""is_grounded"": true}"
scifact_train_1255_doc16939583_rat0,The proliferative capacity of progenitors is regulated cell-autonomously.,"We found that this mechanism for controlling cortical size is regulated cell autonomously in culture, suggesting that primate cerebral cortex size is regulated at least in part at the level of individual cortical progenitor cell clonal output.",SUPPORTS,scifact,PubMed_16939583: 2D and 3D Stem Cell Models of Primate Cortical Development Identify Species-Specific Differences in Progenitor Behavior Contributing to Brain Size.,"{""original_id"": 1255, ""doc_id"": 16939583, ""doc_title"": ""2D and 3D Stem Cell Models of Primate Cortical Development Identify Species-Specific Differences in Progenitor Behavior Contributing to Brain Size."", ""sentence_indices"": [4], ""is_grounded"": true}"
scifact_train_1257,The proportion of people with visual difficulty is two times higher in low-income countries than in high-income countries.,,NOT_ENOUGH_INFO,scifact,Docs: 581832,"{""original_id"": 1257, ""cited_doc_ids"": [581832], ""is_grounded"": false}"
scifact_train_1258_doc12040627_rat0,The recruitment of Wdr5 to its target loci depends on Kat8.,"Mof is also required for Wdr5 recruitment and H3K4 methylation at key regulatory loci, highlighting the complexity and interconnectivity of various chromatin regulators in ESCs.",SUPPORTS,scifact,PubMed_12040627: The histone acetyltransferase MOF is a key regulator of the embryonic stem cell core transcriptional network.,"{""original_id"": 1258, ""doc_id"": 12040627, ""doc_title"": ""The histone acetyltransferase MOF is a key regulator of the embryonic stem cell core transcriptional network."", ""sentence_indices"": [7], ""is_grounded"": true}"
scifact_train_1260_doc24341590_rat0,The relationship between a breast cancer patient's capacity to metabolize tamoxifen and treatment outcome is independent of the patient's genetic make-up.,"Compared with extensive metabolizers, there was a significantly increased risk of recurrence for heterozygous extensive/intermediate metabolizers (time to recurrence adjusted hazard ratio [HR], 1.40; 95% confidence interval [CI], 1.04-1.90) and for poor metabolizers (time to recurrence HR, 1.90; 95% CI, 1.10-3.28).",REFUTES,scifact,PubMed_24341590: Association between CYP2D6 polymorphisms and outcomes among women with early stage breast cancer treated with tamoxifen.,"{""original_id"": 1260, ""doc_id"": 24341590, ""doc_title"": ""Association between CYP2D6 polymorphisms and outcomes among women with early stage breast cancer treated with tamoxifen."", ""sentence_indices"": [11], ""is_grounded"": true}"
scifact_train_1260_doc24341590_rat1,The relationship between a breast cancer patient's capacity to metabolize tamoxifen and treatment outcome is independent of the patient's genetic make-up.,"Compared with extensive metabolizers, those with decreased CYP2D6 activity (heterozygous extensive/intermediate and poor metabolism) had worse event-free survival (HR, 1.33; 95% CI, 1.06-1.68) and disease-free survival (HR, 1.29; 95% CI, 1.03-1.61), but there was no significant difference in overall survival (HR, 1.15; 95% CI, 0.88-1.51).",REFUTES,scifact,PubMed_24341590: Association between CYP2D6 polymorphisms and outcomes among women with early stage breast cancer treated with tamoxifen.,"{""original_id"": 1260, ""doc_id"": 24341590, ""doc_title"": ""Association between CYP2D6 polymorphisms and outcomes among women with early stage breast cancer treated with tamoxifen."", ""sentence_indices"": [12], ""is_grounded"": true}"
scifact_train_1260_doc24341590_rat2,The relationship between a breast cancer patient's capacity to metabolize tamoxifen and treatment outcome is independent of the patient's genetic make-up.,"CONCLUSION Among women with breast cancer treated with tamoxifen, there was an association between CYP2D6 variation and clinical outcomes, such that the presence of 2 functional CYP2D6 alleles was associated with better clinical outcomes and the presence of nonfunctional or reduced-function alleles with worse outcomes.",REFUTES,scifact,PubMed_24341590: Association between CYP2D6 polymorphisms and outcomes among women with early stage breast cancer treated with tamoxifen.,"{""original_id"": 1260, ""doc_id"": 24341590, ""doc_title"": ""Association between CYP2D6 polymorphisms and outcomes among women with early stage breast cancer treated with tamoxifen."", ""sentence_indices"": [13], ""is_grounded"": true}"
scifact_train_1261_doc13023410_rat0,The removal of reactive oxygen species by activated oncogenes contributes to the increased genomic instability of leukaemia cells.,The oncogenic BCR/ABL tyrosine kinase induces constitutive DNA damage in Philadelphia chromosome (Ph)-positive leukemia cells. We find that BCR/ABL-induced reactive oxygen species (ROSs) cause chronic oxidative DNA damage resulting in double-strand breaks (DSBs) in S and G(2)/M cell cycle phases.,REFUTES,scifact,PubMed_13023410: BCR/ABL oncogenic kinase promotes unfaithful repair of the reactive oxygen species-dependent DNA double-strand breaks.,"{""original_id"": 1261, ""doc_id"": 13023410, ""doc_title"": ""BCR/ABL oncogenic kinase promotes unfaithful repair of the reactive oxygen species-dependent DNA double-strand breaks."", ""sentence_indices"": [0, 1], ""is_grounded"": true}"
scifact_train_1261_doc13023410_rat1,The removal of reactive oxygen species by activated oncogenes contributes to the increased genomic instability of leukaemia cells.,We propose that the following series of events may contribute to genomic instability of Ph-positive leukemias: BCR/ABL --> ROSs --> oxidative DNA damage --> DSBs in proliferating cells --> unfaithful HRR and NHEJ repair.,REFUTES,scifact,PubMed_13023410: BCR/ABL oncogenic kinase promotes unfaithful repair of the reactive oxygen species-dependent DNA double-strand breaks.,"{""original_id"": 1261, ""doc_id"": 13023410, ""doc_title"": ""BCR/ABL oncogenic kinase promotes unfaithful repair of the reactive oxygen species-dependent DNA double-strand breaks."", ""sentence_indices"": [5], ""is_grounded"": true}"
scifact_train_1263_doc3981729_rat0,The repeat-variable diresidue (RVD) in the loop of Transcription-Activator Like (TAL) effectors specifies the nucleotides-amino acid contact at the target promoter element.,"TAL (transcription activator-like) effectors, secreted by phytopathogenic bacteria, recognize host DNA sequences through a central domain of tandem repeats. Each repeat comprises 33 to 35 conserved amino acids and targets a specific base pair by using two hypervariable residues [known as repeat variable diresidues (RVDs)] at positions 12 and 13.",SUPPORTS,scifact,PubMed_3981729: Structural basis for sequence-specific recognition of DNA by TAL effectors.,"{""original_id"": 1263, ""doc_id"": 3981729, ""doc_title"": ""Structural basis for sequence-specific recognition of DNA by TAL effectors."", ""sentence_indices"": [0, 1], ""is_grounded"": true}"
scifact_train_1265_doc37480103_rat0,The risk of breast cancer among parous women decreases with placental weight of pregnancies.,"Compared with women who had placentas weighing less than 500 g in 2 consecutive pregnancies, the risk of breast cancer was increased among women whose placentas weighed between 500 and 699 g in their first pregnancy and at least 700 g in their second pregnancy (or vice versa) (adjusted hazard ratio, 1.82; 95% confidence interval [CI], 1.07-3.08), and the corresponding risk was doubled among women whose placentas weighed at least 700 g in both pregnancies (adjusted hazard ratio, 2.05; 95% CI, 1.15-3.64).",REFUTES,scifact,PubMed_37480103: Pregnancy characteristics and maternal risk of breast cancer.,"{""original_id"": 1265, ""doc_id"": 37480103, ""doc_title"": ""Pregnancy characteristics and maternal risk of breast cancer."", ""sentence_indices"": [10], ""is_grounded"": true}"
scifact_train_1265_doc37480103_rat1,The risk of breast cancer among parous women decreases with placental weight of pregnancies.,CONCLUSIONS Placental weight is positively associated with maternal risk of breast cancer.,REFUTES,scifact,PubMed_37480103: Pregnancy characteristics and maternal risk of breast cancer.,"{""original_id"": 1265, ""doc_id"": 37480103, ""doc_title"": ""Pregnancy characteristics and maternal risk of breast cancer."", ""sentence_indices"": [12], ""is_grounded"": true}"
scifact_train_1268_doc52072815_rat0,The risk of cancer rises with level of alcohol consumption.,"For populations aged 50 years and older, cancers accounted for a large proportion of total alcohol-attributable deaths in 2016, constituting 27·1% (95% UI 21·2-33·3) of total alcohol-attributable female deaths and 18·9% (15·3-22·6) of male deaths.",SUPPORTS,scifact,"PubMed_52072815: Alcohol use and burden for 195 countries and territories, 1990–2016: a systematic analysis for the Global Burden of Disease Study 2016","{""original_id"": 1268, ""doc_id"": 52072815, ""doc_title"": ""Alcohol use and burden for 195 countries and territories, 1990\u20132016: a systematic analysis for the Global Burden of Disease Study 2016"", ""sentence_indices"": [8], ""is_grounded"": true}"
scifact_train_1268_doc52072815_rat1,The risk of cancer rises with level of alcohol consumption.,"We found that the risk of all-cause mortality, and of cancers specifically, rises with increasing levels of consumption, and the level of consumption that minimises health loss is zero.",SUPPORTS,scifact,"PubMed_52072815: Alcohol use and burden for 195 countries and territories, 1990–2016: a systematic analysis for the Global Burden of Disease Study 2016","{""original_id"": 1268, ""doc_id"": 52072815, ""doc_title"": ""Alcohol use and burden for 195 countries and territories, 1990\u20132016: a systematic analysis for the Global Burden of Disease Study 2016"", ""sentence_indices"": [11], ""is_grounded"": true}"
scifact_train_1269_doc13900610_rat0,The risk of female prisoners harming themselves is ten times that of male prisoners.,"FINDINGS 139,195 self-harm incidents were recorded in 26,510 individual prisoners between 2004 and 2009; 5-6% of male prisoners and 20-24% of female inmates self-harmed every year.",SUPPORTS,scifact,"PubMed_13900610: Self-harm in prisons in England and Wales: an epidemiological study of prevalence, risk factors, clustering, and subsequent suicide","{""original_id"": 1269, ""doc_id"": 13900610, ""doc_title"": ""Self-harm in prisons in England and Wales: an epidemiological study of prevalence, risk factors, clustering, and subsequent suicide"", ""sentence_indices"": [7], ""is_grounded"": true}"
scifact_train_1269_doc13900610_rat1,The risk of female prisoners harming themselves is ten times that of male prisoners.,Self-harm rates were more than ten times higher in female prisoners than in male inmates.,SUPPORTS,scifact,"PubMed_13900610: Self-harm in prisons in England and Wales: an epidemiological study of prevalence, risk factors, clustering, and subsequent suicide","{""original_id"": 1269, ""doc_id"": 13900610, ""doc_title"": ""Self-harm in prisons in England and Wales: an epidemiological study of prevalence, risk factors, clustering, and subsequent suicide"", ""sentence_indices"": [8], ""is_grounded"": true}"
scifact_train_1275,The tip of the inner tube of the toxic type VI secretion system (T6SS) antibacterial effector in Escherichia coli (E. coli) is decorated with VgrG and PAAR proteins.,,NOT_ENOUGH_INFO,scifact,Docs: 27731651,"{""original_id"": 1275, ""cited_doc_ids"": [27731651], ""is_grounded"": false}"
scifact_train_1276_doc3475317_rat0,The tissue surrounding the granuloma in an immune cell induces an anti-inflammatory immune response.,"Conversely, the tissue surrounding the caseum has a comparatively anti-inflammatory signature.",SUPPORTS,scifact,PubMed_3475317: Inflammatory signaling in human Tuberculosis granulomas is spatially organized,"{""original_id"": 1276, ""doc_id"": 3475317, ""doc_title"": ""Inflammatory signaling in human Tuberculosis granulomas is spatially organized"", ""sentence_indices"": [5], ""is_grounded"": true}"
scifact_train_1284_doc3578380_rat0,Therapeutics receiving accelerated approval encounter a lower frequency of post-marketing safety events,"In multivariable analysis, postmarket safety events were statistically significantly more frequent among biologics (incidence rate ratio [IRR] = 1.93; 95% CI, 1.06-3.52; P = .03), therapeutics indicated for the treatment of psychiatric disease (IRR = 3.78; 95% CI, 1.77-8.06; P < .001), those receiving accelerated approval (IRR = 2.20; 95% CI, 1.15-4.21; P = .02), and those with near-regulatory deadline approval (IRR = 1.90; 95% CI, 1.19-3.05; P = .008); events were statistically significantly less frequent among those with regulatory review times less than 200 days (IRR = 0.46; 95% CI, 0.24-0.87; P = .02).",REFUTES,scifact,PubMed_3578380: Postmarket Safety Events Among Novel Therapeutics Approved by the US Food and Drug Administration Between 2001 and 2010,"{""original_id"": 1284, ""doc_id"": 3578380, ""doc_title"": ""Postmarket Safety Events Among Novel Therapeutics Approved by the US Food and Drug Administration Between 2001 and 2010"", ""sentence_indices"": [9], ""is_grounded"": true}"
scifact_train_1288_doc4687948_rat0,There is a positive correlation between hip fractures and statin use.,"RESULTS Use of statins in either the prior 180 days (adjusted OR, 0.50; 95% confidence interval [CI], 0.33-0.76) or prior 3 years (adjusted OR, 0.57; 95% CI, 0.40-0.82) was associated with a significant reduction in the risk of hip fracture, even after controlling for variables such as race, insurance status, psychoactive medications, estrogen and thiazide use, ischemic heart disease, cancer, and diabetes mellitus.",REFUTES,scifact,PubMed_4687948: HMG-CoA reductase inhibitors and the risk of hip fractures in elderly patients.,"{""original_id"": 1288, ""doc_id"": 4687948, ""doc_title"": ""HMG-CoA reductase inhibitors and the risk of hip fractures in elderly patients."", ""sentence_indices"": [7], ""is_grounded"": true}"
scifact_train_1288_doc4687948_rat1,There is a positive correlation between hip fractures and statin use.,Clear relationships were observed between the degree of reduction in hip fracture risk and the extent of statin use; there was no evidence of such relationships with nonstatin lipid-lowering agents.,REFUTES,scifact,PubMed_4687948: HMG-CoA reductase inhibitors and the risk of hip fractures in elderly patients.,"{""original_id"": 1288, ""doc_id"": 4687948, ""doc_title"": ""HMG-CoA reductase inhibitors and the risk of hip fractures in elderly patients."", ""sentence_indices"": [9], ""is_grounded"": true}"
scifact_train_1288_doc4687948_rat2,There is a positive correlation between hip fractures and statin use.,"After adjusting for extent of statin use in the prior 3 years, current use (on the index date) was associated with a 71% reduction in risk (adjusted OR, 0.29; 95% CI, 0.10-0.81).",REFUTES,scifact,PubMed_4687948: HMG-CoA reductase inhibitors and the risk of hip fractures in elderly patients.,"{""original_id"": 1288, ""doc_id"": 4687948, ""doc_title"": ""HMG-CoA reductase inhibitors and the risk of hip fractures in elderly patients."", ""sentence_indices"": [10], ""is_grounded"": true}"
scifact_train_1288_doc4687948_rat3,There is a positive correlation between hip fractures and statin use.,CONCLUSIONS These findings support an association between statin use by elderly patients and reduction in the risk of hip fracture.,REFUTES,scifact,PubMed_4687948: HMG-CoA reductase inhibitors and the risk of hip fractures in elderly patients.,"{""original_id"": 1288, ""doc_id"": 4687948, ""doc_title"": ""HMG-CoA reductase inhibitors and the risk of hip fractures in elderly patients."", ""sentence_indices"": [13], ""is_grounded"": true}"
scifact_train_1289_doc21239672_rat0,There is a relation between Erythromycin use and hypertrophic pyloric stenosis.,CONCLUSIONS Treatment of young infants with macrolide antibiotics was strongly associated with IHPS and should therefore only be administered if potential treatment benefits outweigh the risk.,SUPPORTS,scifact,PubMed_21239672: Use of macrolides in mother and child and risk of infantile hypertrophic pyloric stenosis: nationwide cohort study,"{""original_id"": 1289, ""doc_id"": 21239672, ""doc_title"": ""Use of macrolides in mother and child and risk of infantile hypertrophic pyloric stenosis: nationwide cohort study"", ""sentence_indices"": [9], ""is_grounded"": true}"
scifact_train_1289_doc21239672_rat1,There is a relation between Erythromycin use and hypertrophic pyloric stenosis.,Maternal use of macrolides during the first two weeks after birth was also associated with an increased risk of IHPS.,SUPPORTS,scifact,PubMed_21239672: Use of macrolides in mother and child and risk of infantile hypertrophic pyloric stenosis: nationwide cohort study,"{""original_id"": 1289, ""doc_id"": 21239672, ""doc_title"": ""Use of macrolides in mother and child and risk of infantile hypertrophic pyloric stenosis: nationwide cohort study"", ""sentence_indices"": [10], ""is_grounded"": true}"
scifact_train_1291,There is no association between HNF4A mutations and diabetes risks.,,NOT_ENOUGH_INFO,scifact,Docs: 56893404,"{""original_id"": 1291, ""cited_doc_ids"": [56893404], ""is_grounded"": false}"
scifact_train_1293_doc43329366_rat0,There is no increased risk of hypospadias with clomiphene.,"The adverse effect is less severe in sons, although links to testicular cancer and urogenital anomalies, such as epididymal cysts, have been reported.2 3 A recent study also found an increased risk of hypospadias in the sons of women exposed to diethylstilbestrol in utero.4 Clomifene has a half life of about five days, but its metabolites have been found in blood samples on day 22 of the menstrual cycle and in faeces up to six weeks after administration.5 The occurrence of hypospadias may be increasing.",REFUTES,scifact,PubMed_43329366: Use of clomifene during early pregnancy and risk of hypospadias: population based case-control study.,"{""original_id"": 1293, ""doc_id"": 43329366, ""doc_title"": ""Use of clomifene during early pregnancy and risk of hypospadias: population based case-control study."", ""sentence_indices"": [1], ""is_grounded"": true}"
scifact_train_1294_doc2078658_rat0,There is no known interaction between Pioneer factor OCT3/4 and major chromatin remodeling factors.,"Notably, we found that Oct4 is associated with multiple chromatin-modifying complexes with documented as well as newly proved functional significance in stem cell maintenance and somatic cell reprogramming.",REFUTES,scifact,PubMed_2078658: Oct4 links multiple epigenetic pathways to the pluripotency network,"{""original_id"": 1294, ""doc_id"": 2078658, ""doc_title"": ""Oct4 links multiple epigenetic pathways to the pluripotency network"", ""sentence_indices"": [3], ""is_grounded"": true}"
scifact_train_1294_doc30507607_rat0,There is no known interaction between Pioneer factor OCT3/4 and major chromatin remodeling factors.,"Subsequent purification of Oct4 partners Sall4, Tcfcp2l1, Dax1, and Esrrb resulted in an Oct4 interactome of 166 proteins, including transcription factors and chromatin-modifying complexes with documented roles in self-renewal, but also many factors not previously associated with the ESC network.",REFUTES,scifact,PubMed_30507607: An Oct4-Centered Protein Interaction Network in Embryonic Stem Cells,"{""original_id"": 1294, ""doc_id"": 30507607, ""doc_title"": ""An Oct4-Centered Protein Interaction Network in Embryonic Stem Cells"", ""sentence_indices"": [3], ""is_grounded"": true}"
scifact_train_1295_doc21239672_rat0,There is no relation between Erythromycin use and hypertrophic pyloric stenosis.,CONCLUSIONS Treatment of young infants with macrolide antibiotics was strongly associated with IHPS and should therefore only be administered if potential treatment benefits outweigh the risk.,REFUTES,scifact,PubMed_21239672: Use of macrolides in mother and child and risk of infantile hypertrophic pyloric stenosis: nationwide cohort study,"{""original_id"": 1295, ""doc_id"": 21239672, ""doc_title"": ""Use of macrolides in mother and child and risk of infantile hypertrophic pyloric stenosis: nationwide cohort study"", ""sentence_indices"": [9], ""is_grounded"": true}"
scifact_train_1295_doc21239672_rat1,There is no relation between Erythromycin use and hypertrophic pyloric stenosis.,Maternal use of macrolides during the first two weeks after birth was also associated with an increased risk of IHPS.,REFUTES,scifact,PubMed_21239672: Use of macrolides in mother and child and risk of infantile hypertrophic pyloric stenosis: nationwide cohort study,"{""original_id"": 1295, ""doc_id"": 21239672, ""doc_title"": ""Use of macrolides in mother and child and risk of infantile hypertrophic pyloric stenosis: nationwide cohort study"", ""sentence_indices"": [10], ""is_grounded"": true}"
scifact_train_1297_doc9167230_rat0,There was an estimated 30 million cases of pneumonia in young children worldwide in 2010.,"FINDINGS We identified 89 eligible studies and estimated that in 2010, 11·9 million (95% CI 10·3-13·9 million) episodes of severe and 3·0 million (2·1-4·2 million) episodes of very severe ALRI resulted in hospital admissions in young children worldwide.",SUPPORTS,scifact,PubMed_9167230: Global and regional burden of hospital admissions for severe acute lower respiratory infections in young children in 2010: a systematic analysis,"{""original_id"": 1297, ""doc_id"": 9167230, ""doc_title"": ""Global and regional burden of hospital admissions for severe acute lower respiratory infections in young children in 2010: a systematic analysis"", ""sentence_indices"": [5], ""is_grounded"": true}"
scifact_train_1300,Thiopurine active metabolites can be catabolized through dephosphorylation of thioguanine nucleotides.,,NOT_ENOUGH_INFO,scifact,Docs: 6421792,"{""original_id"": 1300, ""cited_doc_ids"": [6421792], ""is_grounded"": false}"
scifact_train_1302,Tirasemtiv has no effect on cardiac muscle.,,NOT_ENOUGH_INFO,scifact,Docs: 12631697,"{""original_id"": 1302, ""cited_doc_ids"": [12631697], ""is_grounded"": false}"
scifact_train_1304,Tirasemtiv targets cardiac muscle.,,NOT_ENOUGH_INFO,scifact,Docs: 12631697,"{""original_id"": 1304, ""cited_doc_ids"": [12631697], ""is_grounded"": false}"
scifact_train_1305_doc12631697_rat0,Tirasemtiv targets fast-twitch muscle.,"We developed a small-molecule fast-skeletal-troponin activator, CK-2017357, as a means to increase muscle strength by amplifying the response of muscle when neural input is otherwise diminished secondary to neuromuscular disease.",SUPPORTS,scifact,PubMed_12631697: Activation of fast skeletal muscle troponin as a potential therapeutic approach for treating neuromuscular diseases,"{""original_id"": 1305, ""doc_id"": 12631697, ""doc_title"": ""Activation of fast skeletal muscle troponin as a potential therapeutic approach for treating neuromuscular diseases"", ""sentence_indices"": [1], ""is_grounded"": true}"
scifact_train_1305_doc12631697_rat1,Tirasemtiv targets fast-twitch muscle.,"Binding selectively to the fast-skeletal-troponin complex, CK-2017357 slows the rate of calcium release from troponin C and sensitizes muscle to calcium.",SUPPORTS,scifact,PubMed_12631697: Activation of fast skeletal muscle troponin as a potential therapeutic approach for treating neuromuscular diseases,"{""original_id"": 1305, ""doc_id"": 12631697, ""doc_title"": ""Activation of fast skeletal muscle troponin as a potential therapeutic approach for treating neuromuscular diseases"", ""sentence_indices"": [2], ""is_grounded"": true}"
scifact_train_1306,Toll-like receptor (TLR) signaling is involved in the pathogenesis of human MDS.,,NOT_ENOUGH_INFO,scifact,"Docs: 6000423,5836","{""original_id"": 1306, ""cited_doc_ids"": [6000423, 5836], ""is_grounded"": false}"
scifact_train_1307,Tonic signaling from the scFv induces constitutive stimulation.,,NOT_ENOUGH_INFO,scifact,Docs: 18231807,"{""original_id"": 1307, ""cited_doc_ids"": [18231807], ""is_grounded"": false}"
scifact_train_1308,Tonic signaling from the scFv is amplified by MyD88/CD40.,,NOT_ENOUGH_INFO,scifact,Docs: 18231807,"{""original_id"": 1308, ""cited_doc_ids"": [18231807], ""is_grounded"": false}"
scifact_train_1309,Tonic signaling from the scFv prevents constitutive stimulation.,,NOT_ENOUGH_INFO,scifact,Docs: 18231807,"{""original_id"": 1309, ""cited_doc_ids"": [18231807], ""is_grounded"": false}"
scifact_train_1310,Traditional reviews are biased in their interpretations.,,NOT_ENOUGH_INFO,scifact,Docs: 8042158,"{""original_id"": 1310, ""cited_doc_ids"": [8042158], ""is_grounded"": false}"
scifact_train_1311_doc13763195_rat0,"Trans-acting factors, such as lncRNAs, influence mRNA translation.",Here we report a posttranscriptional function for lincRNA-p21 as a modulator of translation.,SUPPORTS,scifact,PubMed_13763195: LincRNA-p21 suppresses target mRNA translation.,"{""original_id"": 1311, ""doc_id"": 13763195, ""doc_title"": ""LincRNA-p21 suppresses target mRNA translation."", ""sentence_indices"": [1], ""is_grounded"": true}"
scifact_train_1311_doc13763195_rat1,"Trans-acting factors, such as lncRNAs, influence mRNA translation.","Under reduced HuR levels, lincRNA-p21 accumulated in human cervical carcinoma HeLa cells, increasing its association with JUNB and CTNNB1 mRNAs and selectively lowering their translation.",SUPPORTS,scifact,PubMed_13763195: LincRNA-p21 suppresses target mRNA translation.,"{""original_id"": 1311, ""doc_id"": 13763195, ""doc_title"": ""LincRNA-p21 suppresses target mRNA translation."", ""sentence_indices"": [3], ""is_grounded"": true}"
scifact_train_1311_doc13763195_rat2,"Trans-acting factors, such as lncRNAs, influence mRNA translation.","With elevated HuR, lincRNA-p21 levels declined, which in turn derepressed JunB and β-catenin translation and increased the levels of these proteins.",SUPPORTS,scifact,PubMed_13763195: LincRNA-p21 suppresses target mRNA translation.,"{""original_id"": 1311, ""doc_id"": 13763195, ""doc_title"": ""LincRNA-p21 suppresses target mRNA translation."", ""sentence_indices"": [4], ""is_grounded"": true}"
scifact_train_1311_doc13763195_rat3,"Trans-acting factors, such as lncRNAs, influence mRNA translation.",We propose that HuR controls translation of a subset of target mRNAs by influencing lincRNA-p21 levels.,SUPPORTS,scifact,PubMed_13763195: LincRNA-p21 suppresses target mRNA translation.,"{""original_id"": 1311, ""doc_id"": 13763195, ""doc_title"": ""LincRNA-p21 suppresses target mRNA translation."", ""sentence_indices"": [5], ""is_grounded"": true}"
scifact_train_1311_doc13763195_rat4,"Trans-acting factors, such as lncRNAs, influence mRNA translation.",Our findings uncover a role for lincRNA as a posttranscriptional inhibitor of translation.,SUPPORTS,scifact,PubMed_13763195: LincRNA-p21 suppresses target mRNA translation.,"{""original_id"": 1311, ""doc_id"": 13763195, ""doc_title"": ""LincRNA-p21 suppresses target mRNA translation."", ""sentence_indices"": [6], ""is_grounded"": true}"
scifact_train_1312_doc24177706_rat0,Transcription factor EB induces transcription of pro-inflammatory cytokines in macrophages infected with Staphylococcus aureus.,TFEB was also rapidly activated in murine macrophages upon S. aureus infection and was required for proper transcriptional induction of several proinflammatory cytokines and chemokines.,SUPPORTS,scifact,PubMed_24177706: Innate host defense requires TFEB-mediated transcription of cytoprotective and antimicrobial genes.,"{""original_id"": 1312, ""doc_id"": 24177706, ""doc_title"": ""Innate host defense requires TFEB-mediated transcription of cytoprotective and antimicrobial genes."", ""sentence_indices"": [4], ""is_grounded"": true}"
scifact_train_1314,Transcription rates in S. cerevisiae range between 0.7 and 2 kb/min.,,NOT_ENOUGH_INFO,scifact,"Docs: 13072112,16237005","{""original_id"": 1314, ""cited_doc_ids"": [13072112, 16237005], ""is_grounded"": false}"
scifact_train_1315,Transcription rates in S. cerevisiae range between 7 and 12 kb/min.,,NOT_ENOUGH_INFO,scifact,"Docs: 13072112,16237005","{""original_id"": 1315, ""cited_doc_ids"": [13072112, 16237005], ""is_grounded"": false}"
scifact_train_1322_doc16284655_rat0,Transplanted human glial progenitor cells can mature in their host animal.,"Upon maturation, the recipient brains exhibited large numbers and high proportions of both human glial progenitors and astrocytes.",SUPPORTS,scifact,PubMed_16284655: Forebrain engraftment by human glial progenitor cells enhances synaptic plasticity and learning in adult mice.,"{""original_id"": 1322, ""doc_id"": 16284655, ""doc_title"": ""Forebrain engraftment by human glial progenitor cells enhances synaptic plasticity and learning in adult mice."", ""sentence_indices"": [2], ""is_grounded"": true}"
scifact_train_1323_doc19912367_rat0,Treatment with a protein named FN impairs regenerative abilities of aged muscles.,Deletion of the gene encoding FN from young regenerating muscles replicates the aging phenotype and leads to a loss of MuSC numbers.,REFUTES,scifact,PubMed_19912367: Loss of fibronectin from the aged stem cell niche affects the regenerative capacity of skeletal muscle in mice,"{""original_id"": 1323, ""doc_id"": 19912367, ""doc_title"": ""Loss of fibronectin from the aged stem cell niche affects the regenerative capacity of skeletal muscle in mice"", ""sentence_indices"": [2], ""is_grounded"": true}"
scifact_train_1323_doc19912367_rat1,Treatment with a protein named FN impairs regenerative abilities of aged muscles.,Reconstitution of FN levels in the aged niche remobilizes stem cells and restores youth-like muscle regeneration.,REFUTES,scifact,PubMed_19912367: Loss of fibronectin from the aged stem cell niche affects the regenerative capacity of skeletal muscle in mice,"{""original_id"": 1323, ""doc_id"": 19912367, ""doc_title"": ""Loss of fibronectin from the aged stem cell niche affects the regenerative capacity of skeletal muscle in mice"", ""sentence_indices"": [4], ""is_grounded"": true}"
scifact_train_1324_doc19912367_rat0,Treatment with a protein named FN restores regenerative abilities of aged muscles.,Deletion of the gene encoding FN from young regenerating muscles replicates the aging phenotype and leads to a loss of MuSC numbers.,SUPPORTS,scifact,PubMed_19912367: Loss of fibronectin from the aged stem cell niche affects the regenerative capacity of skeletal muscle in mice,"{""original_id"": 1324, ""doc_id"": 19912367, ""doc_title"": ""Loss of fibronectin from the aged stem cell niche affects the regenerative capacity of skeletal muscle in mice"", ""sentence_indices"": [2], ""is_grounded"": true}"
scifact_train_1324_doc19912367_rat1,Treatment with a protein named FN restores regenerative abilities of aged muscles.,Reconstitution of FN levels in the aged niche remobilizes stem cells and restores youth-like muscle regeneration.,SUPPORTS,scifact,PubMed_19912367: Loss of fibronectin from the aged stem cell niche affects the regenerative capacity of skeletal muscle in mice,"{""original_id"": 1324, ""doc_id"": 19912367, ""doc_title"": ""Loss of fibronectin from the aged stem cell niche affects the regenerative capacity of skeletal muscle in mice"", ""sentence_indices"": [4], ""is_grounded"": true}"
scifact_train_1325,Treatment with the EC uptake inhibitor AM404 resulted in a dose-dependent decrease in the expression of immobility.,,NOT_ENOUGH_INFO,scifact,Docs: 40476126,"{""original_id"": 1325, ""cited_doc_ids"": [40476126], ""is_grounded"": false}"
scifact_train_1327_doc24241932_rat0,Tuberculosis incidence occurs at higher rates in more sparsely populated areas in the UK.,"All deprivation covariates were positively associated with each other but on multiple regression, higher level of overcrowding was independently associated with tuberculosis rates.",REFUTES,scifact,PubMed_24241932: Ecological analysis of ethnic differences in relation between tuberculosis and poverty.,"{""original_id"": 1327, ""doc_id"": 24241932, ""doc_title"": ""Ecological analysis of ethnic differences in relation between tuberculosis and poverty."", ""sentence_indices"": [6], ""is_grounded"": true}"
scifact_train_1327_doc24241932_rat1,Tuberculosis incidence occurs at higher rates in more sparsely populated areas in the UK.,"For the white population, overcrowding was associated with tuberculosis rates independently of other variables (P=0.0036).",REFUTES,scifact,PubMed_24241932: Ecological analysis of ethnic differences in relation between tuberculosis and poverty.,"{""original_id"": 1327, ""doc_id"": 24241932, ""doc_title"": ""Ecological analysis of ethnic differences in relation between tuberculosis and poverty."", ""sentence_indices"": [7], ""is_grounded"": true}"
scifact_train_1327_doc22194407_rat0,Tuberculosis incidence occurs at higher rates in more sparsely populated areas in the UK.,A strong association was found between all TB mortality groups and overcrowding at the household level.,REFUTES,scifact,"PubMed_22194407: Tuberculosis mortality in England and Wales during 1982-1992: its association with poverty, ethnicity and AIDS.","{""original_id"": 1327, ""doc_id"": 22194407, ""doc_title"": ""Tuberculosis mortality in England and Wales during 1982-1992: its association with poverty, ethnicity and AIDS."", ""sentence_indices"": [3], ""is_grounded"": true}"
scifact_train_1327_doc22194407_rat1,Tuberculosis incidence occurs at higher rates in more sparsely populated areas in the UK.,Regression analysis indicates that it is the overcrowding and poverty among ethnic populations that is significant for their tuberculosis mortality.,REFUTES,scifact,"PubMed_22194407: Tuberculosis mortality in England and Wales during 1982-1992: its association with poverty, ethnicity and AIDS.","{""original_id"": 1327, ""doc_id"": 22194407, ""doc_title"": ""Tuberculosis mortality in England and Wales during 1982-1992: its association with poverty, ethnicity and AIDS."", ""sentence_indices"": [9], ""is_grounded"": true}"
scifact_train_1328_doc3475317_rat0,Tuberculosis-induced granulomas express different immune system protein signatures than the surrounding tissue.,"We found that the centers of granulomas have a pro-inflammatory environment that is characterized by the presence of antimicrobial peptides, reactive oxygen species and pro-inflammatory eicosanoids. Conversely, the tissue surrounding the caseum has a comparatively anti-inflammatory signature.",SUPPORTS,scifact,PubMed_3475317: Inflammatory signaling in human Tuberculosis granulomas is spatially organized,"{""original_id"": 1328, ""doc_id"": 3475317, ""doc_title"": ""Inflammatory signaling in human Tuberculosis granulomas is spatially organized"", ""sentence_indices"": [4, 5], ""is_grounded"": true}"
scifact_train_1328_doc3475317_rat1,Tuberculosis-induced granulomas express different immune system protein signatures than the surrounding tissue.,"Although the balance between systemic pro- and anti-inflammatory signals is crucial to TB disease outcome, here we find that these signals are physically segregated within each granuloma.",SUPPORTS,scifact,PubMed_3475317: Inflammatory signaling in human Tuberculosis granulomas is spatially organized,"{""original_id"": 1328, ""doc_id"": 3475317, ""doc_title"": ""Inflammatory signaling in human Tuberculosis granulomas is spatially organized"", ""sentence_indices"": [7], ""is_grounded"": true}"
scifact_train_1330,Tumor development occurs in conjunction with suppression of pro-inflammatory cytokines.,,NOT_ENOUGH_INFO,scifact,Docs: 14075252,"{""original_id"": 1330, ""cited_doc_ids"": [14075252], ""is_grounded"": false}"
scifact_train_1331,Tumor development occurs in conjunction with upregulation of pro-inflammatory cytokines.,,NOT_ENOUGH_INFO,scifact,Docs: 14075252,"{""original_id"": 1331, ""cited_doc_ids"": [14075252], ""is_grounded"": false}"
scifact_train_1333_doc1649738_rat0,Two variants of chromosome 6q21 are associated with radiation therapy-induced second malignancies in pediatric Hodgkin lymphoma patients.,We identified two variants at chromosome 6q21 associated with SMNs in survivors of Hodgkin's lymphoma treated with radiation therapy as children but not as adults.,SUPPORTS,scifact,PubMed_1649738: Variants at 6q21 implicate PRDM1 in the etiology of therapy-induced second malignancies after Hodgkin's lymphoma,"{""original_id"": 1333, ""doc_id"": 1649738, ""doc_title"": ""Variants at 6q21 implicate PRDM1 in the etiology of therapy-induced second malignancies after Hodgkin's lymphoma"", ""sentence_indices"": [1], ""is_grounded"": true}"
scifact_train_1334_doc13940200_rat0,Type 1 Diabetes is associated with subtle perturbations in T reg development.,"Here, we have localized the type 1 diabetes (T1D) association in the interleukin 2 receptor alpha (IL2RA) gene region to two independent groups of SNPs, spanning overlapping regions of 14 and 40 kb, encompassing IL2RA intron 1 and the 5′ regions of IL2RA and RBM17 (odds ratio = 2.04, 95% confidence interval = 1.70-2.45; P = 1.92 × 10−28; control frequency = 0.635).",SUPPORTS,scifact,PubMed_13940200: Large-scale genetic fine mapping and genotype-phenotype associations implicate polymorphism in the IL2RA region in type 1 diabetes,"{""original_id"": 1334, ""doc_id"": 13940200, ""doc_title"": ""Large-scale genetic fine mapping and genotype-phenotype associations implicate polymorphism in the IL2RA region in type 1 diabetes"", ""sentence_indices"": [2], ""is_grounded"": true}"
scifact_train_1334_doc13940200_rat1,Type 1 Diabetes is associated with subtle perturbations in T reg development.,"Furthermore, we have associated IL2RA T1D susceptibility genotypes with lower circulating levels of the biomarker, soluble IL-2RA (P = 6.28 × 10−28), suggesting that an inherited lower immune responsiveness predisposes to T1D.",SUPPORTS,scifact,PubMed_13940200: Large-scale genetic fine mapping and genotype-phenotype associations implicate polymorphism in the IL2RA region in type 1 diabetes,"{""original_id"": 1334, ""doc_id"": 13940200, ""doc_title"": ""Large-scale genetic fine mapping and genotype-phenotype associations implicate polymorphism in the IL2RA region in type 1 diabetes"", ""sentence_indices"": [3], ""is_grounded"": true}"
scifact_train_1334_doc11899391_rat0,Type 1 Diabetes is associated with subtle perturbations in T reg development.,"Numerous reports have demonstrated that CD4(+)CD25(+) regulatory T cells (Tregs) from individuals with a range of human autoimmune diseases, including type 1 diabetes, are deficient in their ability to control autologous proinflammatory responses when compared with nondiseased, control individuals.",SUPPORTS,scifact,PubMed_11899391: Type 1 diabetes-associated IL2RA variation lowers IL-2 signaling and contributes to diminished CD4+CD25+ regulatory T cell function.,"{""original_id"": 1334, ""doc_id"": 11899391, ""doc_title"": ""Type 1 diabetes-associated IL2RA variation lowers IL-2 signaling and contributes to diminished CD4+CD25+ regulatory T cell function."", ""sentence_indices"": [0], ""is_grounded"": true}"
scifact_train_1340_doc15482274_rat0,Ultrasound guidance significantly reduces the number of needle insertion attempts necessary for a given procedure.,"Ultrasound imaging also significantly reduced the risk of traumatic procedures (risk ratio 0.27 (0.11 to 0.67), P=0.005), the number of insertion attempts (mean difference -0.44 (-0.64 to -0.24), P<0.001), and the number of needle redirections (mean difference -1.00 (-1.24 to -0.75), P<0.001).",SUPPORTS,scifact,PubMed_15482274: Ultrasound imaging for lumbar punctures and epidural catheterisations: systematic review and meta-analysis.,"{""original_id"": 1340, ""doc_id"": 15482274, ""doc_title"": ""Ultrasound imaging for lumbar punctures and epidural catheterisations: systematic review and meta-analysis."", ""sentence_indices"": [9], ""is_grounded"": true}"
scifact_train_1340_doc15482274_rat1,Ultrasound guidance significantly reduces the number of needle insertion attempts necessary for a given procedure.,"CONCLUSIONS Ultrasound imaging can reduce the risk of failed or traumatic lumbar punctures and epidural catheterisations, as well as the number of needle insertions and redirections.",SUPPORTS,scifact,PubMed_15482274: Ultrasound imaging for lumbar punctures and epidural catheterisations: systematic review and meta-analysis.,"{""original_id"": 1340, ""doc_id"": 15482274, ""doc_title"": ""Ultrasound imaging for lumbar punctures and epidural catheterisations: systematic review and meta-analysis."", ""sentence_indices"": [10], ""is_grounded"": true}"
scifact_train_1341_doc15482274_rat0,Ultrasound guidance significantly reduces the number of traumatic procedures when attempting needle insertion.,"Ultrasound imaging reduced the risk of failed procedures (risk ratio 0.21 (95% confidence interval 0.10 to 0.43), P<0.001). Risk reduction was similar when subgroup analysis was performed for lumbar punctures (risk ratio 0.19 (0.07 to 0.56), P=0.002) or epidural catheterisations (0.23 (0.09 to 0.60), P=0.003). Ultrasound imaging also significantly reduced the risk of traumatic procedures (risk ratio 0.27 (0.11 to 0.67), P=0.005), the number of insertion attempts (mean difference -0.44 (-0.64 to -0.24), P<0.001), and the number of needle redirections (mean difference -1.00 (-1.24 to -0.75), P<0.001).",SUPPORTS,scifact,PubMed_15482274: Ultrasound imaging for lumbar punctures and epidural catheterisations: systematic review and meta-analysis.,"{""original_id"": 1341, ""doc_id"": 15482274, ""doc_title"": ""Ultrasound imaging for lumbar punctures and epidural catheterisations: systematic review and meta-analysis."", ""sentence_indices"": [7, 8, 9], ""is_grounded"": true}"
scifact_train_1341_doc15482274_rat1,Ultrasound guidance significantly reduces the number of traumatic procedures when attempting needle insertion.,"CONCLUSIONS Ultrasound imaging can reduce the risk of failed or traumatic lumbar punctures and epidural catheterisations, as well as the number of needle insertions and redirections.",SUPPORTS,scifact,PubMed_15482274: Ultrasound imaging for lumbar punctures and epidural catheterisations: systematic review and meta-analysis.,"{""original_id"": 1341, ""doc_id"": 15482274, ""doc_title"": ""Ultrasound imaging for lumbar punctures and epidural catheterisations: systematic review and meta-analysis."", ""sentence_indices"": [10], ""is_grounded"": true}"
scifact_train_1342,Understanding epigenetic regulation of replication is essential for the reational design of episomally replicating vectors.,,NOT_ENOUGH_INFO,scifact,Docs: 8148122,"{""original_id"": 1342, ""cited_doc_ids"": [8148122], ""is_grounded"": false}"
scifact_train_1345,Up-regulation of the p53 pathway and related molecular events speeds cancer progression.,,NOT_ENOUGH_INFO,scifact,Docs: 9559146,"{""original_id"": 1345, ""cited_doc_ids"": [9559146], ""is_grounded"": false}"
scifact_train_1346_doc9505402_rat0,"Upon developing tyrosine-kinase inhibitor resistance, new mutations in epidermal growth factor receptors emerge and cause treatment failure.",We first performed next-generation sequencing of cfDNA from seven subjects and detected an acquired EGFR C797S mutation in one; expression of this mutant EGFR construct in a cell line rendered it resistant to AZD9291.,SUPPORTS,scifact,PubMed_9505402: Acquired EGFR C797S mutation mediates resistance to AZD9291 in non–small cell lung cancer harboring EGFR T790M,"{""original_id"": 1346, ""doc_id"": 9505402, ""doc_title"": ""Acquired EGFR C797S mutation mediates resistance to AZD9291 in non\u2013small cell lung cancer harboring EGFR T790M"", ""sentence_indices"": [1], ""is_grounded"": true}"
scifact_train_1346_doc9505402_rat1,"Upon developing tyrosine-kinase inhibitor resistance, new mutations in epidermal growth factor receptors emerge and cause treatment failure.","All were positive for the T790M mutation before treatment, but upon developing AZD9291 resistance three molecular subtypes emerged: six cases acquired the C797S mutation, five cases maintained the T790M mutation but did not acquire the C797S mutation and four cases lost the T790M mutation despite the presence of the underlying EGFR activating mutation.",SUPPORTS,scifact,PubMed_9505402: Acquired EGFR C797S mutation mediates resistance to AZD9291 in non–small cell lung cancer harboring EGFR T790M,"{""original_id"": 1346, ""doc_id"": 9505402, ""doc_title"": ""Acquired EGFR C797S mutation mediates resistance to AZD9291 in non\u2013small cell lung cancer harboring EGFR T790M"", ""sentence_indices"": [3], ""is_grounded"": true}"
scifact_train_1347_doc19005293_rat0,"Upon viral challenge, influenza-specific memory CD4+ T cells greatly diminish the early production of inflammatory chemokines in the lung.","We found that the response of memory, but not naive, CD4+ T cells enhances production of multiple innate inflammatory cytokines and chemokines (IICs) in the lung and that, during influenza infection, this leads to early control of virus.",REFUTES,scifact,PubMed_19005293: Memory CD4+ T cells induce innate responses independently of pathogen,"{""original_id"": 1347, ""doc_id"": 19005293, ""doc_title"": ""Memory CD4+ T cells induce innate responses independently of pathogen"", ""sentence_indices"": [2], ""is_grounded"": true}"
scifact_train_1348_doc19005293_rat0,"Upon viral challenge, influenza-specific memory CD4+ T cells greatly enhance the early production of inflammatory chemokines in the lung.","We found that the response of memory, but not naive, CD4+ T cells enhances production of multiple innate inflammatory cytokines and chemokines (IICs) in the lung and that, during influenza infection, this leads to early control of virus.",SUPPORTS,scifact,PubMed_19005293: Memory CD4+ T cells induce innate responses independently of pathogen,"{""original_id"": 1348, ""doc_id"": 19005293, ""doc_title"": ""Memory CD4+ T cells induce innate responses independently of pathogen"", ""sentence_indices"": [2], ""is_grounded"": true}"
scifact_train_1349,Upregulation of PD1 causes the downmodulation of Satb1.,,NOT_ENOUGH_INFO,scifact,Docs: 5377642,"{""original_id"": 1349, ""cited_doc_ids"": [5377642], ""is_grounded"": false}"
scifact_train_1350,Upregulation of PD1 causes the upregulation of Satb1.,,NOT_ENOUGH_INFO,scifact,Docs: 5377642,"{""original_id"": 1350, ""cited_doc_ids"": [5377642], ""is_grounded"": false}"
scifact_train_1351_doc28369117_rat0,Upregulation of dynein in Drosophila neurons increases the number of microtubule plus-ends growing toward the cell body of each neuron.,"Axonal microtubules are normally oriented uniformly plus-end-distal; however, without dynein, axons contain both plus- and minus-end distal microtubules.",REFUTES,scifact,PubMed_28369117: Dynein is required for polarized dendritic transport and uniform microtubule orientation in axons,"{""original_id"": 1351, ""doc_id"": 28369117, ""doc_title"": ""Dynein is required for polarized dendritic transport and uniform microtubule orientation in axons"", ""sentence_indices"": [4], ""is_grounded"": true}"
scifact_train_1353,Urbanization is an important risk factor related to the transmission of dengue fever.,,NOT_ENOUGH_INFO,scifact,Docs: 18816720,"{""original_id"": 1353, ""cited_doc_ids"": [18816720], ""is_grounded"": false}"
scifact_train_1355_doc5256564_rat0,V-9302 inhibits antitumor responses by decreasing cell death and oxidative stress.,"Pharmacological blockade of ASCT2 with V-9302 resulted in attenuated cancer cell growth and proliferation, increased cell death, and increased oxidative stress, which collectively contributed to antitumor responses in vitro and in vivo.",REFUTES,scifact,PubMed_5256564: Pharmacological Blockade of ASCT2-dependent Glutamine Transport Leads To Anti-tumor Efficacy in Preclinical Models,"{""original_id"": 1355, ""doc_id"": 5256564, ""doc_title"": ""Pharmacological Blockade of ASCT2-dependent Glutamine Transport Leads To Anti-tumor Efficacy in Preclinical Models"", ""sentence_indices"": [4], ""is_grounded"": true}"
scifact_train_1356_doc13764090_rat0,Vaccinating the gastrointestinal tract induces protection of rectal and vaginal mucosa.,"Vaccination through large intestinal mucosa, previously proven protective for both of these mucosal sites in animal studies, can be achieved successfully by direct intracolorectal (i.c.r.) administration, but this route is clinically impractical.",SUPPORTS,scifact,PubMed_13764090: Large intestine-targeted nanoparticle-releasing oral vaccine to control genitorectal viral infection,"{""original_id"": 1356, ""doc_id"": 13764090, ""doc_title"": ""Large intestine-targeted nanoparticle-releasing oral vaccine to control genitorectal viral infection"", ""sentence_indices"": [1], ""is_grounded"": true}"
scifact_train_1356_doc13764090_rat1,Vaccinating the gastrointestinal tract induces protection of rectal and vaginal mucosa.,"Therefore, we designed a large intestine-targeted oral delivery with pH-dependent microparticles containing vaccine nanoparticles, which induced colorectal immunity in mice comparably to colorectal vaccination and protected against rectal and vaginal viral challenge.",SUPPORTS,scifact,PubMed_13764090: Large intestine-targeted nanoparticle-releasing oral vaccine to control genitorectal viral infection,"{""original_id"": 1356, ""doc_id"": 13764090, ""doc_title"": ""Large intestine-targeted nanoparticle-releasing oral vaccine to control genitorectal viral infection"", ""sentence_indices"": [3], ""is_grounded"": true}"
scifact_train_1356_doc13764090_rat2,Vaccinating the gastrointestinal tract induces protection of rectal and vaginal mucosa.,"Therefore, using this oral vaccine delivery system to target the large intestine, but not the small intestine, may represent a feasible new strategy for immune protection of rectal and vaginal mucosa.",SUPPORTS,scifact,PubMed_13764090: Large intestine-targeted nanoparticle-releasing oral vaccine to control genitorectal viral infection,"{""original_id"": 1356, ""doc_id"": 13764090, ""doc_title"": ""Large intestine-targeted nanoparticle-releasing oral vaccine to control genitorectal viral infection"", ""sentence_indices"": [5], ""is_grounded"": true}"
scifact_train_1360_doc11614737_rat0,Varenicline monotherapy is more effective after 26 weeks of treatment compared to combination nicotine replacement therapies with varenicline or bupropion.,"At 26 weeks, 36.6% of the combination therapy group achieved prolonged and 38.2% achieved 7-day point-prevalence smoking abstinence compared with 27.6% and 31.9% in varenicline monotherapy (OR, 1.52; 95% CI, 1.04-2.22; P = .03 and OR, 1.32; 95% CI, 0.91-1.91; P = .14, respectively).",REFUTES,scifact,PubMed_11614737: Combination varenicline and bupropion SR for tobacco-dependence treatment in cigarette smokers: a randomized trial.,"{""original_id"": 1360, ""doc_id"": 11614737, ""doc_title"": ""Combination varenicline and bupropion SR for tobacco-dependence treatment in cigarette smokers: a randomized trial."", ""sentence_indices"": [9], ""is_grounded"": true}"
scifact_train_1361_doc15488881_rat0,Varying expression levels of EBI2 affect the positioning and migration of B cells.,"Here, we show that expression of the orphan G protein-coupled receptor Epstein-Barr virus-induced gene 2 (EBI2, also known as GPR183) by activated B cells was essential for their movement to extrafollicular sites and induction of early plasmablast responses. Conversely, downregulation of EBI2 enabled B cells to access the center of follicles and promoted efficient GC formation.",SUPPORTS,scifact,PubMed_15488881: Guidance of B cells by the orphan G protein-coupled receptor EBI2 shapes humoral immune responses.,"{""original_id"": 1361, ""doc_id"": 15488881, ""doc_title"": ""Guidance of B cells by the orphan G protein-coupled receptor EBI2 shapes humoral immune responses."", ""sentence_indices"": [2, 3], ""is_grounded"": true}"
scifact_train_1361_doc15058155_rat0,Varying expression levels of EBI2 affect the positioning and migration of B cells.,"A few subsequently published studies further elucidated how 7α, 25-OHC bound to EBI2, and how a gradient of 7α, 25-OHC could be generated in vivo and regulated migration, activation, and functions of B cells, T cells, dendritic cells (DCs), monocytes/macrophages, and astrocytes.",SUPPORTS,scifact,"PubMed_15058155: 7α, 25-dihydroxycholesterol-mediated activation of EBI2 in immune regulation and diseases","{""original_id"": 1361, ""doc_id"": 15058155, ""doc_title"": ""7\u03b1, 25-dihydroxycholesterol-mediated activation of EBI2 in immune regulation and diseases"", ""sentence_indices"": [3], ""is_grounded"": true}"
scifact_train_1364,Venules have less significant tunica adventitia than arterioles.,,NOT_ENOUGH_INFO,scifact,Docs: 8290953,"{""original_id"": 1364, ""cited_doc_ids"": [8290953], ""is_grounded"": false}"
scifact_train_1366_doc4406819_rat0,VgrG (Tssl) protein punctures membranes by forming a spike at the tip of the tube apparatus.,"The T6SS organelle is functionally analogous to contractile tails of bacteriophages and is thought to attack cells by initially penetrating them with a trimeric protein complex called the VgrG spike. Here we report that proteins from the PAAR (proline-alanine-alanine-arginine) repeat superfamily form a sharp conical extension on the VgrG spike, which is further involved in attaching effector domains to the spike.",SUPPORTS,scifact,PubMed_4406819: PAAR-repeat proteins sharpen and diversify the Type VI secretion system spike,"{""original_id"": 1366, ""doc_id"": 4406819, ""doc_title"": ""PAAR-repeat proteins sharpen and diversify the Type VI secretion system spike"", ""sentence_indices"": [2, 4], ""is_grounded"": true}"
scifact_train_1367_doc2425364_rat0,Vitamin D deficiency effects birth weight.,Pregnant women with low serum 25-OHD levels had an increased risk of bacterial vaginosis and low birthweight infants but not delivery by caesarean section.,SUPPORTS,scifact,PubMed_2425364: Association between maternal serum 25-hydroxyvitamin D level and pregnancy and neonatal outcomes: systematic review and meta-analysis of observational studies.,"{""original_id"": 1367, ""doc_id"": 2425364, ""doc_title"": ""Association between maternal serum 25-hydroxyvitamin D level and pregnancy and neonatal outcomes: systematic review and meta-analysis of observational studies."", ""sentence_indices"": [10], ""is_grounded"": true}"
scifact_train_1367_doc2425364_rat1,Vitamin D deficiency effects birth weight.,"Pregnant women with low 25-OHD levels had an increased risk of bacterial vaginosis and lower birth weight infants, but not delivery by caesarean section.",SUPPORTS,scifact,PubMed_2425364: Association between maternal serum 25-hydroxyvitamin D level and pregnancy and neonatal outcomes: systematic review and meta-analysis of observational studies.,"{""original_id"": 1367, ""doc_id"": 2425364, ""doc_title"": ""Association between maternal serum 25-hydroxyvitamin D level and pregnancy and neonatal outcomes: systematic review and meta-analysis of observational studies."", ""sentence_indices"": [12], ""is_grounded"": true}"
scifact_train_1371_doc16256507_rat0,Vitamin D is an important factor in the relationship between calcium and parathyroid hormone.,"After adjusting for relevant factors, serum PTH was lowest in the group with a serum 25-hydroxyvitamin D level of more than 18 ng/mL but highest in the group with a serum 25-hydroxyvitamin D level of less than 10 ng/mL. At the low serum 25-hydroxyvitamin D level (<10 ng/mL), calcium intake of less than 800 mg/d vs more than 1200 mg/d was significantly associated with higher serum PTH (P = .04); and at a calcium intake of more than 1200 mg/d, there was a significant difference between the lowest and highest vitamin D groups (P = .04).",SUPPORTS,scifact,"PubMed_16256507: Relationship between serum parathyroid hormone levels, vitamin D sufficiency, and calcium intake.","{""original_id"": 1371, ""doc_id"": 16256507, ""doc_title"": ""Relationship between serum parathyroid hormone levels, vitamin D sufficiency, and calcium intake."", ""sentence_indices"": [7], ""is_grounded"": true}"
scifact_train_1371_doc16256507_rat1,Vitamin D is an important factor in the relationship between calcium and parathyroid hormone.,"CONCLUSIONS As long as vitamin D status is ensured, calcium intake levels of more than 800 mg/d may be unnecessary for maintaining calcium metabolism.",SUPPORTS,scifact,"PubMed_16256507: Relationship between serum parathyroid hormone levels, vitamin D sufficiency, and calcium intake.","{""original_id"": 1371, ""doc_id"": 16256507, ""doc_title"": ""Relationship between serum parathyroid hormone levels, vitamin D sufficiency, and calcium intake."", ""sentence_indices"": [8], ""is_grounded"": true}"
scifact_train_1372_doc21003930_rat0,Walking in traffic areas in London did not improve lung function in elderly adults.,"Participants with COPD reported more cough (odds ratio [OR] 1·95, 95% CI 0·96-3·95; p<0·1), sputum (3·15, 1·39-7·13; p<0·05), shortness of breath (1·86, 0·97-3·57; p<0·1), and wheeze (4·00, 1·52-10·50; p<0·05) after walking down Oxford Street compared with Hyde Park.",SUPPORTS,scifact,"PubMed_21003930: Respiratory and cardiovascular responses to walking down a traffic-polluted road compared with walking in a traffic-free area in participants aged 60 years and older with chronic lung or heart disease and age-matched healthy controls: a randomised, crossover study","{""original_id"": 1372, ""doc_id"": 21003930, ""doc_title"": ""Respiratory and cardiovascular responses to walking down a traffic-polluted road compared with walking in a traffic-free area in participants aged 60 years and older with chronic lung or heart disease and age-matched healthy controls: a randomised, crossover study"", ""sentence_indices"": [10], ""is_grounded"": true}"
scifact_train_1372_doc21003930_rat1,Walking in traffic areas in London did not improve lung function in elderly adults.,"In all participants, irrespective of their disease status, walking in Hyde Park led to an increase in lung function (forced expiratory volume in the first second [FEV1] and forced vital capacity [FVC]) and a decrease in pulse wave velocity (PWV) and augmentation index up to 26 h after the walk. By contrast, these beneficial responses were attenuated after walking on Oxford Street.",SUPPORTS,scifact,"PubMed_21003930: Respiratory and cardiovascular responses to walking down a traffic-polluted road compared with walking in a traffic-free area in participants aged 60 years and older with chronic lung or heart disease and age-matched healthy controls: a randomised, crossover study","{""original_id"": 1372, ""doc_id"": 21003930, ""doc_title"": ""Respiratory and cardiovascular responses to walking down a traffic-polluted road compared with walking in a traffic-free area in participants aged 60 years and older with chronic lung or heart disease and age-matched healthy controls: a randomised, crossover study"", ""sentence_indices"": [11, 12], ""is_grounded"": true}"
scifact_train_1372_doc21003930_rat2,Walking in traffic areas in London did not improve lung function in elderly adults.,"INTERPRETATION Short-term exposure to traffic pollution prevents the beneficial cardiopulmonary effects of walking in people with COPD, ischaemic heart disease, and those free from chronic cardiopulmonary diseases.",SUPPORTS,scifact,"PubMed_21003930: Respiratory and cardiovascular responses to walking down a traffic-polluted road compared with walking in a traffic-free area in participants aged 60 years and older with chronic lung or heart disease and age-matched healthy controls: a randomised, crossover study","{""original_id"": 1372, ""doc_id"": 21003930, ""doc_title"": ""Respiratory and cardiovascular responses to walking down a traffic-polluted road compared with walking in a traffic-free area in participants aged 60 years and older with chronic lung or heart disease and age-matched healthy controls: a randomised, crossover study"", ""sentence_indices"": [15], ""is_grounded"": true}"
scifact_train_1373_doc21003930_rat0,Walking in traffic areas in London improves lung function in elderly adults.,"Participants with COPD reported more cough (odds ratio [OR] 1·95, 95% CI 0·96-3·95; p<0·1), sputum (3·15, 1·39-7·13; p<0·05), shortness of breath (1·86, 0·97-3·57; p<0·1), and wheeze (4·00, 1·52-10·50; p<0·05) after walking down Oxford Street compared with Hyde Park.",REFUTES,scifact,"PubMed_21003930: Respiratory and cardiovascular responses to walking down a traffic-polluted road compared with walking in a traffic-free area in participants aged 60 years and older with chronic lung or heart disease and age-matched healthy controls: a randomised, crossover study","{""original_id"": 1373, ""doc_id"": 21003930, ""doc_title"": ""Respiratory and cardiovascular responses to walking down a traffic-polluted road compared with walking in a traffic-free area in participants aged 60 years and older with chronic lung or heart disease and age-matched healthy controls: a randomised, crossover study"", ""sentence_indices"": [10], ""is_grounded"": true}"
scifact_train_1373_doc21003930_rat1,Walking in traffic areas in London improves lung function in elderly adults.,"In all participants, irrespective of their disease status, walking in Hyde Park led to an increase in lung function (forced expiratory volume in the first second [FEV1] and forced vital capacity [FVC]) and a decrease in pulse wave velocity (PWV) and augmentation index up to 26 h after the walk. By contrast, these beneficial responses were attenuated after walking on Oxford Street.",REFUTES,scifact,"PubMed_21003930: Respiratory and cardiovascular responses to walking down a traffic-polluted road compared with walking in a traffic-free area in participants aged 60 years and older with chronic lung or heart disease and age-matched healthy controls: a randomised, crossover study","{""original_id"": 1373, ""doc_id"": 21003930, ""doc_title"": ""Respiratory and cardiovascular responses to walking down a traffic-polluted road compared with walking in a traffic-free area in participants aged 60 years and older with chronic lung or heart disease and age-matched healthy controls: a randomised, crossover study"", ""sentence_indices"": [11, 12], ""is_grounded"": true}"
scifact_train_1373_doc21003930_rat2,Walking in traffic areas in London improves lung function in elderly adults.,"INTERPRETATION Short-term exposure to traffic pollution prevents the beneficial cardiopulmonary effects of walking in people with COPD, ischaemic heart disease, and those free from chronic cardiopulmonary diseases.",REFUTES,scifact,"PubMed_21003930: Respiratory and cardiovascular responses to walking down a traffic-polluted road compared with walking in a traffic-free area in participants aged 60 years and older with chronic lung or heart disease and age-matched healthy controls: a randomised, crossover study","{""original_id"": 1373, ""doc_id"": 21003930, ""doc_title"": ""Respiratory and cardiovascular responses to walking down a traffic-polluted road compared with walking in a traffic-free area in participants aged 60 years and older with chronic lung or heart disease and age-matched healthy controls: a randomised, crossover study"", ""sentence_indices"": [15], ""is_grounded"": true}"
scifact_train_1374,Weighed food records (WFR) result in high completion since they're cheap to run and impose low participant burden.,,NOT_ENOUGH_INFO,scifact,Docs: 21993510,"{""original_id"": 1374, ""cited_doc_ids"": [21993510], ""is_grounded"": false}"
scifact_train_1375,Weighed food records (WFR) result in poor completion since they're costly to run and impose high participant burden.,,NOT_ENOUGH_INFO,scifact,Docs: 21993510,"{""original_id"": 1375, ""cited_doc_ids"": [21993510], ""is_grounded"": false}"
scifact_train_1376_doc3944632_rat0,Whole brain radiotherapy increases the occurrence of new brain metastases.,The 12-month brain tumor recurrence rate was 46.8% in the WBRT + SRS group and 76.4% for SRS alone group (P<.001).,REFUTES,scifact,PubMed_3944632: Stereotactic radiosurgery plus whole-brain radiation therapy vs stereotactic radiosurgery alone for treatment of brain metastases: a randomized controlled trial.,"{""original_id"": 1376, ""doc_id"": 3944632, ""doc_title"": ""Stereotactic radiosurgery plus whole-brain radiation therapy vs stereotactic radiosurgery alone for treatment of brain metastases: a randomized controlled trial."", ""sentence_indices"": [6], ""is_grounded"": true}"
scifact_train_1376_doc3944632_rat1,Whole brain radiotherapy increases the occurrence of new brain metastases.,"CONCLUSIONS Compared with SRS alone, the use of WBRT plus SRS did not improve survival for patients with 1 to 4 brain metastases, but intracranial relapse occurred considerably more frequently in those who did not receive WBRT.",REFUTES,scifact,PubMed_3944632: Stereotactic radiosurgery plus whole-brain radiation therapy vs stereotactic radiosurgery alone for treatment of brain metastases: a randomized controlled trial.,"{""original_id"": 1376, ""doc_id"": 3944632, ""doc_title"": ""Stereotactic radiosurgery plus whole-brain radiation therapy vs stereotactic radiosurgery alone for treatment of brain metastases: a randomized controlled trial."", ""sentence_indices"": [10], ""is_grounded"": true}"
scifact_train_1378_doc2488880_rat0,Women are more susceptible to death due to pneumonia when compared to men.,"CONCLUSIONS Although gender may not be predictive of mortality among all infections, women appear to be at increased risk for death from hospital-acquired pneumonia, even after controlling for other comorbidities.",SUPPORTS,scifact,PubMed_2488880: Gender-dependent differences in outcome after the treatment of infection in hospitalized patients.,"{""original_id"": 1378, ""doc_id"": 2488880, ""doc_title"": ""Gender-dependent differences in outcome after the treatment of infection in hospitalized patients."", ""sentence_indices"": [10], ""is_grounded"": true}"
scifact_train_1380_doc16322674_rat0,Women with a lower birth weight are more likely to develop breast cancer later in life.,"Birth weight was positively associated with breast cancer risk in studies based on birth records (pooled relative risk [RR] per one standard deviation [SD] [= 0.5 kg] increment in birth weight: 1.06; 95% confidence interval [CI] 1.02-1.09) and parental recall when the participants were children (1.02; 95% CI 0.99-1.05), but not in those based on adult self-reports, or maternal recall during the woman's adulthood (0.98; 95% CI 0.95-1.01) (p for heterogeneity between data sources = 0.003).",REFUTES,scifact,PubMed_16322674: Birth Size and Breast Cancer Risk: Re-analysis of Individual Participant Data from 32 Studies,"{""original_id"": 1380, ""doc_id"": 16322674, ""doc_title"": ""Birth Size and Breast Cancer Risk: Re-analysis of Individual Participant Data from 32 Studies"", ""sentence_indices"": [5], ""is_grounded"": true}"
scifact_train_1380_doc16322674_rat1,Women with a lower birth weight are more likely to develop breast cancer later in life.,"Relative to women who weighed 3.000-3.499 kg, the risk was 0.96 (CI 0.80-1.16) in those who weighed < 2.500 kg, and 1.12 (95% CI 1.00-1.25) in those who weighed > or = 4.000 kg (p for linear trend = 0.001) in birth record data.",REFUTES,scifact,PubMed_16322674: Birth Size and Breast Cancer Risk: Re-analysis of Individual Participant Data from 32 Studies,"{""original_id"": 1380, ""doc_id"": 16322674, ""doc_title"": ""Birth Size and Breast Cancer Risk: Re-analysis of Individual Participant Data from 32 Studies"", ""sentence_indices"": [6], ""is_grounded"": true}"
scifact_train_1380_doc23557241_rat0,Women with a lower birth weight are more likely to develop breast cancer later in life.,"Increased risk of breast cancer was noted with increased birthweight (relative risk [RR] 1.15 [95% CI 1.09-1.21]), birth length (1.28 [1.11-1.48]), higher maternal age (1.13 [1.02-1.25]), and paternal age (1.12 [1.05-1.19]).",REFUTES,scifact,PubMed_23557241: Intrauterine factors and risk of breast cancer: a systematic review and meta-analysis of current evidence.,"{""original_id"": 1380, ""doc_id"": 23557241, ""doc_title"": ""Intrauterine factors and risk of breast cancer: a systematic review and meta-analysis of current evidence."", ""sentence_indices"": [6], ""is_grounded"": true}"
scifact_train_1380_doc17450673_rat0,Women with a lower birth weight are more likely to develop breast cancer later in life.,"RESULTS We found that heavier birth weights were associated with increased breast cancer risk, with studies involving five categories of birth weight identifying odds ratios (ORs) of 1.24 (95% confidence interval [CI] 1.04 to 1.48) for 4,000 g or more and 1.15 (95% CI 1.04 to 1.26) for 3,500 g to 3,999 g, relative to a birth weight of 2,500 to 2,599 g. These studies provided no support for a J-shaped relationship of birthweight to risk.",REFUTES,scifact,PubMed_17450673: Intrauterine environments and breast cancer risk: meta-analysis and systematic review,"{""original_id"": 1380, ""doc_id"": 17450673, ""doc_title"": ""Intrauterine environments and breast cancer risk: meta-analysis and systematic review"", ""sentence_indices"": [5], ""is_grounded"": true}"
scifact_train_1381_doc13481880_rat0,YAP/TAZ is required in intestinal regeneration in mouse models of ulcerative colitis.,"The fate change is orchestrated by remodeling the extracellular matrix (ECM), increased FAK/Src signaling, and ultimately YAP/TAZ activation.",SUPPORTS,scifact,PubMed_13481880: YAP/TAZ-Dependent Reprogramming of Colonic Epithelium Links ECM Remodeling to Tissue Regeneration,"{""original_id"": 1381, ""doc_id"": 13481880, ""doc_title"": ""YAP/TAZ-Dependent Reprogramming of Colonic Epithelium Links ECM Remodeling to Tissue Regeneration"", ""sentence_indices"": [4], ""is_grounded"": true}"
scifact_train_1381_doc13481880_rat1,YAP/TAZ is required in intestinal regeneration in mouse models of ulcerative colitis.,"In a defined cell culture system recapitulating the extracellular matrix remodeling observed in vivo, we show that a collagen 3D matrix supplemented with Wnt ligands is sufficient to sustain endogenous YAP/TAZ and induce conversion of cell fate.",SUPPORTS,scifact,PubMed_13481880: YAP/TAZ-Dependent Reprogramming of Colonic Epithelium Links ECM Remodeling to Tissue Regeneration,"{""original_id"": 1381, ""doc_id"": 13481880, ""doc_title"": ""YAP/TAZ-Dependent Reprogramming of Colonic Epithelium Links ECM Remodeling to Tissue Regeneration"", ""sentence_indices"": [5], ""is_grounded"": true}"
scifact_train_1383_doc17755060_rat0,aPKCz causes tumour suppression by affecting glutamine metabolism.,"Interestingly, the loss of PKCζ in mice results in enhanced intestinal tumorigenesis and increased levels of these two metabolic enzymes, whereas patients with low levels of PKCζ have a poor prognosis.",SUPPORTS,scifact,PubMed_17755060: Control of Nutrient Stress-Induced Metabolic Reprogramming by PKCζ in Tumorigenesis,"{""original_id"": 1383, ""doc_id"": 17755060, ""doc_title"": ""Control of Nutrient Stress-Induced Metabolic Reprogramming by PKC\u03b6 in Tumorigenesis"", ""sentence_indices"": [3], ""is_grounded"": true}"
scifact_train_1383_doc17755060_rat1,aPKCz causes tumour suppression by affecting glutamine metabolism.,"Taken together, this demonstrates that PKCζ is a critical metabolic tumor suppressor in mouse and human cancer.",SUPPORTS,scifact,PubMed_17755060: Control of Nutrient Stress-Induced Metabolic Reprogramming by PKCζ in Tumorigenesis,"{""original_id"": 1383, ""doc_id"": 17755060, ""doc_title"": ""Control of Nutrient Stress-Induced Metabolic Reprogramming by PKC\u03b6 in Tumorigenesis"", ""sentence_indices"": [5], ""is_grounded"": true}"
scifact_train_1386_doc306006_rat0,cSMAC formation represses weak ligand signalling.,This conclusion was supported by experiments that showed that enhancing cSMAC formation reduced stimulatory capacity of the weak peptide.,REFUTES,scifact,PubMed_306006: The stimulatory potency of T cell antigens is influenced by the formation of the immunological synapse.,"{""original_id"": 1386, ""doc_id"": 306006, ""doc_title"": ""The stimulatory potency of T cell antigens is influenced by the formation of the immunological synapse."", ""sentence_indices"": [4], ""is_grounded"": true}"
scifact_train_1387,"eRNAs influence is linked to senescence, aging, and carcinogenesis.",,NOT_ENOUGH_INFO,scifact,Docs: 9669099,"{""original_id"": 1387, ""cited_doc_ids"": [9669099], ""is_grounded"": false}"
scifact_train_1390_doc2890952_rat0,mcm 5 s 2 U is required for proper decoding of NNR codons in eukaryotes.,"The wobble modification in tRNAs, 5-methoxycarbonylmethyl-2-thiouridine (mcm(5)s(2)U), is required for the proper decoding of NNR codons in eukaryotes.",SUPPORTS,scifact,PubMed_2890952: Mechanistic characterization of the sulfur-relay system for eukaryotic 2-thiouridine biogenesis at tRNA wobble positions,"{""original_id"": 1390, ""doc_id"": 2890952, ""doc_title"": ""Mechanistic characterization of the sulfur-relay system for eukaryotic 2-thiouridine biogenesis at tRNA wobble positions"", ""sentence_indices"": [0], ""is_grounded"": true}"
scifact_train_1391_doc6766459_rat0,miR-142-5P is a known regulator of raised body temperature.,"ThermomiRs such as miR-142-5p and miR-143 in turn target endogenous pyrogens including IL-6, IL6ST, TLR2, PGE2 and TNF to complete a negative feedback mechanism, which may be crucial to prevent pathological hyperthermia.",SUPPORTS,scifact,"PubMed_6766459: RBM3 regulates temperature sensitive miR-142–5p and miR-143 (thermomiRs), which target immune genes and control fever","{""original_id"": 1391, ""doc_id"": 6766459, ""doc_title"": ""RBM3 regulates temperature sensitive miR-142\u20135p and miR-143 (thermomiRs), which target immune genes and control fever"", ""sentence_indices"": [5], ""is_grounded"": true}"
scifact_train_1392_doc6766459_rat0,miR-142-5P is a temperature-sensitive microRNA (miRNA).,"Reduced RBM3 expression resulted in increased expression of RBM3-targeted temperature-sensitive miRNAs, we termed thermomiRs. ThermomiRs such as miR-142-5p and miR-143 in turn target endogenous pyrogens including IL-6, IL6ST, TLR2, PGE2 and TNF to complete a negative feedback mechanism, which may be crucial to prevent pathological hyperthermia.",SUPPORTS,scifact,"PubMed_6766459: RBM3 regulates temperature sensitive miR-142–5p and miR-143 (thermomiRs), which target immune genes and control fever","{""original_id"": 1392, ""doc_id"": 6766459, ""doc_title"": ""RBM3 regulates temperature sensitive miR-142\u20135p and miR-143 (thermomiRs), which target immune genes and control fever"", ""sentence_indices"": [4, 5], ""is_grounded"": true}"
scifact_train_1393_doc12440953_rat0,miRNAs enforce homeostasis by suppressing low-level ''leaky'' transcription.,"Increasing evidence suggests that, among their roles as posttranscriptional repressors of gene expression, microRNAs (miRNAs) help to confer robustness to biological processes by reinforcing transcriptional programs and attenuating aberrant transcripts, and they may in some network contexts help suppress random fluctuations in transcript copy number.",SUPPORTS,scifact,PubMed_12440953: Roles for MicroRNAs in Conferring Robustness to Biological Processes,"{""original_id"": 1393, ""doc_id"": 12440953, ""doc_title"": ""Roles for MicroRNAs in Conferring Robustness to Biological Processes"", ""sentence_indices"": [1], ""is_grounded"": true}"
scifact_train_1394,miRNAs regulate a unique suite of mRNAs to maintain homeostasis in cells.,,NOT_ENOUGH_INFO,scifact,Docs: 2251426,"{""original_id"": 1394, ""cited_doc_ids"": [2251426], ""is_grounded"": false}"
scifact_train_1397,p16INK4A degradation is linked to an abnormal wound response caused by the microinvasive step of advanced Oral Potentially Malignant Lesions (OPMLs).,,NOT_ENOUGH_INFO,scifact,Docs: 17717391,"{""original_id"": 1397, ""cited_doc_ids"": [17717391], ""is_grounded"": false}"
scifact_train_1398,p16INK4A degradation is encoded by CDKN2A.,,NOT_ENOUGH_INFO,scifact,Docs: 17717391,"{""original_id"": 1398, ""cited_doc_ids"": [17717391], ""is_grounded"": false}"
scifact_train_1400,p75 NTR - associated cell death executor (NADE) interacts with the p75 NTR death domain,,NOT_ENOUGH_INFO,scifact,Docs: 14706752,"{""original_id"": 1400, ""cited_doc_ids"": [14706752], ""is_grounded"": false}"
scifact_train_1401,qSOFA scores are associated with length of stay in emergency department patients.,,NOT_ENOUGH_INFO,scifact,Docs: 5185871,"{""original_id"": 1401, ""cited_doc_ids"": [5185871], ""is_grounded"": false}"
scifact_train_1402,r-protein chaperones are found in complexes with their r-protein binding partners.,,NOT_ENOUGH_INFO,scifact,Docs: 8126244,"{""original_id"": 1402, ""cited_doc_ids"": [8126244], ""is_grounded"": false}"
scifact_train_1403_doc33370_rat0,siRNA knockdown of A20 accelerates tumor progression in an in vivo murine xenograft model.,"The tumorigenic potential of GSCs was decreased with A20 targeting, resulting in increased survival of mice bearing human glioma xenografts.",REFUTES,scifact,PubMed_33370: Targeting A20 Decreases Glioma Stem Cell Survival and Tumor Growth,"{""original_id"": 1403, ""doc_id"": 33370, ""doc_title"": ""Targeting A20 Decreases Glioma Stem Cell Survival and Tumor Growth"", ""sentence_indices"": [6], ""is_grounded"": true}"
scifact_train_1403_doc38355793_rat0,siRNA knockdown of A20 accelerates tumor progression in an in vivo murine xenograft model.,Inhibiting A20 expression by siRNAs in vitro reduced the growth rates of glioma cells and resulted in G1/S arrest and increased apoptosis.,REFUTES,scifact,PubMed_38355793: A20 is overexpressed in glioma cells and may serve as a potential therapeutic target.,"{""original_id"": 1403, ""doc_id"": 38355793, ""doc_title"": ""A20 is overexpressed in glioma cells and may serve as a potential therapeutic target."", ""sentence_indices"": [7], ""is_grounded"": true}"
scifact_train_1403_doc38355793_rat1,siRNA knockdown of A20 accelerates tumor progression in an in vivo murine xenograft model.,"In a mouse tumor model, local administration of siRNA significantly suppressed solid tumor growth.",REFUTES,scifact,PubMed_38355793: A20 is overexpressed in glioma cells and may serve as a potential therapeutic target.,"{""original_id"": 1403, ""doc_id"": 38355793, ""doc_title"": ""A20 is overexpressed in glioma cells and may serve as a potential therapeutic target."", ""sentence_indices"": [8], ""is_grounded"": true}"
scifact_train_1403_doc38355793_rat2,siRNA knockdown of A20 accelerates tumor progression in an in vivo murine xenograft model.,"CONCLUSIONS A20 was overexpressed both in human glioma tissues and cell lines, and inhibiting A20 expression greatly slowed tumor cell growth in culture and in mice.",REFUTES,scifact,PubMed_38355793: A20 is overexpressed in glioma cells and may serve as a potential therapeutic target.,"{""original_id"": 1403, ""doc_id"": 38355793, ""doc_title"": ""A20 is overexpressed in glioma cells and may serve as a potential therapeutic target."", ""sentence_indices"": [9], ""is_grounded"": true}"
scifact_train_1404_doc33370_rat0,siRNA knockdown of A20 slows tumor progression in an in vivo murine xenograft model.,"The tumorigenic potential of GSCs was decreased with A20 targeting, resulting in increased survival of mice bearing human glioma xenografts.",SUPPORTS,scifact,PubMed_33370: Targeting A20 Decreases Glioma Stem Cell Survival and Tumor Growth,"{""original_id"": 1404, ""doc_id"": 33370, ""doc_title"": ""Targeting A20 Decreases Glioma Stem Cell Survival and Tumor Growth"", ""sentence_indices"": [6], ""is_grounded"": true}"
scifact_train_1404_doc38355793_rat0,siRNA knockdown of A20 slows tumor progression in an in vivo murine xenograft model.,Inhibiting A20 expression by siRNAs in vitro reduced the growth rates of glioma cells and resulted in G1/S arrest and increased apoptosis.,SUPPORTS,scifact,PubMed_38355793: A20 is overexpressed in glioma cells and may serve as a potential therapeutic target.,"{""original_id"": 1404, ""doc_id"": 38355793, ""doc_title"": ""A20 is overexpressed in glioma cells and may serve as a potential therapeutic target."", ""sentence_indices"": [7], ""is_grounded"": true}"
scifact_train_1404_doc38355793_rat1,siRNA knockdown of A20 slows tumor progression in an in vivo murine xenograft model.,"In a mouse tumor model, local administration of siRNA significantly suppressed solid tumor growth.",SUPPORTS,scifact,PubMed_38355793: A20 is overexpressed in glioma cells and may serve as a potential therapeutic target.,"{""original_id"": 1404, ""doc_id"": 38355793, ""doc_title"": ""A20 is overexpressed in glioma cells and may serve as a potential therapeutic target."", ""sentence_indices"": [8], ""is_grounded"": true}"
scifact_train_1404_doc38355793_rat2,siRNA knockdown of A20 slows tumor progression in an in vivo murine xenograft model.,"CONCLUSIONS A20 was overexpressed both in human glioma tissues and cell lines, and inhibiting A20 expression greatly slowed tumor cell growth in culture and in mice.",SUPPORTS,scifact,PubMed_38355793: A20 is overexpressed in glioma cells and may serve as a potential therapeutic target.,"{""original_id"": 1404, ""doc_id"": 38355793, ""doc_title"": ""A20 is overexpressed in glioma cells and may serve as a potential therapeutic target."", ""sentence_indices"": [9], ""is_grounded"": true}"
scifact_train_1405,taa1 tar1 tar2 triple mutants in Arabidopsis do not make root meristem during embryogenesis.,,NOT_ENOUGH_INFO,scifact,Docs: 10504681,"{""original_id"": 1405, ""cited_doc_ids"": [10504681], ""is_grounded"": false}"
scifact_train_1406_doc2617858_rat0,β-sheet opening occurs during pleurotolysin pore formation.,"The major conformational changes in PlyB are a ∼70° opening of the bent and distorted central β-sheet of the MACPF domain, accompanied by extrusion and refolding of two α-helical regions into transmembrane β-hairpins (TMH1 and TMH2).",SUPPORTS,scifact,PubMed_2617858: Conformational Changes during Pore Formation by the Perforin-Related Protein Pleurotolysin,"{""original_id"": 1406, ""doc_id"": 2617858, ""doc_title"": ""Conformational Changes during Pore Formation by the Perforin-Related Protein Pleurotolysin"", ""sentence_indices"": [4], ""is_grounded"": true}"
scifact_train_1407,β1/Ketel is able to bind microtubules.,,NOT_ENOUGH_INFO,scifact,"Docs: 8087082,29863668","{""original_id"": 1407, ""cited_doc_ids"": [8087082, 29863668], ""is_grounded"": false}"
